kind,mxcheatui_asset_path,blueprint_stem,class_ref_C,in_session_save_221210,session_combat_v1,e_primal_item_type_guess,game_state_enum_hooks,gaia_searchable,notes
item,/Game/Aberration/CoreBlueprints/Items/Armor/HazardSuit/PrimalItemArmor_HazardSuitBoots,PrimalItemArmor_HazardSuitBoots,PrimalItemArmor_HazardSuitBoots_C,Y,N,Equipment,EPrimalItemType:Equipment; EPrimalMilestoneType:Craft,Y,
item,/Game/Aberration/CoreBlueprints/Items/Armor/HazardSuit/PrimalItemArmor_HazardSuitGloves,PrimalItemArmor_HazardSuitGloves,PrimalItemArmor_HazardSuitGloves_C,Y,N,Equipment,EPrimalItemType:Equipment; EPrimalMilestoneType:Craft,Y,
item,/Game/Aberration/CoreBlueprints/Items/Armor/HazardSuit/PrimalItemArmor_HazardSuitHelmet,PrimalItemArmor_HazardSuitHelmet,PrimalItemArmor_HazardSuitHelmet_C,Y,N,Equipment,EPrimalItemType:Equipment; EPrimalMilestoneType:Craft,Y,
item,/Game/Aberration/CoreBlueprints/Items/Armor/HazardSuit/PrimalItemArmor_HazardSuitPants,PrimalItemArmor_HazardSuitPants,PrimalItemArmor_HazardSuitPants_C,Y,N,Equipment,EPrimalItemType:Equipment; EPrimalMilestoneType:Craft,Y,
item,/Game/Aberration/CoreBlueprints/Items/Armor/HazardSuit/PrimalItemArmor_HazardSuitShirt,PrimalItemArmor_HazardSuitShirt,PrimalItemArmor_HazardSuitShirt_C,Y,N,Equipment,EPrimalItemType:Equipment; EPrimalMilestoneType:Craft,Y,
item,/Game/Aberration/CoreBlueprints/Items/Armor/PrimalItemArmor_Glider,PrimalItemArmor_Glider,PrimalItemArmor_Glider_C,Y,N,Equipment,EPrimalItemType:Equipment; EPrimalMilestoneType:Craft,Y,
item,/Game/Aberration/CoreBlueprints/Items/Armor/PrimalItemArmor_ZiplineMotor,PrimalItemArmor_ZiplineMotor,PrimalItemArmor_ZiplineMotor_C,Y,N,Equipment,EPrimalItemType:Equipment; EPrimalMilestoneType:Craft,Y,
item,/Game/Aberration/CoreBlueprints/Items/Consumables/PrimalItem_LampOil,PrimalItem_LampOil,PrimalItem_LampOil_C,N,N,MiscConsumable,EPrimalItemType:MiscConsumable; EPrimalMilestoneType:Craft,Y,
item,/Game/Aberration/CoreBlueprints/Items/Consumables/PrimalItemConsumable_Egg_Basilisk,PrimalItemConsumable_Egg_Basilisk,PrimalItemConsumable_Egg_Basilisk_C,N,N,MiscConsumable,EPrimalItemType:MiscConsumable; EPrimalMilestoneType:Craft,Y,
item,/Game/Aberration/CoreBlueprints/Items/Consumables/PrimalItemConsumable_Egg_LanternBird,PrimalItemConsumable_Egg_LanternBird,PrimalItemConsumable_Egg_LanternBird_C,N,N,MiscConsumable,EPrimalItemType:MiscConsumable; EPrimalMilestoneType:Craft,Y,
item,/Game/Aberration/CoreBlueprints/Items/Consumables/PrimalItemConsumable_Egg_LanternBird_Fertilized,PrimalItemConsumable_Egg_LanternBird_Fertilized,PrimalItemConsumable_Egg_LanternBird_Fertilized_C,N,N,MiscConsumable,EPrimalItemType:MiscConsumable; EPrimalMilestoneType:Craft,Y,
item,/Game/Aberration/CoreBlueprints/Items/Consumables/PrimalItemConsumable_Egg_LanternLizard,PrimalItemConsumable_Egg_LanternLizard,PrimalItemConsumable_Egg_LanternLizard_C,N,N,MiscConsumable,EPrimalItemType:MiscConsumable; EPrimalMilestoneType:Craft,Y,
item,/Game/Aberration/CoreBlueprints/Items/Consumables/PrimalItemConsumable_Egg_LanternLizard_Fertilized,PrimalItemConsumable_Egg_LanternLizard_Fertilized,PrimalItemConsumable_Egg_LanternLizard_Fertilized_C,N,N,MiscConsumable,EPrimalItemType:MiscConsumable; EPrimalMilestoneType:Craft,Y,
item,/Game/Aberration/CoreBlueprints/Items/Consumables/PrimalItemConsumable_Kibble_LanternBirdEgg,PrimalItemConsumable_Kibble_LanternBirdEgg,PrimalItemConsumable_Kibble_LanternBirdEgg_C,N,N,MiscConsumable,EPrimalItemType:MiscConsumable; EPrimalMilestoneType:Craft,Y,
item,/Game/Aberration/CoreBlueprints/Items/Consumables/PrimalItemConsumable_Kibble_LanternLizardEgg,PrimalItemConsumable_Kibble_LanternLizardEgg,PrimalItemConsumable_Kibble_LanternLizardEgg_C,N,N,MiscConsumable,EPrimalItemType:MiscConsumable; EPrimalMilestoneType:Craft,Y,
item,/Game/Aberration/CoreBlueprints/Items/Consumables/PrimalItemConsumable_Kibble_RockDrakeEgg,PrimalItemConsumable_Kibble_RockDrakeEgg,PrimalItemConsumable_Kibble_RockDrakeEgg_C,N,N,MiscConsumable,EPrimalItemType:MiscConsumable; EPrimalMilestoneType:Craft,Y,
item,/Game/Aberration/CoreBlueprints/Items/Consumables/PrimalItemConsumable_Mushroom_Aquatic,PrimalItemConsumable_Mushroom_Aquatic,PrimalItemConsumable_Mushroom_Aquatic_C,N,N,MiscConsumable,EPrimalItemType:MiscConsumable; EPrimalMilestoneType:Craft,Y,
item,/Game/Aberration/CoreBlueprints/Items/Consumables/PrimalItemConsumable_Mushroom_Ascerbic,PrimalItemConsumable_Mushroom_Ascerbic,PrimalItemConsumable_Mushroom_Ascerbic_C,N,N,MiscConsumable,EPrimalItemType:MiscConsumable; EPrimalMilestoneType:Craft,Y,
item,/Game/Aberration/CoreBlueprints/Items/Consumables/PrimalItemConsumable_Mushroom_Auric,PrimalItemConsumable_Mushroom_Auric,PrimalItemConsumable_Mushroom_Auric_C,N,N,MiscConsumable,EPrimalItemType:MiscConsumable; EPrimalMilestoneType:Craft,Y,
item,/Game/Aberration/CoreBlueprints/Items/Consumables/PrimalItemConsumable_Soup_MushroomSoup,PrimalItemConsumable_Soup_MushroomSoup,PrimalItemConsumable_Soup_MushroomSoup_C,Y,N,MiscConsumable,EPrimalItemType:MiscConsumable; EPrimalMilestoneType:Craft,Y,
item,/Game/Aberration/CoreBlueprints/Items/Consumables/PrimalItemResource_CommonMushroom,PrimalItemResource_CommonMushroom,PrimalItemResource_CommonMushroom_C,N,N,Resource,EPrimalItemType:Resource; EPrimalMilestoneType:Craft,Y,
item,/Game/Aberration/CoreBlueprints/Items/Structures/PrimalItemStructure_Furniture_Rug,PrimalItemStructure_Furniture_Rug,PrimalItemStructure_Furniture_Rug_C,Y,N,Structure,EPrimalItemType:Structure; EPrimalMilestoneType:Craft,Y,
item,/Game/Aberration/CoreBlueprints/Items/Trophies/PrimalItemStructure_Flag_Rockwell,PrimalItemStructure_Flag_Rockwell,PrimalItemStructure_Flag_Rockwell_C,N,N,Structure,EPrimalItemType:Structure; EPrimalMilestoneType:Craft,Y,
item,/Game/Aberration/CoreBlueprints/Items/Trophies/PrimalItemTrophy_Rockwell,PrimalItemTrophy_Rockwell,PrimalItemTrophy_Rockwell_C,N,N,,EPrimalMilestoneType:Craft,Y,
item,/Game/Aberration/CoreBlueprints/Items/Trophies/PrimalItemTrophy_Rockwell_Beta,PrimalItemTrophy_Rockwell_Beta,PrimalItemTrophy_Rockwell_Beta_C,N,N,,EPrimalMilestoneType:Craft,Y,
item,/Game/Aberration/CoreBlueprints/Items/Trophies/PrimalItemTrophy_Rockwell_Beta_Alpha,PrimalItemTrophy_Rockwell_Beta_Alpha,PrimalItemTrophy_Rockwell_Beta_Alpha_C,N,N,,EPrimalMilestoneType:Craft,Y,
item,/Game/Aberration/CoreBlueprints/Resources/PrimalItemConsumable_NamelessVenom,PrimalItemConsumable_NamelessVenom,PrimalItemConsumable_NamelessVenom_C,N,N,Resource,EPrimalItemType:Resource; EPrimalMilestoneType:Craft,Y,
item,/Game/Aberration/CoreBlueprints/Resources/PrimalItemResource_ApexDrop_Basilisk,PrimalItemResource_ApexDrop_Basilisk,PrimalItemResource_ApexDrop_Basilisk_C,N,N,Resource,EPrimalItemType:Resource; EPrimalMilestoneType:Craft,Y,
item,/Game/Aberration/CoreBlueprints/Resources/PrimalItemResource_ApexDrop_Basilisk_Alpha,PrimalItemResource_ApexDrop_Basilisk_Alpha,PrimalItemResource_ApexDrop_Basilisk_Alpha_C,N,N,Resource,EPrimalItemType:Resource; EPrimalMilestoneType:Craft,Y,
item,/Game/Aberration/CoreBlueprints/Resources/PrimalItemResource_ApexDrop_CrabClaw,PrimalItemResource_ApexDrop_CrabClaw,PrimalItemResource_ApexDrop_CrabClaw_C,N,N,Resource,EPrimalItemType:Resource; EPrimalMilestoneType:Craft,Y,
item,/Game/Aberration/CoreBlueprints/Resources/PrimalItemResource_ApexDrop_ReaperBarb,PrimalItemResource_ApexDrop_ReaperBarb,PrimalItemResource_ApexDrop_ReaperBarb_C,N,N,Resource,EPrimalItemType:Resource; EPrimalMilestoneType:Craft,Y,
item,/Game/Aberration/CoreBlueprints/Resources/PrimalItemResource_ApexDrop_RockDrake,PrimalItemResource_ApexDrop_RockDrake,PrimalItemResource_ApexDrop_RockDrake_C,N,N,Resource,EPrimalItemType:Resource; EPrimalMilestoneType:Craft,Y,
item,/Game/Aberration/CoreBlueprints/Resources/PrimalItemResource_Charge,PrimalItemResource_Charge,PrimalItemResource_Charge_C,N,N,Resource,EPrimalItemType:Resource; EPrimalMilestoneType:Craft,Y,
item,/Game/Aberration/CoreBlueprints/Resources/PrimalItemResource_ElementOre,PrimalItemResource_ElementOre,PrimalItemResource_ElementOre_C,N,N,Resource,EPrimalItemType:Resource; EPrimalMilestoneType:Craft,Y,
item,/Game/Aberration/CoreBlueprints/Resources/PrimalItemResource_FungalWood,PrimalItemResource_FungalWood,PrimalItemResource_FungalWood_C,N,N,Resource,EPrimalItemType:Resource; EPrimalMilestoneType:Craft,Y,
item,/Game/Aberration/CoreBlueprints/Resources/PrimalItemResource_Gas,PrimalItemResource_Gas,PrimalItemResource_Gas_C,Y,N,Resource,EPrimalItemType:Resource; EPrimalMilestoneType:Craft,Y,
item,/Game/Aberration/CoreBlueprints/Resources/PrimalItemResource_Gem_BioLum,PrimalItemResource_Gem_BioLum,PrimalItemResource_Gem_BioLum_C,N,N,Resource,EPrimalItemType:Resource; EPrimalMilestoneType:Craft,Y,
item,/Game/Aberration/CoreBlueprints/Resources/PrimalItemResource_Gem_Element,PrimalItemResource_Gem_Element,PrimalItemResource_Gem_Element_C,N,N,Resource,EPrimalItemType:Resource; EPrimalMilestoneType:Craft,Y,
item,/Game/Aberration/CoreBlueprints/Resources/PrimalItemResource_Gem_Fertile,PrimalItemResource_Gem_Fertile,PrimalItemResource_Gem_Fertile_C,N,N,Resource,EPrimalItemType:Resource; EPrimalMilestoneType:Craft,Y,
item,/Game/Aberration/CoreBlueprints/Resources/PrimalItemResource_XenomorphPheromoneGland,PrimalItemResource_XenomorphPheromoneGland,PrimalItemResource_XenomorphPheromoneGland_C,N,N,Resource,EPrimalItemType:Resource; EPrimalMilestoneType:Craft,Y,
item,/Game/Aberration/CoreBlueprints/Weapons/PrimalItem_WeaponClimbPick,PrimalItem_WeaponClimbPick,PrimalItem_WeaponClimbPick_C,Y,N,Weapon,EPrimalItemType:Weapon; EPrimalMilestoneType:Craft; EPrimalMilestoneType:Kill,Y,
item,/Game/Aberration/CoreBlueprints/Weapons/PrimalItemAmmo_Zipline,PrimalItemAmmo_Zipline,PrimalItemAmmo_Zipline_C,Y,N,Ammo,EPrimalItemType:Ammo; EPrimalMilestoneType:Craft; EPrimalMilestoneType:Kill,Y,
item,/Game/Aberration/Dinos/Basilisk/PrimalItemArmor_BasiliskSaddle,PrimalItemArmor_BasiliskSaddle,PrimalItemArmor_BasiliskSaddle_C,Y,N,Equipment,EPrimalItemType:Equipment; EPrimalMilestoneType:Craft,Y,
item,/Game/Aberration/Dinos/CaveWolf/PrimalItemArmor_CavewolfPromoSaddle,PrimalItemArmor_CavewolfPromoSaddle,PrimalItemArmor_CavewolfPromoSaddle_C,N,N,Equipment,EPrimalItemType:Equipment; EPrimalMilestoneType:Craft,Y,
item,/Game/Aberration/Dinos/CaveWolf/PrimalItemArmor_CavewolfSaddle,PrimalItemArmor_CavewolfSaddle,PrimalItemArmor_CavewolfSaddle_C,Y,N,Equipment,EPrimalItemType:Equipment; EPrimalMilestoneType:Craft,Y,
item,/Game/Aberration/Dinos/Crab/PrimalItemArmor_CrabSaddle,PrimalItemArmor_CrabSaddle,PrimalItemArmor_CrabSaddle_C,Y,N,Equipment,EPrimalItemType:Equipment; EPrimalMilestoneType:Craft,Y,
item,/Game/Aberration/Dinos/MoleRat/PrimalItemArmor_MoleRatSaddle,PrimalItemArmor_MoleRatSaddle,PrimalItemArmor_MoleRatSaddle_C,Y,N,Equipment,EPrimalItemType:Equipment; EPrimalMilestoneType:Craft,Y,
item,/Game/Aberration/Dinos/RockDrake/PrimalItemArmor_RockDrakeSaddle,PrimalItemArmor_RockDrakeSaddle,PrimalItemArmor_RockDrakeSaddle_C,Y,N,Equipment,EPrimalItemType:Equipment; EPrimalMilestoneType:Craft,Y,
item,/Game/Aberration/Dinos/RockDrake/PrimalItemArmor_RockDrakeSaddle_Tek,PrimalItemArmor_RockDrakeSaddle_Tek,PrimalItemArmor_RockDrakeSaddle_Tek_C,Y,N,Equipment,EPrimalItemType:Equipment; EPrimalMilestoneType:Craft,Y,
item,/Game/Aberration/Dinos/RockDrake/PrimalItemConsumable_Egg_RockDrake,PrimalItemConsumable_Egg_RockDrake,PrimalItemConsumable_Egg_RockDrake_C,N,N,MiscConsumable,EPrimalItemType:MiscConsumable; EPrimalMilestoneType:Craft,Y,
item,/Game/Aberration/Dinos/RockDrake/PrimalItemConsumable_Egg_RockDrake_Fertilized,PrimalItemConsumable_Egg_RockDrake_Fertilized,PrimalItemConsumable_Egg_RockDrake_Fertilized_C,N,N,MiscConsumable,EPrimalItemType:MiscConsumable; EPrimalMilestoneType:Craft,Y,
item,/Game/Aberration/Structures/CarnivorousPlant/PrimalItemConsumable_Seed_Carnivorous_Plant,PrimalItemConsumable_Seed_Carnivorous_Plant,PrimalItemConsumable_Seed_Carnivorous_Plant_C,N,N,Structure,EPrimalItemType:Structure; EPrimalMilestoneType:Craft,Y,
item,/Game/Aberration/Structures/CarnivorousPlant/PrimalItemStructure_Carnivorous_Plant_Trap,PrimalItemStructure_Carnivorous_Plant_Trap,PrimalItemStructure_Carnivorous_Plant_Trap_C,N,N,Structure,EPrimalItemType:Structure; EPrimalMilestoneType:Craft,Y,
item,/Game/Aberration/Structures/CliffPlatforms/Metal_CliffPlatform/PrimalItemStructure_Metal_CliffPlatform,PrimalItemStructure_Metal_CliffPlatform,PrimalItemStructure_Metal_CliffPlatform_C,Y,N,Structure,EPrimalItemType:Structure; EPrimalMilestoneType:Craft,Y,
item,/Game/Aberration/Structures/CliffPlatforms/Stone_CliffPlatform/PrimalItemStructure_Stone_CliffPlatform,PrimalItemStructure_Stone_CliffPlatform,PrimalItemStructure_Stone_CliffPlatform_C,Y,N,Structure,EPrimalItemType:Structure; EPrimalMilestoneType:Craft,Y,
item,/Game/Aberration/Structures/CliffPlatforms/Wood_CliffPlatform/PrimalItemStructure_Wood_CliffPlatform,PrimalItemStructure_Wood_CliffPlatform,PrimalItemStructure_Wood_CliffPlatform_C,Y,N,Structure,EPrimalItemType:Structure; EPrimalMilestoneType:Craft,Y,
item,/Game/Aberration/Structures/GasCollector/PrimalItemStructure_GasCollector,PrimalItemStructure_GasCollector,PrimalItemStructure_GasCollector_C,Y,N,Structure,EPrimalItemType:Structure; EPrimalMilestoneType:Craft,Y,
item,/Game/Aberration/Structures/PortableRopeLadder/PrimalItemStructure_PortableLadder,PrimalItemStructure_PortableLadder,PrimalItemStructure_PortableLadder_C,Y,N,Structure,EPrimalItemType:Structure; EPrimalMilestoneType:Craft,Y,
item,/Game/Aberration/Structures/PrimitiveElevator/PrimalItemStructure_WoodElevatorPlatform_Large,PrimalItemStructure_WoodElevatorPlatform_Large,PrimalItemStructure_WoodElevatorPlatform_Large_C,Y,N,Structure,EPrimalItemType:Structure; EPrimalMilestoneType:Craft,Y,
item,/Game/Aberration/Structures/PrimitiveElevator/PrimalItemStructure_WoodElevatorPlatform_Medium,PrimalItemStructure_WoodElevatorPlatform_Medium,PrimalItemStructure_WoodElevatorPlatform_Medium_C,Y,N,Structure,EPrimalItemType:Structure; EPrimalMilestoneType:Craft,Y,
item,/Game/Aberration/Structures/PrimitiveElevator/PrimalItemStructure_WoodElevatorPlatform_Small,PrimalItemStructure_WoodElevatorPlatform_Small,PrimalItemStructure_WoodElevatorPlatform_Small_C,Y,N,Structure,EPrimalItemType:Structure; EPrimalMilestoneType:Craft,Y,
item,/Game/Aberration/Structures/PrimitiveElevator/PrimalItemStructure_WoodElevatorTopSwitch,PrimalItemStructure_WoodElevatorTopSwitch,PrimalItemStructure_WoodElevatorTopSwitch_C,N,N,Structure,EPrimalItemType:Structure; EPrimalMilestoneType:Craft,Y,
item,/Game/Aberration/Structures/PrimitiveElevator/PrimalItemStructure_WoodElevatorTrack,PrimalItemStructure_WoodElevatorTrack,PrimalItemStructure_WoodElevatorTrack_C,Y,N,Structure,EPrimalItemType:Structure; EPrimalMilestoneType:Craft,Y,
item,/Game/Aberration/WeaponGlowStickCharge/PrimalItem_ChargeBattery,PrimalItem_ChargeBattery,PrimalItem_ChargeBattery_C,Y,N,Weapon,EPrimalItemType:Weapon; EPrimalMilestoneType:Craft; EPrimalMilestoneType:Kill,Y,
item,/Game/Aberration/WeaponGlowStickThrow/PrimalItem_GlowStick,PrimalItem_GlowStick,PrimalItem_GlowStick_C,Y,N,Weapon,EPrimalItemType:Weapon; EPrimalMilestoneType:Craft; EPrimalMilestoneType:Kill,Y,
item,/Game/Aberration/WeaponPlantSpeciesZ/PrimalItem_PlantSpeciesZ_Grenade,PrimalItem_PlantSpeciesZ_Grenade,PrimalItem_PlantSpeciesZ_Grenade_C,Y,N,Weapon,EPrimalItemType:Weapon; EPrimalMilestoneType:Craft; EPrimalMilestoneType:Kill,Y,
item,/Game/Aberration/WeaponPlantSpeciesZ/PrimalItemConsumable_Seed_PlantSpeciesZ,PrimalItemConsumable_Seed_PlantSpeciesZ,PrimalItemConsumable_Seed_PlantSpeciesZ_C,N,N,Weapon,EPrimalItemType:Weapon; EPrimalMilestoneType:Craft; EPrimalMilestoneType:Kill,Y,
item,/Game/Aberration/WeaponPlantSpeciesZ/PrimalItemConsumable_Seed_PlantSpeciesZ_SpeedHack,PrimalItemConsumable_Seed_PlantSpeciesZ_SpeedHack,PrimalItemConsumable_Seed_PlantSpeciesZ_SpeedHack_C,N,N,Weapon,EPrimalItemType:Weapon; EPrimalMilestoneType:Craft; EPrimalMilestoneType:Kill,Y,
item,/Game/Aberration/WeaponRadioactiveLanternCharge/PrimalItem_WeaponRadioactiveLanternCharge,PrimalItem_WeaponRadioactiveLanternCharge,PrimalItem_WeaponRadioactiveLanternCharge_C,Y,N,Weapon,EPrimalItemType:Weapon; EPrimalMilestoneType:Craft; EPrimalMilestoneType:Kill,Y,
item,/Game/Aberration/WeaponTekSniper/PrimalItem_TekSniper,PrimalItem_TekSniper,PrimalItem_TekSniper_C,Y,N,Weapon,EPrimalItemType:Weapon; EPrimalMilestoneType:Craft; EPrimalMilestoneType:Kill,Y,
item,/Game/Aberration/WeaponTracerRoundAmmo/PrimalItemAmmo_TracerRound,PrimalItemAmmo_TracerRound,PrimalItemAmmo_TracerRound_C,N,N,Ammo,EPrimalItemType:Ammo; EPrimalMilestoneType:Craft; EPrimalMilestoneType:Kill,Y,
item,/Game/Aberration/WeaponTripwireFlare/PrimalItem_WeaponTripwireFlare,PrimalItem_WeaponTripwireFlare,PrimalItem_WeaponTripwireFlare_C,N,N,Weapon,EPrimalItemType:Weapon; EPrimalMilestoneType:Craft; EPrimalMilestoneType:Kill,Y,
item,/Game/ASA/Blueprints/BoneAttachments/PrimalItemTrophy_Skeleton_Arm01,PrimalItemTrophy_Skeleton_Arm01,PrimalItemTrophy_Skeleton_Arm01_C,N,N,WeaponAttachment,EPrimalItemType:WeaponAttachment; EPrimalMilestoneType:Craft,Y,
item,/Game/ASA/Blueprints/BoneAttachments/PrimalItemTrophy_Skeleton_Bone01,PrimalItemTrophy_Skeleton_Bone01,PrimalItemTrophy_Skeleton_Bone01_C,N,N,WeaponAttachment,EPrimalItemType:WeaponAttachment; EPrimalMilestoneType:Craft,Y,
item,/Game/ASA/Blueprints/BoneAttachments/PrimalItemTrophy_Skeleton_Bone02,PrimalItemTrophy_Skeleton_Bone02,PrimalItemTrophy_Skeleton_Bone02_C,N,N,WeaponAttachment,EPrimalItemType:WeaponAttachment; EPrimalMilestoneType:Craft,Y,
item,/Game/ASA/Blueprints/BoneAttachments/PrimalItemTrophy_Skeleton_Bones01,PrimalItemTrophy_Skeleton_Bones01,PrimalItemTrophy_Skeleton_Bones01_C,N,N,WeaponAttachment,EPrimalItemType:WeaponAttachment; EPrimalMilestoneType:Craft,Y,
item,/Game/ASA/Blueprints/BoneAttachments/PrimalItemTrophy_Skeleton_Bones02,PrimalItemTrophy_Skeleton_Bones02,PrimalItemTrophy_Skeleton_Bones02_C,N,N,WeaponAttachment,EPrimalItemType:WeaponAttachment; EPrimalMilestoneType:Craft,Y,
item,/Game/ASA/Blueprints/BoneAttachments/PrimalItemTrophy_Skeleton_Bones03,PrimalItemTrophy_Skeleton_Bones03,PrimalItemTrophy_Skeleton_Bones03_C,N,N,WeaponAttachment,EPrimalItemType:WeaponAttachment; EPrimalMilestoneType:Craft,Y,
item,/Game/ASA/Blueprints/BoneAttachments/PrimalItemTrophy_Skeleton_Femur01,PrimalItemTrophy_Skeleton_Femur01,PrimalItemTrophy_Skeleton_Femur01_C,N,N,WeaponAttachment,EPrimalItemType:WeaponAttachment; EPrimalMilestoneType:Craft,Y,
item,/Game/ASA/Blueprints/BoneAttachments/PrimalItemTrophy_Skeleton_Foot01,PrimalItemTrophy_Skeleton_Foot01,PrimalItemTrophy_Skeleton_Foot01_C,N,N,WeaponAttachment,EPrimalItemType:WeaponAttachment; EPrimalMilestoneType:Craft,Y,
item,/Game/ASA/Blueprints/BoneAttachments/PrimalItemTrophy_Skeleton_Forearm01,PrimalItemTrophy_Skeleton_Forearm01,PrimalItemTrophy_Skeleton_Forearm01_C,N,N,WeaponAttachment,EPrimalItemType:WeaponAttachment; EPrimalMilestoneType:Craft,Y,
item,/Game/ASA/Blueprints/BoneAttachments/PrimalItemTrophy_Skeleton_HalfLeg01,PrimalItemTrophy_Skeleton_HalfLeg01,PrimalItemTrophy_Skeleton_HalfLeg01_C,N,N,WeaponAttachment,EPrimalItemType:WeaponAttachment; EPrimalMilestoneType:Craft,Y,
item,/Game/ASA/Blueprints/BoneAttachments/PrimalItemTrophy_Skeleton_HalfLeg02_01,PrimalItemTrophy_Skeleton_HalfLeg02_01,PrimalItemTrophy_Skeleton_HalfLeg02_01_C,N,N,WeaponAttachment,EPrimalItemType:WeaponAttachment; EPrimalMilestoneType:Craft,Y,
item,/Game/ASA/Blueprints/BoneAttachments/PrimalItemTrophy_Skeleton_Hand01,PrimalItemTrophy_Skeleton_Hand01,PrimalItemTrophy_Skeleton_Hand01_C,N,N,WeaponAttachment,EPrimalItemType:WeaponAttachment; EPrimalMilestoneType:Craft,Y,
item,/Game/ASA/Blueprints/BoneAttachments/PrimalItemTrophy_Skeleton_Jaw01,PrimalItemTrophy_Skeleton_Jaw01,PrimalItemTrophy_Skeleton_Jaw01_C,N,N,WeaponAttachment,EPrimalItemType:WeaponAttachment; EPrimalMilestoneType:Craft,Y,
item,/Game/ASA/Blueprints/BoneAttachments/PrimalItemTrophy_Skeleton_Leg01,PrimalItemTrophy_Skeleton_Leg01,PrimalItemTrophy_Skeleton_Leg01_C,N,N,WeaponAttachment,EPrimalItemType:WeaponAttachment; EPrimalMilestoneType:Craft,Y,
item,/Game/ASA/Blueprints/BoneAttachments/PrimalItemTrophy_Skeleton_Pelvis01,PrimalItemTrophy_Skeleton_Pelvis01,PrimalItemTrophy_Skeleton_Pelvis01_C,N,N,WeaponAttachment,EPrimalItemType:WeaponAttachment; EPrimalMilestoneType:Craft,Y,
item,/Game/ASA/Blueprints/BoneAttachments/PrimalItemTrophy_Skeleton_Raptor_01,PrimalItemTrophy_Skeleton_Raptor_01,PrimalItemTrophy_Skeleton_Raptor_01_C,N,N,WeaponAttachment,EPrimalItemType:WeaponAttachment; EPrimalMilestoneType:Craft,Y,
item,/Game/ASA/Blueprints/BoneAttachments/PrimalItemTrophy_Skeleton_Raptor_02,PrimalItemTrophy_Skeleton_Raptor_02,PrimalItemTrophy_Skeleton_Raptor_02_C,N,N,WeaponAttachment,EPrimalItemType:WeaponAttachment; EPrimalMilestoneType:Craft,Y,
item,/Game/ASA/Blueprints/BoneAttachments/PrimalItemTrophy_Skeleton_Raptor_03,PrimalItemTrophy_Skeleton_Raptor_03,PrimalItemTrophy_Skeleton_Raptor_03_C,N,N,WeaponAttachment,EPrimalItemType:WeaponAttachment; EPrimalMilestoneType:Craft,Y,
item,/Game/ASA/Blueprints/BoneAttachments/PrimalItemTrophy_Skeleton_Raptor_04,PrimalItemTrophy_Skeleton_Raptor_04,PrimalItemTrophy_Skeleton_Raptor_04_C,N,N,WeaponAttachment,EPrimalItemType:WeaponAttachment; EPrimalMilestoneType:Craft,Y,
item,/Game/ASA/Blueprints/BoneAttachments/PrimalItemTrophy_Skeleton_Raptor_05,PrimalItemTrophy_Skeleton_Raptor_05,PrimalItemTrophy_Skeleton_Raptor_05_C,N,N,WeaponAttachment,EPrimalItemType:WeaponAttachment; EPrimalMilestoneType:Craft,Y,
item,/Game/ASA/Blueprints/BoneAttachments/PrimalItemTrophy_Skeleton_Raptor_06,PrimalItemTrophy_Skeleton_Raptor_06,PrimalItemTrophy_Skeleton_Raptor_06_C,N,N,WeaponAttachment,EPrimalItemType:WeaponAttachment; EPrimalMilestoneType:Craft,Y,
item,/Game/ASA/Blueprints/BoneAttachments/PrimalItemTrophy_Skeleton_Raptor_07,PrimalItemTrophy_Skeleton_Raptor_07,PrimalItemTrophy_Skeleton_Raptor_07_C,N,N,WeaponAttachment,EPrimalItemType:WeaponAttachment; EPrimalMilestoneType:Craft,Y,
item,/Game/ASA/Blueprints/BoneAttachments/PrimalItemTrophy_Skeleton_Raptor_08,PrimalItemTrophy_Skeleton_Raptor_08,PrimalItemTrophy_Skeleton_Raptor_08_C,N,N,WeaponAttachment,EPrimalItemType:WeaponAttachment; EPrimalMilestoneType:Craft,Y,
item,/Game/ASA/Blueprints/BoneAttachments/PrimalItemTrophy_Skeleton_Rex_01,PrimalItemTrophy_Skeleton_Rex_01,PrimalItemTrophy_Skeleton_Rex_01_C,N,N,WeaponAttachment,EPrimalItemType:WeaponAttachment; EPrimalMilestoneType:Craft,Y,
item,/Game/ASA/Blueprints/BoneAttachments/PrimalItemTrophy_Skeleton_Rex_02,PrimalItemTrophy_Skeleton_Rex_02,PrimalItemTrophy_Skeleton_Rex_02_C,N,N,WeaponAttachment,EPrimalItemType:WeaponAttachment; EPrimalMilestoneType:Craft,Y,
item,/Game/ASA/Blueprints/BoneAttachments/PrimalItemTrophy_Skeleton_Rex_03,PrimalItemTrophy_Skeleton_Rex_03,PrimalItemTrophy_Skeleton_Rex_03_C,N,N,WeaponAttachment,EPrimalItemType:WeaponAttachment; EPrimalMilestoneType:Craft,Y,
item,/Game/ASA/Blueprints/BoneAttachments/PrimalItemTrophy_Skeleton_Rex_04,PrimalItemTrophy_Skeleton_Rex_04,PrimalItemTrophy_Skeleton_Rex_04_C,N,N,WeaponAttachment,EPrimalItemType:WeaponAttachment; EPrimalMilestoneType:Craft,Y,
item,/Game/ASA/Blueprints/BoneAttachments/PrimalItemTrophy_Skeleton_Rex_05,PrimalItemTrophy_Skeleton_Rex_05,PrimalItemTrophy_Skeleton_Rex_05_C,N,N,WeaponAttachment,EPrimalItemType:WeaponAttachment; EPrimalMilestoneType:Craft,Y,
item,/Game/ASA/Blueprints/BoneAttachments/PrimalItemTrophy_Skeleton_Rex_06,PrimalItemTrophy_Skeleton_Rex_06,PrimalItemTrophy_Skeleton_Rex_06_C,N,N,WeaponAttachment,EPrimalItemType:WeaponAttachment; EPrimalMilestoneType:Craft,Y,
item,/Game/ASA/Blueprints/BoneAttachments/PrimalItemTrophy_Skeleton_Rex_07,PrimalItemTrophy_Skeleton_Rex_07,PrimalItemTrophy_Skeleton_Rex_07_C,N,N,WeaponAttachment,EPrimalItemType:WeaponAttachment; EPrimalMilestoneType:Craft,Y,
item,/Game/ASA/Blueprints/BoneAttachments/PrimalItemTrophy_Skeleton_Ribcage01,PrimalItemTrophy_Skeleton_Ribcage01,PrimalItemTrophy_Skeleton_Ribcage01_C,N,N,WeaponAttachment,EPrimalItemType:WeaponAttachment; EPrimalMilestoneType:Craft,Y,
item,/Game/ASA/Blueprints/BoneAttachments/PrimalItemTrophy_Skeleton_Skull01,PrimalItemTrophy_Skeleton_Skull01,PrimalItemTrophy_Skeleton_Skull01_C,N,N,WeaponAttachment,EPrimalItemType:WeaponAttachment; EPrimalMilestoneType:Craft,Y,
item,/Game/ASA/Blueprints/BoneAttachments/PrimalItemTrophy_Skeleton_Skull02,PrimalItemTrophy_Skeleton_Skull02,PrimalItemTrophy_Skeleton_Skull02_C,N,N,WeaponAttachment,EPrimalItemType:WeaponAttachment; EPrimalMilestoneType:Craft,Y,
item,/Game/ASA/Blueprints/BoneAttachments/PrimalItemTrophy_Skeleton_Skull03,PrimalItemTrophy_Skeleton_Skull03,PrimalItemTrophy_Skeleton_Skull03_C,N,N,WeaponAttachment,EPrimalItemType:WeaponAttachment; EPrimalMilestoneType:Craft,Y,
item,/Game/ASA/Blueprints/BoneAttachments/PrimalItemTrophy_Skeleton_Skull04,PrimalItemTrophy_Skeleton_Skull04,PrimalItemTrophy_Skeleton_Skull04_C,N,N,WeaponAttachment,EPrimalItemType:WeaponAttachment; EPrimalMilestoneType:Craft,Y,
item,/Game/ASA/Blueprints/BoneAttachments/PrimalItemTrophy_Skeleton_Skull05,PrimalItemTrophy_Skeleton_Skull05,PrimalItemTrophy_Skeleton_Skull05_C,N,N,WeaponAttachment,EPrimalItemType:WeaponAttachment; EPrimalMilestoneType:Craft,Y,
item,/Game/ASA/Blueprints/BoneAttachments/PrimalItemTrophy_Skeleton_Skull06,PrimalItemTrophy_Skeleton_Skull06,PrimalItemTrophy_Skeleton_Skull06_C,N,N,WeaponAttachment,EPrimalItemType:WeaponAttachment; EPrimalMilestoneType:Craft,Y,
item,/Game/ASA/Blueprints/BoneAttachments/PrimalItemTrophy_Skeleton_Skulls01,PrimalItemTrophy_Skeleton_Skulls01,PrimalItemTrophy_Skeleton_Skulls01_C,N,N,WeaponAttachment,EPrimalItemType:WeaponAttachment; EPrimalMilestoneType:Craft,Y,
item,/Game/ASA/Blueprints/BoneAttachments/PrimalItemTrophy_Skeleton_Stego,PrimalItemTrophy_Skeleton_Stego,PrimalItemTrophy_Skeleton_Stego_C,N,N,WeaponAttachment,EPrimalItemType:WeaponAttachment; EPrimalMilestoneType:Craft,Y,
item,/Game/ASA/Blueprints/BoneAttachments/PrimalItemTrophy_Skeleton_Stego_01,PrimalItemTrophy_Skeleton_Stego_01,PrimalItemTrophy_Skeleton_Stego_01_C,N,N,WeaponAttachment,EPrimalItemType:WeaponAttachment; EPrimalMilestoneType:Craft,Y,
item,/Game/ASA/Blueprints/BoneAttachments/PrimalItemTrophy_Skeleton_Stego_02,PrimalItemTrophy_Skeleton_Stego_02,PrimalItemTrophy_Skeleton_Stego_02_C,N,N,WeaponAttachment,EPrimalItemType:WeaponAttachment; EPrimalMilestoneType:Craft,Y,
item,/Game/ASA/Blueprints/BoneAttachments/PrimalItemTrophy_Skeleton_Stego_03,PrimalItemTrophy_Skeleton_Stego_03,PrimalItemTrophy_Skeleton_Stego_03_C,N,N,WeaponAttachment,EPrimalItemType:WeaponAttachment; EPrimalMilestoneType:Craft,Y,
item,/Game/ASA/Blueprints/BoneAttachments/PrimalItemTrophy_Skeleton_Stego_04,PrimalItemTrophy_Skeleton_Stego_04,PrimalItemTrophy_Skeleton_Stego_04_C,N,N,WeaponAttachment,EPrimalItemType:WeaponAttachment; EPrimalMilestoneType:Craft,Y,
item,/Game/ASA/Blueprints/BoneAttachments/PrimalItemTrophy_Skeleton_Stego_05,PrimalItemTrophy_Skeleton_Stego_05,PrimalItemTrophy_Skeleton_Stego_05_C,N,N,WeaponAttachment,EPrimalItemType:WeaponAttachment; EPrimalMilestoneType:Craft,Y,
item,/Game/ASA/Blueprints/BoneAttachments/PrimalItemTrophy_Skeleton_Stego_06,PrimalItemTrophy_Skeleton_Stego_06,PrimalItemTrophy_Skeleton_Stego_06_C,N,N,WeaponAttachment,EPrimalItemType:WeaponAttachment; EPrimalMilestoneType:Craft,Y,
item,/Game/ASA/Blueprints/BoneAttachments/PrimalItemTrophy_Skeleton_Stego_07,PrimalItemTrophy_Skeleton_Stego_07,PrimalItemTrophy_Skeleton_Stego_07_C,N,N,WeaponAttachment,EPrimalItemType:WeaponAttachment; EPrimalMilestoneType:Craft,Y,
item,/Game/ASA/Blueprints/BoneAttachments/PrimalItemTrophy_Skeleton_Stego_08,PrimalItemTrophy_Skeleton_Stego_08,PrimalItemTrophy_Skeleton_Stego_08_C,N,N,WeaponAttachment,EPrimalItemType:WeaponAttachment; EPrimalMilestoneType:Craft,Y,
item,/Game/ASA/Blueprints/BoneAttachments/PrimalItemTrophy_Skeleton_Stego_09,PrimalItemTrophy_Skeleton_Stego_09,PrimalItemTrophy_Skeleton_Stego_09_C,N,N,WeaponAttachment,EPrimalItemType:WeaponAttachment; EPrimalMilestoneType:Craft,Y,
item,/Game/ASA/Blueprints/BoneAttachments/PrimalItemTrophy_Skeleton_Trike_01,PrimalItemTrophy_Skeleton_Trike_01,PrimalItemTrophy_Skeleton_Trike_01_C,N,N,WeaponAttachment,EPrimalItemType:WeaponAttachment; EPrimalMilestoneType:Craft,Y,
item,/Game/ASA/Blueprints/BoneAttachments/PrimalItemTrophy_Skeleton_Trike_02,PrimalItemTrophy_Skeleton_Trike_02,PrimalItemTrophy_Skeleton_Trike_02_C,N,N,WeaponAttachment,EPrimalItemType:WeaponAttachment; EPrimalMilestoneType:Craft,Y,
item,/Game/ASA/Blueprints/BoneAttachments/PrimalItemTrophy_Skeleton_Trike_03,PrimalItemTrophy_Skeleton_Trike_03,PrimalItemTrophy_Skeleton_Trike_03_C,N,N,WeaponAttachment,EPrimalItemType:WeaponAttachment; EPrimalMilestoneType:Craft,Y,
item,/Game/ASA/Blueprints/BoneAttachments/PrimalItemTrophy_Skeleton_Trike_04,PrimalItemTrophy_Skeleton_Trike_04,PrimalItemTrophy_Skeleton_Trike_04_C,N,N,WeaponAttachment,EPrimalItemType:WeaponAttachment; EPrimalMilestoneType:Craft,Y,
item,/Game/ASA/Blueprints/BoneAttachments/PrimalItemTrophy_Skeleton_Trike_05,PrimalItemTrophy_Skeleton_Trike_05,PrimalItemTrophy_Skeleton_Trike_05_C,N,N,WeaponAttachment,EPrimalItemType:WeaponAttachment; EPrimalMilestoneType:Craft,Y,
item,/Game/ASA/Blueprints/BoneAttachments/PrimalItemTrophy_Skeleton_Trike_06,PrimalItemTrophy_Skeleton_Trike_06,PrimalItemTrophy_Skeleton_Trike_06_C,N,N,WeaponAttachment,EPrimalItemType:WeaponAttachment; EPrimalMilestoneType:Craft,Y,
item,/Game/ASA/Blueprints/BoneAttachments/PrimalItemTrophy_Skeleton_Trike_07,PrimalItemTrophy_Skeleton_Trike_07,PrimalItemTrophy_Skeleton_Trike_07_C,N,N,WeaponAttachment,EPrimalItemType:WeaponAttachment; EPrimalMilestoneType:Craft,Y,
item,/Game/ASA/Blueprints/BoneAttachments/PrimalItemTrophy_Skeleton_Trike_08,PrimalItemTrophy_Skeleton_Trike_08,PrimalItemTrophy_Skeleton_Trike_08_C,N,N,WeaponAttachment,EPrimalItemType:WeaponAttachment; EPrimalMilestoneType:Craft,Y,
item,/Game/ASA/Blueprints/BoneAttachments/PrimalItemTrophy_Skeleton_Trike_09,PrimalItemTrophy_Skeleton_Trike_09,PrimalItemTrophy_Skeleton_Trike_09_C,N,N,WeaponAttachment,EPrimalItemType:WeaponAttachment; EPrimalMilestoneType:Craft,Y,
item,/Game/ASA/Blueprints/BoneAttachments/PrimalItemTrophy_Skeleton_Trunk01,PrimalItemTrophy_Skeleton_Trunk01,PrimalItemTrophy_Skeleton_Trunk01_C,N,N,WeaponAttachment,EPrimalItemType:WeaponAttachment; EPrimalMilestoneType:Craft,Y,
item,/Game/ASA/Blueprints/BoneAttachments/PrimalItemTrophy_Skeleton_UpperTorso01,PrimalItemTrophy_Skeleton_UpperTorso01,PrimalItemTrophy_Skeleton_UpperTorso01_C,N,N,WeaponAttachment,EPrimalItemType:WeaponAttachment; EPrimalMilestoneType:Craft,Y,
item,/Game/ASA/Blueprints/BoneAttachments/PrimalItemTrophy_Skeleton_UpperTorso02,PrimalItemTrophy_Skeleton_UpperTorso02,PrimalItemTrophy_Skeleton_UpperTorso02_C,N,N,WeaponAttachment,EPrimalItemType:WeaponAttachment; EPrimalMilestoneType:Craft,Y,
item,/Game/ASA/Blueprints/BoneAttachments/PrimalItemTrophy_Skeleton_UpperTorso03,PrimalItemTrophy_Skeleton_UpperTorso03,PrimalItemTrophy_Skeleton_UpperTorso03_C,N,N,WeaponAttachment,EPrimalItemType:WeaponAttachment; EPrimalMilestoneType:Craft,Y,
item,/Game/ASA/Dinos/Archelon/Dinos/Consumables/PrimalItemConsumable_Veggie_TurtleAlgae_ASA,PrimalItemConsumable_Veggie_TurtleAlgae_ASA,PrimalItemConsumable_Veggie_TurtleAlgae_ASA_C,N,N,MiscConsumable,EPrimalItemType:MiscConsumable; EPrimalMilestoneType:Craft,Y,
item,/Game/ASA/Dinos/Archelon/Dinos/Consumables/PrimalItemConsumableEatable_Sushi_ASA,PrimalItemConsumableEatable_Sushi_ASA,PrimalItemConsumableEatable_Sushi_ASA_C,Y,N,MiscConsumable,EPrimalItemType:MiscConsumable; EPrimalMilestoneType:Craft,Y,
item,/Game/ASA/Dinos/Archelon/Dinos/Saddle/PrimalItem_Armor_Archelon_Saddle_ASA,PrimalItem_Armor_Archelon_Saddle_ASA,PrimalItem_Armor_Archelon_Saddle_ASA_C,Y,N,MiscConsumable,EPrimalItemType:MiscConsumable; EPrimalMilestoneType:Craft,Y,
item,/Game/ASA/Dinos/Cat/Furball/PrimalItemResource_Furball,PrimalItemResource_Furball,PrimalItemResource_Furball_C,N,N,Resource,EPrimalItemType:Resource; EPrimalMilestoneType:Craft,Y,
item,/Game/ASA/Dinos/Cat/PrimalItem_DeathEssence_BP_Cat,PrimalItem_DeathEssence_BP_Cat,PrimalItem_DeathEssence_BP_Cat_C,N,N,MiscConsumable,EPrimalItemType:MiscConsumable; EPrimalMilestoneType:Craft,Y,
item,/Game/ASA/Dinos/Ceratosaurus/Dinos/Cocktail/PrimalItemConsumable_HemogoblinCocktail_ASA,PrimalItemConsumable_HemogoblinCocktail_ASA,PrimalItemConsumable_HemogoblinCocktail_ASA_C,Y,N,MiscConsumable,EPrimalItemType:MiscConsumable; EPrimalMilestoneType:Craft,Y,
item,/Game/ASA/Dinos/Ceratosaurus/Dinos/PrimalItemResource_ApexDrop_Cerato_ASA,PrimalItemResource_ApexDrop_Cerato_ASA,PrimalItemResource_ApexDrop_Cerato_ASA_C,N,N,Resource,EPrimalItemType:Resource; EPrimalMilestoneType:Craft,Y,
item,/Game/ASA/Dinos/Ceratosaurus/Dinos/Saddle/PrimalItemArmor_CeratosaurusSaddle_ASA,PrimalItemArmor_CeratosaurusSaddle_ASA,PrimalItemArmor_CeratosaurusSaddle_ASA_C,Y,N,Equipment,EPrimalItemType:Equipment; EPrimalMilestoneType:Craft,Y,
item,/Game/ASA/Dinos/DarkPegasus/Cryo/PrimalItem_BlackHoleDino,PrimalItem_BlackHoleDino,PrimalItem_BlackHoleDino_C,N,N,MiscConsumable,EPrimalItemType:MiscConsumable; EPrimalMilestoneType:Craft,Y,
item,/Game/ASA/Dinos/DarkPegasus/Taming/PrimalItemStructure_DarkAltar,PrimalItemStructure_DarkAltar,PrimalItemStructure_DarkAltar_C,N,N,Structure,EPrimalItemType:Structure; EPrimalMilestoneType:Craft,Y,
item,/Game/ASA/Dinos/Deinosuchus/Saddle/PrimalItemArmor_Deinosuchus_Saddle_ASA,PrimalItemArmor_Deinosuchus_Saddle_ASA,PrimalItemArmor_Deinosuchus_Saddle_ASA_C,Y,N,Equipment,EPrimalItemType:Equipment; EPrimalMilestoneType:Craft,Y,
item,/Game/ASA/Dinos/Deinotherium/Dinos/Saddle/PrimalItemArmor_DeinotheriumSaddle_ASA,PrimalItemArmor_DeinotheriumSaddle_ASA,PrimalItemArmor_DeinotheriumSaddle_ASA_C,Y,N,Equipment,EPrimalItemType:Equipment; EPrimalMilestoneType:Craft,Y,
item,/Game/ASA/Dinos/Dreadnoughtus/PrimalItemArmor_DreadSaddle_Platform,PrimalItemArmor_DreadSaddle_Platform,PrimalItemArmor_DreadSaddle_Platform_C,Y,N,Equipment,EPrimalItemType:Equipment; EPrimalMilestoneType:Craft,Y,
item,/Game/ASA/Dinos/Fasolasuchus/PrimalItemArmor_FasolaSaddle,PrimalItemArmor_FasolaSaddle,PrimalItemArmor_FasolaSaddle_C,Y,N,Equipment,EPrimalItemType:Equipment; EPrimalMilestoneType:Craft,Y,
item,/Game/ASA/Dinos/FireLion/PrimalItemArmor_Saddle_FireLion,PrimalItemArmor_Saddle_FireLion,PrimalItemArmor_Saddle_FireLion_C,Y,N,Equipment,EPrimalItemType:Equipment; EPrimalMilestoneType:Craft,Y,
item,/Game/ASA/Dinos/FireLion/PrimalItemConsumable_CookedMeat_Jerky_FireLionCraftable,PrimalItemConsumable_CookedMeat_Jerky_FireLionCraftable,PrimalItemConsumable_CookedMeat_Jerky_FireLionCraftable_C,Y,N,MiscConsumable,EPrimalItemType:MiscConsumable; EPrimalMilestoneType:Craft,Y,
item,/Game/ASA/Dinos/FireLion/PrimalItemConsumable_CookedPrimeMeat_Jerky_FireLionCraftable,PrimalItemConsumable_CookedPrimeMeat_Jerky_FireLionCraftable,PrimalItemConsumable_CookedPrimeMeat_Jerky_FireLionCraftable_C,Y,N,MiscConsumable,EPrimalItemType:MiscConsumable; EPrimalMilestoneType:Craft,Y,
item,/Game/ASA/Dinos/Gigantoraptor/PrimalItemArmor_GigantoraptorSaddle,PrimalItemArmor_GigantoraptorSaddle,PrimalItemArmor_GigantoraptorSaddle_C,Y,N,Equipment,EPrimalItemType:Equipment; EPrimalMilestoneType:Craft,Y,
item,/Game/ASA/Dinos/Gigantoraptor/PrimalItemResource_GigantoraptorFeather,PrimalItemResource_GigantoraptorFeather,PrimalItemResource_GigantoraptorFeather_C,N,N,Resource,EPrimalItemType:Resource; EPrimalMilestoneType:Craft,Y,
item,/Game/ASA/Dinos/Maelizard/PrimalItemArmor_MaelizardSaddle,PrimalItemArmor_MaelizardSaddle,PrimalItemArmor_MaelizardSaddle_C,Y,N,Equipment,EPrimalItemType:Equipment; EPrimalMilestoneType:Craft,Y,
item,/Game/ASA/Dinos/Shastasaurus/PrimalItemArmor_ShastaSaddle_Submarine,PrimalItemArmor_ShastaSaddle_Submarine,PrimalItemArmor_ShastaSaddle_Submarine_C,Y,N,Equipment,EPrimalItemType:Equipment; EPrimalMilestoneType:Craft,Y,
item,/Game/ASA/Dinos/Xiphactinus/Dinos/Saddle/PrimalItemArmor_XiphSaddle_ASA,PrimalItemArmor_XiphSaddle_ASA,PrimalItemArmor_XiphSaddle_ASA_C,Y,N,Equipment,EPrimalItemType:Equipment; EPrimalMilestoneType:Craft,Y,
item,/Game/ASA/Dinos/YiLing/PrimalItemArmor_YiLingSaddle,PrimalItemArmor_YiLingSaddle,PrimalItemArmor_YiLingSaddle_C,Y,N,Equipment,EPrimalItemType:Equipment; EPrimalMilestoneType:Craft,Y,
item,/Game/ClubARk/Rewards/ColorVial/PrimalItemConsumable_ColorVial,PrimalItemConsumable_ColorVial,PrimalItemConsumable_ColorVial_C,N,N,MiscConsumable,EPrimalItemType:MiscConsumable; EPrimalMilestoneType:Craft,Y,
item,/Game/ClubARk/Rewards/RepairKit/Armor/PrimalItem_RepairKit_BootsOnly,PrimalItem_RepairKit_BootsOnly,PrimalItem_RepairKit_BootsOnly_C,N,N,Equipment,EPrimalItemType:Equipment; EPrimalMilestoneType:Craft,Y,
item,/Game/ClubARk/Rewards/RepairKit/Armor/PrimalItem_RepairKit_GlovesOnly,PrimalItem_RepairKit_GlovesOnly,PrimalItem_RepairKit_GlovesOnly_C,N,N,Equipment,EPrimalItemType:Equipment; EPrimalMilestoneType:Craft,Y,
item,/Game/ClubARk/Rewards/RepairKit/Armor/PrimalItem_RepairKit_HatOnly,PrimalItem_RepairKit_HatOnly,PrimalItem_RepairKit_HatOnly_C,N,N,Equipment,EPrimalItemType:Equipment; EPrimalMilestoneType:Craft,Y,
item,/Game/ClubARk/Rewards/RepairKit/Armor/PrimalItem_RepairKit_PantsOnly,PrimalItem_RepairKit_PantsOnly,PrimalItem_RepairKit_PantsOnly_C,N,N,Equipment,EPrimalItemType:Equipment; EPrimalMilestoneType:Craft,Y,
item,/Game/ClubARk/Rewards/RepairKit/Armor/PrimalItem_RepairKit_ShieldOnly,PrimalItem_RepairKit_ShieldOnly,PrimalItem_RepairKit_ShieldOnly_C,N,N,Equipment,EPrimalItemType:Equipment; EPrimalMilestoneType:Craft,Y,
item,/Game/ClubARk/Rewards/RepairKit/Armor/PrimalItem_RepairKit_ShirtOnly,PrimalItem_RepairKit_ShirtOnly,PrimalItem_RepairKit_ShirtOnly_C,N,N,Equipment,EPrimalItemType:Equipment; EPrimalMilestoneType:Craft,Y,
item,/Game/ClubARk/Rewards/RepairKit/Weapons/PrimalItem_RepairKit_WeaponsOnly,PrimalItem_RepairKit_WeaponsOnly,PrimalItem_RepairKit_WeaponsOnly_C,Y,N,Weapon,EPrimalItemType:Weapon; EPrimalMilestoneType:Craft; EPrimalMilestoneType:Kill,Y,
item,/Game/Extinction/CoreBlueprints/Items/Artifacts/PrimalItemArtifact_Extinction_DesertKaiju,PrimalItemArtifact_Extinction_DesertKaiju,PrimalItemArtifact_Extinction_DesertKaiju_C,N,N,Artifact,EPrimalItemType:Artifact; EPrimalMilestoneType:Craft,Y,
item,/Game/Extinction/CoreBlueprints/Items/Artifacts/PrimalItemArtifact_Extinction_ForestKaiju,PrimalItemArtifact_Extinction_ForestKaiju,PrimalItemArtifact_Extinction_ForestKaiju_C,N,N,Artifact,EPrimalItemType:Artifact; EPrimalMilestoneType:Craft,Y,
item,/Game/Extinction/CoreBlueprints/Items/Artifacts/PrimalItemArtifact_Extinction_IceKaiju,PrimalItemArtifact_Extinction_IceKaiju,PrimalItemArtifact_Extinction_IceKaiju_C,N,N,Artifact,EPrimalItemType:Artifact; EPrimalMilestoneType:Craft,Y,
item,/Game/Extinction/CoreBlueprints/Items/PrimalItem_Spawner_Enforcer,PrimalItem_Spawner_Enforcer,PrimalItem_Spawner_Enforcer_C,Y,N,MiscConsumable,EPrimalItemType:MiscConsumable; EPrimalMilestoneType:Craft,Y,
item,/Game/Extinction/CoreBlueprints/Items/PrimalItem_Spawner_Mek,PrimalItem_Spawner_Mek,PrimalItem_Spawner_Mek_C,Y,N,MiscConsumable,EPrimalItemType:MiscConsumable; EPrimalMilestoneType:Craft,Y,
item,/Game/Extinction/CoreBlueprints/Items/PrimalItemStructure_CryoFridge,PrimalItemStructure_CryoFridge,PrimalItemStructure_CryoFridge_C,Y,N,Structure,EPrimalItemType:Structure; EPrimalMilestoneType:Craft,Y,
item,/Game/Extinction/CoreBlueprints/Items/PrimalItemStructure_TaxidermyBase_Large,PrimalItemStructure_TaxidermyBase_Large,PrimalItemStructure_TaxidermyBase_Large_C,N,N,Structure,EPrimalItemType:Structure; EPrimalMilestoneType:Craft,Y,
item,/Game/Extinction/CoreBlueprints/Items/PrimalItemStructure_TaxidermyBase_Medium,PrimalItemStructure_TaxidermyBase_Medium,PrimalItemStructure_TaxidermyBase_Medium_C,N,N,Structure,EPrimalItemType:Structure; EPrimalMilestoneType:Craft,Y,
item,/Game/Extinction/CoreBlueprints/Items/PrimalItemStructure_TaxidermyBase_Small,PrimalItemStructure_TaxidermyBase_Small,PrimalItemStructure_TaxidermyBase_Small_C,Y,N,Structure,EPrimalItemType:Structure; EPrimalMilestoneType:Craft,Y,
item,/Game/Extinction/CoreBlueprints/Items/Saddle/PrimalItemArmor_DesertKaiju,PrimalItemArmor_DesertKaiju,PrimalItemArmor_DesertKaiju_C,N,N,Equipment,EPrimalItemType:Equipment; EPrimalMilestoneType:Craft,Y,
item,/Game/Extinction/CoreBlueprints/Items/Saddle/PrimalItemArmor_DreadSaddle_Platform,PrimalItemArmor_DreadSaddle_Platform,PrimalItemArmor_DreadSaddle_Platform_C,Y,N,Equipment,EPrimalItemType:Equipment; EPrimalMilestoneType:Craft,Y,
item,/Game/Extinction/CoreBlueprints/Items/Saddle/PrimalItemArmor_ForestKaiju,PrimalItemArmor_ForestKaiju,PrimalItemArmor_ForestKaiju_C,N,N,Equipment,EPrimalItemType:Equipment; EPrimalMilestoneType:Craft,Y,
item,/Game/Extinction/CoreBlueprints/Items/Saddle/PrimalItemArmor_GachaSaddle,PrimalItemArmor_GachaSaddle,PrimalItemArmor_GachaSaddle_C,Y,N,Equipment,EPrimalItemType:Equipment; EPrimalMilestoneType:Craft,Y,
item,/Game/Extinction/CoreBlueprints/Items/Saddle/PrimalItemArmor_GasBagsSaddle,PrimalItemArmor_GasBagsSaddle,PrimalItemArmor_GasBagsSaddle_C,Y,N,Equipment,EPrimalItemType:Equipment; EPrimalMilestoneType:Craft,Y,
item,/Game/Extinction/CoreBlueprints/Items/Saddle/PrimalItemArmor_IceJumperSaddle,PrimalItemArmor_IceJumperSaddle,PrimalItemArmor_IceJumperSaddle_C,Y,N,Equipment,EPrimalItemType:Equipment; EPrimalMilestoneType:Craft,Y,
item,/Game/Extinction/CoreBlueprints/Items/Saddle/PrimalItemArmor_IceKaiju,PrimalItemArmor_IceKaiju,PrimalItemArmor_IceKaiju_C,N,N,Equipment,EPrimalItemType:Equipment; EPrimalMilestoneType:Craft,Y,
item,/Game/Extinction/CoreBlueprints/Items/Saddle/PrimalItemArmor_MekBackpack_MissilePod,PrimalItemArmor_MekBackpack_MissilePod,PrimalItemArmor_MekBackpack_MissilePod_C,Y,N,Equipment,EPrimalItemType:Equipment; EPrimalMilestoneType:Craft,Y,
item,/Game/Extinction/CoreBlueprints/Items/Saddle/PrimalItemArmor_MekBackpack_Shield,PrimalItemArmor_MekBackpack_Shield,PrimalItemArmor_MekBackpack_Shield_C,Y,N,Equipment,EPrimalItemType:Equipment; EPrimalMilestoneType:Craft,Y,
item,/Game/Extinction/CoreBlueprints/Items/Saddle/PrimalItemArmor_MekBackpack_SiegeCannon,PrimalItemArmor_MekBackpack_SiegeCannon,PrimalItemArmor_MekBackpack_SiegeCannon_C,Y,N,Equipment,EPrimalItemType:Equipment; EPrimalMilestoneType:Craft,Y,
item,/Game/Extinction/CoreBlueprints/Items/Saddle/PrimalItemArmor_MekTransformer,PrimalItemArmor_MekTransformer,PrimalItemArmor_MekTransformer_C,Y,N,Equipment,EPrimalItemType:Equipment; EPrimalMilestoneType:Craft,Y,
item,/Game/Extinction/CoreBlueprints/Items/Saddle/PrimalItemArmor_OwlSaddle,PrimalItemArmor_OwlSaddle,PrimalItemArmor_OwlSaddle_C,Y,N,Equipment,EPrimalItemType:Equipment; EPrimalMilestoneType:Craft,Y,
item,/Game/Extinction/CoreBlueprints/Items/Saddle/PrimalItemArmor_SpindlesSaddle,PrimalItemArmor_SpindlesSaddle,PrimalItemArmor_SpindlesSaddle_C,Y,N,Equipment,EPrimalItemType:Equipment; EPrimalMilestoneType:Craft,Y,
item,/Game/Extinction/CoreBlueprints/Items/Skin/PrimalItemCostume_CorruptedGigant,PrimalItemCostume_CorruptedGigant,PrimalItemCostume_CorruptedGigant_C,N,N,Skin,EPrimalItemType:Skin; EPrimalMilestoneType:Craft,Y,
item,/Game/Extinction/CoreBlueprints/Items/Skin/PrimalItemCostume_CorruptedRex,PrimalItemCostume_CorruptedRex,PrimalItemCostume_CorruptedRex_C,N,N,Skin,EPrimalItemType:Skin; EPrimalMilestoneType:Craft,Y,
item,/Game/Extinction/CoreBlueprints/Items/Skin/PrimalItemSkin_HomoDeusBoots,PrimalItemSkin_HomoDeusBoots,PrimalItemSkin_HomoDeusBoots_C,N,N,Skin,EPrimalItemType:Skin; EPrimalMilestoneType:Craft,Y,
item,/Game/Extinction/CoreBlueprints/Items/Skin/PrimalItemSkin_HomoDeusGloves,PrimalItemSkin_HomoDeusGloves,PrimalItemSkin_HomoDeusGloves_C,N,N,Skin,EPrimalItemType:Skin; EPrimalMilestoneType:Craft,Y,
item,/Game/Extinction/CoreBlueprints/Items/Skin/PrimalItemSkin_HomoDeusHelmet,PrimalItemSkin_HomoDeusHelmet,PrimalItemSkin_HomoDeusHelmet_C,N,N,Skin,EPrimalItemType:Skin; EPrimalMilestoneType:Craft,Y,
item,/Game/Extinction/CoreBlueprints/Items/Skin/PrimalItemSkin_HomoDeusPants,PrimalItemSkin_HomoDeusPants,PrimalItemSkin_HomoDeusPants_C,N,N,Skin,EPrimalItemType:Skin; EPrimalMilestoneType:Craft,Y,
item,/Game/Extinction/CoreBlueprints/Items/Skin/PrimalItemSkin_HomoDeusShirt,PrimalItemSkin_HomoDeusShirt,PrimalItemSkin_HomoDeusShirt_C,Y,N,Skin,EPrimalItemType:Skin; EPrimalMilestoneType:Craft,Y,
item,/Game/Extinction/CoreBlueprints/Resources/PrimalItemResource_ApexDrop_GasBag,PrimalItemResource_ApexDrop_GasBag,PrimalItemResource_ApexDrop_GasBag_C,N,N,Resource,EPrimalItemType:Resource; EPrimalMilestoneType:Craft,Y,
item,/Game/Extinction/CoreBlueprints/Resources/PrimalItemResource_BlueSap,PrimalItemResource_BlueSap,PrimalItemResource_BlueSap_C,N,N,Resource,EPrimalItemType:Resource; EPrimalMilestoneType:Craft,Y,
item,/Game/Extinction/CoreBlueprints/Resources/PrimalItemResource_CondensedGas,PrimalItemResource_CondensedGas,PrimalItemResource_CondensedGas_C,N,N,Resource,EPrimalItemType:Resource; EPrimalMilestoneType:Craft,Y,
item,/Game/Extinction/CoreBlueprints/Resources/PrimalItemResource_CorruptedPolymer,PrimalItemResource_CorruptedPolymer,PrimalItemResource_CorruptedPolymer_C,N,N,Resource,EPrimalItemType:Resource; EPrimalMilestoneType:Craft,Y,
item,/Game/Extinction/CoreBlueprints/Resources/PrimalItemResource_CorruptedWood,PrimalItemResource_CorruptedWood,PrimalItemResource_CorruptedWood_C,N,N,Resource,EPrimalItemType:Resource; EPrimalMilestoneType:Craft,Y,
item,/Game/Extinction/CoreBlueprints/Resources/PrimalItemResource_ElementDust,PrimalItemResource_ElementDust,PrimalItemResource_ElementDust_C,Y,N,Resource,EPrimalItemType:Resource; EPrimalMilestoneType:Craft,Y,
item,/Game/Extinction/CoreBlueprints/Resources/PrimalItemResource_ElementDustFromElement,PrimalItemResource_ElementDustFromElement,PrimalItemResource_ElementDustFromElement_C,Y,N,Resource,EPrimalItemType:Resource; EPrimalMilestoneType:Craft,Y,
item,/Game/Extinction/CoreBlueprints/Resources/PrimalItemResource_ElementDustFromShards,PrimalItemResource_ElementDustFromShards,PrimalItemResource_ElementDustFromShards_C,Y,N,Resource,EPrimalItemType:Resource; EPrimalMilestoneType:Craft,Y,
item,/Game/Extinction/CoreBlueprints/Resources/PrimalItemResource_ElementRefined,PrimalItemResource_ElementRefined,PrimalItemResource_ElementRefined_C,Y,N,Resource,EPrimalItemType:Resource; EPrimalMilestoneType:Craft,Y,
item,/Game/Extinction/CoreBlueprints/Resources/PrimalItemResource_FracturedGem,PrimalItemResource_FracturedGem,PrimalItemResource_FracturedGem_C,N,N,Resource,EPrimalItemType:Resource; EPrimalMilestoneType:Craft,Y,
item,/Game/Extinction/CoreBlueprints/Resources/PrimalItemResource_RareDrop_CorruptHeart,PrimalItemResource_RareDrop_CorruptHeart,PrimalItemResource_RareDrop_CorruptHeart_C,N,N,Resource,EPrimalItemType:Resource; EPrimalMilestoneType:Craft,Y,
item,/Game/Extinction/CoreBlueprints/Resources/PrimalItemResource_RedSap,PrimalItemResource_RedSap,PrimalItemResource_RedSap_C,N,N,Resource,EPrimalItemType:Resource; EPrimalMilestoneType:Craft,Y,
item,/Game/Extinction/CoreBlueprints/Resources/PrimalItemResource_ScrapMetal,PrimalItemResource_ScrapMetal,PrimalItemResource_ScrapMetal_C,Y,N,Resource,EPrimalItemType:Resource; EPrimalMilestoneType:Craft,Y,
item,/Game/Extinction/CoreBlueprints/Resources/PrimalItemResource_ScrapMetalIngot,PrimalItemResource_ScrapMetalIngot,PrimalItemResource_ScrapMetalIngot_C,Y,N,Resource,EPrimalItemType:Resource; EPrimalMilestoneType:Craft,Y,
item,/Game/Extinction/CoreBlueprints/Resources/PrimalItemResource_ShardRefined,PrimalItemResource_ShardRefined,PrimalItemResource_ShardRefined_C,Y,N,Resource,EPrimalItemType:Resource; EPrimalMilestoneType:Craft,Y,
item,/Game/Extinction/CoreBlueprints/Resources/PrimalItemResource_Silicate,PrimalItemResource_Silicate,PrimalItemResource_Silicate_C,N,N,Resource,EPrimalItemType:Resource; EPrimalMilestoneType:Craft,Y,
item,/Game/Extinction/CoreBlueprints/Trophies/PrimalItemStructure_Flag_KingKaiju,PrimalItemStructure_Flag_KingKaiju,PrimalItemStructure_Flag_KingKaiju_C,N,N,Structure,EPrimalItemType:Structure; EPrimalMilestoneType:Craft,Y,
item,/Game/Extinction/CoreBlueprints/Trophies/PrimalItemStructure_Flag_KingKaijuMecha,PrimalItemStructure_Flag_KingKaijuMecha,PrimalItemStructure_Flag_KingKaijuMecha_C,N,N,Structure,EPrimalItemType:Structure; EPrimalMilestoneType:Craft,Y,
item,/Game/Extinction/CoreBlueprints/Trophies/PrimalItemTrophy_Kaiju_Desert,PrimalItemTrophy_Kaiju_Desert,PrimalItemTrophy_Kaiju_Desert_C,N,N,,EPrimalMilestoneType:Craft,Y,
item,/Game/Extinction/CoreBlueprints/Trophies/PrimalItemTrophy_Kaiju_Forest,PrimalItemTrophy_Kaiju_Forest,PrimalItemTrophy_Kaiju_Forest_C,N,N,,EPrimalMilestoneType:Craft,Y,
item,/Game/Extinction/CoreBlueprints/Trophies/PrimalItemTrophy_Kaiju_Ice,PrimalItemTrophy_Kaiju_Ice,PrimalItemTrophy_Kaiju_Ice_C,N,N,,EPrimalMilestoneType:Craft,Y,
item,/Game/Extinction/CoreBlueprints/Trophies/PrimalItemTrophy_Kaiju_King_Alpha,PrimalItemTrophy_Kaiju_King_Alpha,PrimalItemTrophy_Kaiju_King_Alpha_C,N,N,,EPrimalMilestoneType:Craft,Y,
item,/Game/Extinction/CoreBlueprints/Trophies/PrimalItemTrophy_Kaiju_King_Beta,PrimalItemTrophy_Kaiju_King_Beta,PrimalItemTrophy_Kaiju_King_Beta_C,N,N,,EPrimalMilestoneType:Craft,Y,
item,/Game/Extinction/CoreBlueprints/Trophies/PrimalItemTrophy_Kaiju_King_Gamma,PrimalItemTrophy_Kaiju_King_Gamma,PrimalItemTrophy_Kaiju_King_Gamma_C,N,N,,EPrimalMilestoneType:Craft,Y,
item,/Game/Extinction/CoreBlueprints/Weapons/PrimalItem_WeaponEmptyCryopod,PrimalItem_WeaponEmptyCryopod,PrimalItem_WeaponEmptyCryopod_C,Y,N,Weapon,EPrimalItemType:Weapon; EPrimalMilestoneType:Craft; EPrimalMilestoneType:Kill,Y,
item,/Game/Extinction/CoreBlueprints/Weapons/PrimalItem_WeaponTaxidermyTool,PrimalItem_WeaponTaxidermyTool,PrimalItem_WeaponTaxidermyTool_C,Y,N,Weapon,EPrimalItemType:Weapon; EPrimalMilestoneType:Craft; EPrimalMilestoneType:Kill,Y,
item,/Game/Extinction/CoreBlueprints/Weapons/PrimalItem_WeaponTekGravityGrenade,PrimalItem_WeaponTekGravityGrenade,PrimalItem_WeaponTekGravityGrenade_C,Y,N,Weapon,EPrimalItemType:Weapon; EPrimalMilestoneType:Craft; EPrimalMilestoneType:Kill,Y,
item,/Game/Extinction/CoreBlueprints/Weapons/PrimalItemAmmo_CannonShell,PrimalItemAmmo_CannonShell,PrimalItemAmmo_CannonShell_C,Y,N,Ammo,EPrimalItemType:Ammo; EPrimalMilestoneType:Craft; EPrimalMilestoneType:Kill,Y,
item,/Game/Extinction/CoreBlueprints/Weapons/PrimalItemAmmo_RocketPod,PrimalItemAmmo_RocketPod,PrimalItemAmmo_RocketPod_C,Y,N,Ammo,EPrimalItemType:Ammo; EPrimalMilestoneType:Craft; EPrimalMilestoneType:Kill,Y,
item,/Game/Extinction/Dinos/Gacha/PrimalItemConsumable_GachaPod,PrimalItemConsumable_GachaPod,PrimalItemConsumable_GachaPod_C,N,N,MiscConsumable,EPrimalItemType:MiscConsumable; EPrimalMilestoneType:Craft,Y,
item,/Game/Extinction/Dinos/Owl/Pellet/PrimalItemConsumable_OwlPellet,PrimalItemConsumable_OwlPellet,PrimalItemConsumable_OwlPellet_C,N,N,MiscConsumable,EPrimalItemType:MiscConsumable; EPrimalMilestoneType:Craft,Y,
item,/Game/Extinction/Dinos/Scout/PrimalItem_WeaponScoutRemote,PrimalItem_WeaponScoutRemote,PrimalItem_WeaponScoutRemote_C,Y,N,Weapon,EPrimalItemType:Weapon; EPrimalMilestoneType:Craft; EPrimalMilestoneType:Kill,Y,
item,/Game/Extinction/Structures/CityTerminal/PrimalItem_Spawner_Enforcer_CityTerminal,PrimalItem_Spawner_Enforcer_CityTerminal,PrimalItem_Spawner_Enforcer_CityTerminal_C,N,N,Structure,EPrimalItemType:Structure; EPrimalMilestoneType:Craft,Y,
item,/Game/Extinction/Structures/CityTerminal/PrimalItem_WeaponScoutRemote_CityTerminal,PrimalItem_WeaponScoutRemote_CityTerminal,PrimalItem_WeaponScoutRemote_CityTerminal_C,N,N,Structure,EPrimalItemType:Structure; EPrimalMilestoneType:Craft,Y,
item,/Game/Extinction/Structures/DinoLeash/PrimalItemStructure_DinoLeash,PrimalItemStructure_DinoLeash,PrimalItemStructure_DinoLeash_C,Y,N,Structure,EPrimalItemType:Structure; EPrimalMilestoneType:Craft,Y,
item,/Game/Extinction/Structures/ItemBalloon/PrimalItemStructure_StorageBox_Balloon,PrimalItemStructure_StorageBox_Balloon,PrimalItemStructure_StorageBox_Balloon_C,Y,N,Structure,EPrimalItemType:Structure; EPrimalMilestoneType:Craft,Y,
item,/Game/Extinction/Structures/TekBridge/PrimalItemStructure_TekBridge,PrimalItemStructure_TekBridge,PrimalItemStructure_TekBridge_C,Y,N,Structure,EPrimalItemType:Structure; EPrimalMilestoneType:Craft,Y,
item,/Game/Extinction/Weapon_AdminBlinkRifle/PrimalItem_WeaponAdminBlinkRifle,PrimalItem_WeaponAdminBlinkRifle,PrimalItem_WeaponAdminBlinkRifle_C,Y,N,Weapon,EPrimalItemType:Weapon; EPrimalMilestoneType:Craft; EPrimalMilestoneType:Kill,Y,
item,/Game/Fjordur/Dinos/Andrewsarchus/PrimalItemArmor_AndrewsarchusSaddle,PrimalItemArmor_AndrewsarchusSaddle,PrimalItemArmor_AndrewsarchusSaddle_C,N,N,Equipment,EPrimalItemType:Equipment; EPrimalMilestoneType:Craft,Y,
item,/Game/Fjordur/Dinos/Desmodus/PrimalItem_SanguineElixir,PrimalItem_SanguineElixir,PrimalItem_SanguineElixir_C,Y,N,MiscConsumable,EPrimalItemType:MiscConsumable; EPrimalMilestoneType:Craft,Y,
item,/Game/Fjordur/Dinos/Desmodus/PrimalItemArmor_DesmodusSaddle,PrimalItemArmor_DesmodusSaddle,PrimalItemArmor_DesmodusSaddle_C,Y,N,Equipment,EPrimalItemType:Equipment; EPrimalMilestoneType:Craft,Y,
item,/Game/Fjordur/Structures/FjordurFlag/PrimalItemStructure_Flag_Fjordur,PrimalItemStructure_Flag_Fjordur,PrimalItemStructure_Flag_Fjordur_C,N,N,Structure,EPrimalItemType:Structure; EPrimalMilestoneType:Craft,Y,
item,/Game/Genesis/CoreBlueprints/Items/PrimalItem_Spawner_HoverSkiff,PrimalItem_Spawner_HoverSkiff,PrimalItem_Spawner_HoverSkiff_C,Y,N,MiscConsumable,EPrimalItemType:MiscConsumable; EPrimalMilestoneType:Craft,Y,
item,/Game/Genesis/CoreBlueprints/Items/PrimalItemSkin_MasterControllerHelmet,PrimalItemSkin_MasterControllerHelmet,PrimalItemSkin_MasterControllerHelmet_C,N,N,Skin,EPrimalItemType:Skin; EPrimalMilestoneType:Craft,Y,
item,/Game/Genesis/CoreBlueprints/Items/Trophies/PrimalItemTrophy_EelBoss,PrimalItemTrophy_EelBoss,PrimalItemTrophy_EelBoss_C,N,N,,EPrimalMilestoneType:Craft,Y,
item,/Game/Genesis/CoreBlueprints/Items/Trophies/PrimalItemTrophy_EelBoss_Alpha,PrimalItemTrophy_EelBoss_Alpha,PrimalItemTrophy_EelBoss_Alpha_C,N,N,,EPrimalMilestoneType:Craft,Y,
item,/Game/Genesis/CoreBlueprints/Items/Trophies/PrimalItemTrophy_EelBoss_Beta,PrimalItemTrophy_EelBoss_Beta,PrimalItemTrophy_EelBoss_Beta_C,N,N,,EPrimalMilestoneType:Craft,Y,
item,/Game/Genesis/CoreBlueprints/Items/Trophies/PrimalItemTrophy_EelBoss_Gamma,PrimalItemTrophy_EelBoss_Gamma,PrimalItemTrophy_EelBoss_Gamma_C,N,N,,EPrimalMilestoneType:Craft,Y,
item,/Game/Genesis/CoreBlueprints/Items/Trophies/PrimalItemTrophy_MasterController,PrimalItemTrophy_MasterController,PrimalItemTrophy_MasterController_C,N,N,,EPrimalMilestoneType:Craft,Y,
item,/Game/Genesis/CoreBlueprints/Resources/PrimalItemResource_CodeKey,PrimalItemResource_CodeKey,PrimalItemResource_CodeKey_C,N,N,Resource,EPrimalItemType:Resource; EPrimalMilestoneType:Craft,Y,
item,/Game/Genesis/CoreBlueprints/Resources/PrimalItemResource_TurtleShell,PrimalItemResource_TurtleShell,PrimalItemResource_TurtleShell_C,N,N,Resource,EPrimalItemType:Resource; EPrimalMilestoneType:Craft,Y,
item,/Game/Genesis/CoreBlueprints/Structures/PrimalItemStructure_Flag_EelBoss,PrimalItemStructure_Flag_EelBoss,PrimalItemStructure_Flag_EelBoss_C,N,N,Structure,EPrimalItemType:Structure; EPrimalMilestoneType:Craft,Y,
item,/Game/Genesis/CoreBlueprints/Structures/PrimalItemStructure_Flag_VRBoss,PrimalItemStructure_Flag_VRBoss,PrimalItemStructure_Flag_VRBoss_C,N,N,Structure,EPrimalItemType:Structure; EPrimalMilestoneType:Craft,Y,
item,/Game/Genesis/CoreBlueprints/Weapons/Mission/PrimalItem_TekGrenade_Gauntlet,PrimalItem_TekGrenade_Gauntlet,PrimalItem_TekGrenade_Gauntlet_C,N,N,Weapon,EPrimalItemType:Weapon; EPrimalMilestoneType:Craft; EPrimalMilestoneType:Kill,Y,
item,/Game/Genesis/CoreBlueprints/Weapons/Mission/PrimalItem_TekRifle_Gauntlet,PrimalItem_TekRifle_Gauntlet,PrimalItem_TekRifle_Gauntlet_C,N,N,Weapon,EPrimalItemType:Weapon; EPrimalMilestoneType:Craft; EPrimalMilestoneType:Kill,Y,
item,/Game/Genesis/CoreBlueprints/Weapons/Mission/PrimalItem_TekSniper_Gauntlet,PrimalItem_TekSniper_Gauntlet,PrimalItem_TekSniper_Gauntlet_C,N,N,Weapon,EPrimalItemType:Weapon; EPrimalMilestoneType:Craft; EPrimalMilestoneType:Kill,Y,
item,/Game/Genesis/CoreBlueprints/Weapons/Mission/PrimalItem_WeapFlamethrower_Gauntlet,PrimalItem_WeapFlamethrower_Gauntlet,PrimalItem_WeapFlamethrower_Gauntlet_C,N,N,Weapon,EPrimalItemType:Weapon; EPrimalMilestoneType:Craft; EPrimalMilestoneType:Kill,Y,
item,/Game/Genesis/CoreBlueprints/Weapons/Mission/PrimalItem_WeaponBoomerang_Gauntlet,PrimalItem_WeaponBoomerang_Gauntlet,PrimalItem_WeaponBoomerang_Gauntlet_C,N,N,Weapon,EPrimalItemType:Weapon; EPrimalMilestoneType:Craft; EPrimalMilestoneType:Kill,Y,
item,/Game/Genesis/CoreBlueprints/Weapons/Mission/PrimalItem_WeaponBow_Gauntlet,PrimalItem_WeaponBow_Gauntlet,PrimalItem_WeaponBow_Gauntlet_C,N,N,Weapon,EPrimalItemType:Weapon; EPrimalMilestoneType:Craft; EPrimalMilestoneType:Kill,Y,
item,/Game/Genesis/CoreBlueprints/Weapons/Mission/PrimalItem_WeaponClusterGrenade_Gauntlet,PrimalItem_WeaponClusterGrenade_Gauntlet,PrimalItem_WeaponClusterGrenade_Gauntlet_C,N,N,Weapon,EPrimalItemType:Weapon; EPrimalMilestoneType:Craft; EPrimalMilestoneType:Kill,Y,
item,/Game/Genesis/CoreBlueprints/Weapons/Mission/PrimalItem_WeaponCompoundBow_Gauntlet,PrimalItem_WeaponCompoundBow_Gauntlet,PrimalItem_WeaponCompoundBow_Gauntlet_C,N,N,Weapon,EPrimalItemType:Weapon; EPrimalMilestoneType:Craft; EPrimalMilestoneType:Kill,Y,
item,/Game/Genesis/CoreBlueprints/Weapons/Mission/PrimalItem_WeaponCrossbow_Gauntlet,PrimalItem_WeaponCrossbow_Gauntlet,PrimalItem_WeaponCrossbow_Gauntlet_C,N,N,Weapon,EPrimalItemType:Weapon; EPrimalMilestoneType:Craft; EPrimalMilestoneType:Kill,Y,
item,/Game/Genesis/CoreBlueprints/Weapons/Mission/PrimalItem_WeaponGrenade_Gauntlet,PrimalItem_WeaponGrenade_Gauntlet,PrimalItem_WeaponGrenade_Gauntlet_C,N,N,Weapon,EPrimalItemType:Weapon; EPrimalMilestoneType:Craft; EPrimalMilestoneType:Kill,Y,
item,/Game/Genesis/CoreBlueprints/Weapons/Mission/PrimalItem_WeaponGun_Gauntlet,PrimalItem_WeaponGun_Gauntlet,PrimalItem_WeaponGun_Gauntlet_C,N,N,Weapon,EPrimalItemType:Weapon; EPrimalMilestoneType:Craft; EPrimalMilestoneType:Kill,Y,
item,/Game/Genesis/CoreBlueprints/Weapons/Mission/PrimalItem_WeaponMachinedPistol_Gauntlet,PrimalItem_WeaponMachinedPistol_Gauntlet,PrimalItem_WeaponMachinedPistol_Gauntlet_C,N,N,Weapon,EPrimalItemType:Weapon; EPrimalMilestoneType:Craft; EPrimalMilestoneType:Kill,Y,
item,/Game/Genesis/CoreBlueprints/Weapons/Mission/PrimalItem_WeaponMachinedShotgun_Gauntlet,PrimalItem_WeaponMachinedShotgun_Gauntlet,PrimalItem_WeaponMachinedShotgun_Gauntlet_C,N,N,Weapon,EPrimalItemType:Weapon; EPrimalMilestoneType:Craft; EPrimalMilestoneType:Kill,Y,
item,/Game/Genesis/CoreBlueprints/Weapons/Mission/PrimalItem_WeaponMachinedSniper_Gauntlet,PrimalItem_WeaponMachinedSniper_Gauntlet,PrimalItem_WeaponMachinedSniper_Gauntlet_C,N,N,Weapon,EPrimalItemType:Weapon; EPrimalMilestoneType:Craft; EPrimalMilestoneType:Kill,Y,
item,/Game/Genesis/CoreBlueprints/Weapons/Mission/PrimalItem_WeaponMetalHatchet_Gauntlet,PrimalItem_WeaponMetalHatchet_Gauntlet,PrimalItem_WeaponMetalHatchet_Gauntlet_C,N,N,Weapon,EPrimalItemType:Weapon; EPrimalMilestoneType:Craft; EPrimalMilestoneType:Kill,Y,
item,/Game/Genesis/CoreBlueprints/Weapons/Mission/PrimalItem_WeaponOneShotRifle_Gauntlet,PrimalItem_WeaponOneShotRifle_Gauntlet,PrimalItem_WeaponOneShotRifle_Gauntlet_C,N,N,Weapon,EPrimalItemType:Weapon; EPrimalMilestoneType:Craft; EPrimalMilestoneType:Kill,Y,
item,/Game/Genesis/CoreBlueprints/Weapons/Mission/PrimalItem_WeaponPike_Gauntlet,PrimalItem_WeaponPike_Gauntlet,PrimalItem_WeaponPike_Gauntlet_C,N,N,Weapon,EPrimalItemType:Weapon; EPrimalMilestoneType:Craft; EPrimalMilestoneType:Kill,Y,
item,/Game/Genesis/CoreBlueprints/Weapons/Mission/PrimalItem_WeaponProd_Gauntlet,PrimalItem_WeaponProd_Gauntlet,PrimalItem_WeaponProd_Gauntlet_C,N,N,Weapon,EPrimalItemType:Weapon; EPrimalMilestoneType:Craft; EPrimalMilestoneType:Kill,Y,
item,/Game/Genesis/CoreBlueprints/Weapons/Mission/PrimalItem_WeaponRifle_Gauntlet,PrimalItem_WeaponRifle_Gauntlet,PrimalItem_WeaponRifle_Gauntlet_C,N,N,Weapon,EPrimalItemType:Weapon; EPrimalMilestoneType:Craft; EPrimalMilestoneType:Kill,Y,
item,/Game/Genesis/CoreBlueprints/Weapons/Mission/PrimalItem_WeaponRocketLauncher_Gauntlet,PrimalItem_WeaponRocketLauncher_Gauntlet,PrimalItem_WeaponRocketLauncher_Gauntlet_C,N,N,Weapon,EPrimalItemType:Weapon; EPrimalMilestoneType:Craft; EPrimalMilestoneType:Kill,Y,
item,/Game/Genesis/CoreBlueprints/Weapons/Mission/PrimalItem_WeaponShotgun_Gauntlet,PrimalItem_WeaponShotgun_Gauntlet,PrimalItem_WeaponShotgun_Gauntlet_C,N,N,Weapon,EPrimalItemType:Weapon; EPrimalMilestoneType:Craft; EPrimalMilestoneType:Kill,Y,
item,/Game/Genesis/CoreBlueprints/Weapons/Mission/PrimalItem_WeaponSlingshot_Gauntlet,PrimalItem_WeaponSlingshot_Gauntlet,PrimalItem_WeaponSlingshot_Gauntlet_C,N,N,Weapon,EPrimalItemType:Weapon; EPrimalMilestoneType:Craft; EPrimalMilestoneType:Kill,Y,
item,/Game/Genesis/CoreBlueprints/Weapons/Mission/PrimalItem_WeaponSpear_Gauntlet,PrimalItem_WeaponSpear_Gauntlet,PrimalItem_WeaponSpear_Gauntlet_C,N,N,Weapon,EPrimalItemType:Weapon; EPrimalMilestoneType:Craft; EPrimalMilestoneType:Kill,Y,
item,/Game/Genesis/CoreBlueprints/Weapons/Mission/PrimalItem_WeaponStoneClub_Gauntlet,PrimalItem_WeaponStoneClub_Gauntlet,PrimalItem_WeaponStoneClub_Gauntlet_C,N,N,Weapon,EPrimalItemType:Weapon; EPrimalMilestoneType:Craft; EPrimalMilestoneType:Kill,Y,
item,/Game/Genesis/CoreBlueprints/Weapons/Mission/PrimalItem_WeaponStonePick_Gauntlet,PrimalItem_WeaponStonePick_Gauntlet,PrimalItem_WeaponStonePick_Gauntlet_C,N,N,Weapon,EPrimalItemType:Weapon; EPrimalMilestoneType:Craft; EPrimalMilestoneType:Kill,Y,
item,/Game/Genesis/CoreBlueprints/Weapons/Mission/PrimalItem_WeaponSword_Gauntlet,PrimalItem_WeaponSword_Gauntlet,PrimalItem_WeaponSword_Gauntlet_C,N,N,Weapon,EPrimalItemType:Weapon; EPrimalMilestoneType:Craft; EPrimalMilestoneType:Kill,Y,
item,/Game/Genesis/CoreBlueprints/Weapons/Mission/PrimalItem_WeaponTekClaws_Gauntlet,PrimalItem_WeaponTekClaws_Gauntlet,PrimalItem_WeaponTekClaws_Gauntlet_C,N,N,Weapon,EPrimalItemType:Weapon; EPrimalMilestoneType:Craft; EPrimalMilestoneType:Kill,Y,
item,/Game/Genesis/CoreBlueprints/Weapons/Mission/PrimalItem_WeaponTekGrenadeLauncher_Gauntlet,PrimalItem_WeaponTekGrenadeLauncher_Gauntlet,PrimalItem_WeaponTekGrenadeLauncher_Gauntlet_C,N,N,Weapon,EPrimalItemType:Weapon; EPrimalMilestoneType:Craft; EPrimalMilestoneType:Kill,Y,
item,/Game/Genesis/CoreBlueprints/Weapons/Mission/PrimalItem_WeaponTekSword_Gauntlet,PrimalItem_WeaponTekSword_Gauntlet,PrimalItem_WeaponTekSword_Gauntlet_C,N,N,Weapon,EPrimalItemType:Weapon; EPrimalMilestoneType:Craft; EPrimalMilestoneType:Kill,Y,
item,/Game/Genesis/Dinos/Cherufe/PrimalItemArmor_CherufeSaddle,PrimalItemArmor_CherufeSaddle,PrimalItemArmor_CherufeSaddle_C,N,N,Equipment,EPrimalItemType:Equipment; EPrimalMilestoneType:Craft,Y,
item,/Game/Genesis/Dinos/GiantTurtle/PrimalItemArmor_GiantTurtleSaddle,PrimalItemArmor_GiantTurtleSaddle,PrimalItemArmor_GiantTurtleSaddle_C,N,N,Equipment,EPrimalItemType:Equipment; EPrimalMilestoneType:Craft,Y,
item,/Game/Genesis/Dinos/SpaceWhale/PrimalItemArmor_SpaceWhaleSaddle_Tek,PrimalItemArmor_SpaceWhaleSaddle_Tek,PrimalItemArmor_SpaceWhaleSaddle_Tek_C,Y,N,Equipment,EPrimalItemType:Equipment; EPrimalMilestoneType:Craft,Y,
item,/Game/Genesis/Dinos/SpaceWhale/PrimalItemResource_Ambergris,PrimalItemResource_Ambergris,PrimalItemResource_Ambergris_C,N,N,Resource,EPrimalItemType:Resource; EPrimalMilestoneType:Craft,Y,
item,/Game/Genesis/Items/Armor/PrimalItemArmor_ShoulderCannon,PrimalItemArmor_ShoulderCannon,PrimalItemArmor_ShoulderCannon_C,Y,N,Equipment,EPrimalItemType:Equipment; EPrimalMilestoneType:Craft,Y,
item,/Game/Genesis/Missions/GauntletWaves/PrimalItem_GauntletDamageBuffKey,PrimalItem_GauntletDamageBuffKey,PrimalItem_GauntletDamageBuffKey_C,N,N,MiscConsumable,EPrimalItemType:MiscConsumable; EPrimalMilestoneType:Craft,Y,
item,/Game/Genesis/Missions/Retrieve/RetrieveItems/TrikeSkull/PrimalItemSkin_TrikeSkullHelmet_Retrieve,PrimalItemSkin_TrikeSkullHelmet_Retrieve,PrimalItemSkin_TrikeSkullHelmet_Retrieve_C,N,N,Skin,EPrimalItemType:Skin; EPrimalMilestoneType:Craft,Y,
item,/Game/Genesis/Structures/OceanPlatform/OceanPlatform_Wood/PrimalItemStructure_Metal_OceanPlatform,PrimalItemStructure_Metal_OceanPlatform,PrimalItemStructure_Metal_OceanPlatform_C,Y,N,Structure,EPrimalItemType:Structure; EPrimalMilestoneType:Craft,Y,
item,/Game/Genesis/Structures/OceanPlatform/OceanPlatform_Wood/PrimalItemStructure_Wood_OceanPlatform,PrimalItemStructure_Wood_OceanPlatform,PrimalItemStructure_Wood_OceanPlatform_C,N,N,Structure,EPrimalItemType:Structure; EPrimalMilestoneType:Craft,Y,
item,/Game/Genesis/Structures/TekAlarm/PrimalItemStructure_PressurePlate,PrimalItemStructure_PressurePlate,PrimalItemStructure_PressurePlate_C,N,N,Structure,EPrimalItemType:Structure; EPrimalMilestoneType:Craft,Y,
item,/Game/Genesis/Structures/TekAlarm/PrimalItemStructure_TekAlarm,PrimalItemStructure_TekAlarm,PrimalItemStructure_TekAlarm_C,Y,N,Structure,EPrimalItemType:Structure; EPrimalMilestoneType:Craft,Y,
item,/Game/Genesis/Structures/TekJumpPad/PrimalItemStructure_TekJumpPad,PrimalItemStructure_TekJumpPad,PrimalItemStructure_TekJumpPad_C,Y,N,Structure,EPrimalItemType:Structure; EPrimalMilestoneType:Craft,Y,
item,/Game/Genesis/Weapons/CruiseMissile/PrimalItem_WeaponTekCruiseMissile,PrimalItem_WeaponTekCruiseMissile,PrimalItem_WeaponTekCruiseMissile_C,Y,N,Weapon,EPrimalItemType:Weapon; EPrimalMilestoneType:Craft; EPrimalMilestoneType:Kill,Y,
item,/Game/Genesis/Weapons/FishingNet/PrimalItem_WeaponFishingNet,PrimalItem_WeaponFishingNet,PrimalItem_WeaponFishingNet_C,N,N,Weapon,EPrimalItemType:Weapon; EPrimalMilestoneType:Craft; EPrimalMilestoneType:Kill,Y,
item,/Game/Genesis/Weapons/MiningDrill/PrimalItem_WeaponMiningDrill,PrimalItem_WeaponMiningDrill,PrimalItem_WeaponMiningDrill_C,Y,N,Weapon,EPrimalItemType:Weapon; EPrimalMilestoneType:Craft; EPrimalMilestoneType:Kill,Y,
item,/Game/Genesis/Weapons/TekGrenadeLauncher/PrimalItem_WeaponTekGrenadeLauncher,PrimalItem_WeaponTekGrenadeLauncher,PrimalItem_WeaponTekGrenadeLauncher_C,Y,N,Weapon,EPrimalItemType:Weapon; EPrimalMilestoneType:Craft; EPrimalMilestoneType:Kill,Y,
item,/Game/Genesis/Weapons/TekHandBlades/PrimalItem_WeaponTekClaws,PrimalItem_WeaponTekClaws,PrimalItem_WeaponTekClaws_C,Y,N,Weapon,EPrimalItemType:Weapon; EPrimalMilestoneType:Craft; EPrimalMilestoneType:Kill,Y,
item,/Game/Genesis2/CoreBlueprints/Environment/Mutagen/PrimalItemConsumable_Mutagel,PrimalItemConsumable_Mutagel,PrimalItemConsumable_Mutagel_C,N,N,MiscConsumable,EPrimalItemType:MiscConsumable; EPrimalMilestoneType:Craft,Y,
item,/Game/Genesis2/CoreBlueprints/Environment/Mutagen/PrimalItemConsumable_Mutagen,PrimalItemConsumable_Mutagen,PrimalItemConsumable_Mutagen_C,N,N,MiscConsumable,EPrimalItemType:MiscConsumable; EPrimalMilestoneType:Craft,Y,
item,/Game/Genesis2/CoreBlueprints/Items/Armor/TEK/PrimalItemArmor_TekBoots_Gen2,PrimalItemArmor_TekBoots_Gen2,PrimalItemArmor_TekBoots_Gen2_C,N,N,Equipment,EPrimalItemType:Equipment; EPrimalMilestoneType:Craft,Y,
item,/Game/Genesis2/CoreBlueprints/Items/Armor/TEK/PrimalItemArmor_TekGloves_Gen2,PrimalItemArmor_TekGloves_Gen2,PrimalItemArmor_TekGloves_Gen2_C,N,N,Equipment,EPrimalItemType:Equipment; EPrimalMilestoneType:Craft,Y,
item,/Game/Genesis2/CoreBlueprints/Items/Armor/TEK/PrimalItemArmor_TekHelmet_Gen2,PrimalItemArmor_TekHelmet_Gen2,PrimalItemArmor_TekHelmet_Gen2_C,N,N,Equipment,EPrimalItemType:Equipment; EPrimalMilestoneType:Craft,Y,
item,/Game/Genesis2/CoreBlueprints/Items/Armor/TEK/PrimalItemArmor_TekPants_Gen2,PrimalItemArmor_TekPants_Gen2,PrimalItemArmor_TekPants_Gen2_C,N,N,Equipment,EPrimalItemType:Equipment; EPrimalMilestoneType:Craft,Y,
item,/Game/Genesis2/CoreBlueprints/Items/Armor/TEK/PrimalItemArmor_TekShirt_Gen2,PrimalItemArmor_TekShirt_Gen2,PrimalItemArmor_TekShirt_Gen2_C,N,N,Equipment,EPrimalItemType:Equipment; EPrimalMilestoneType:Craft,Y,
item,/Game/Genesis2/CoreBlueprints/Items/PrimalItemConsumable_TekCanteenCraftable,PrimalItemConsumable_TekCanteenCraftable,PrimalItemConsumable_TekCanteenCraftable_C,N,N,MiscConsumable,EPrimalItemType:MiscConsumable; EPrimalMilestoneType:Craft,Y,
item,/Game/Genesis2/CoreBlueprints/Items/PrimalItemConsumable_TekCanteenRefill,PrimalItemConsumable_TekCanteenRefill,PrimalItemConsumable_TekCanteenRefill_C,N,N,MiscConsumable,EPrimalItemType:MiscConsumable; EPrimalMilestoneType:Craft,Y,
item,/Game/Genesis2/CoreBlueprints/Items/Saddle/PrimalItemArmor_TekStriderHarvester,PrimalItemArmor_TekStriderHarvester,PrimalItemArmor_TekStriderHarvester_C,N,N,Equipment,EPrimalItemType:Equipment; EPrimalMilestoneType:Craft,Y,
item,/Game/Genesis2/CoreBlueprints/Items/Saddle/PrimalItemArmor_TekStriderLargeCannon,PrimalItemArmor_TekStriderLargeCannon,PrimalItemArmor_TekStriderLargeCannon_C,N,N,Equipment,EPrimalItemType:Equipment; EPrimalMilestoneType:Craft,Y,
item,/Game/Genesis2/CoreBlueprints/Items/Saddle/PrimalItemArmor_TekStriderMachinegun,PrimalItemArmor_TekStriderMachinegun,PrimalItemArmor_TekStriderMachinegun_C,N,N,Equipment,EPrimalItemType:Equipment; EPrimalMilestoneType:Craft,Y,
item,/Game/Genesis2/CoreBlueprints/Items/Saddle/PrimalItemArmor_TekStriderMachinegun_Sta,PrimalItemArmor_TekStriderMachinegun_Sta,PrimalItemArmor_TekStriderMachinegun_Sta_C,N,N,Equipment,EPrimalItemType:Equipment; EPrimalMilestoneType:Craft,Y,
item,/Game/Genesis2/CoreBlueprints/Items/Saddle/PrimalItemArmor_TekStriderOnesidedShield,PrimalItemArmor_TekStriderOnesidedShield,PrimalItemArmor_TekStriderOnesidedShield_C,N,N,Equipment,EPrimalItemType:Equipment; EPrimalMilestoneType:Craft,Y,
item,/Game/Genesis2/CoreBlueprints/Items/Saddle/PrimalItemArmor_TekStriderRadar,PrimalItemArmor_TekStriderRadar,PrimalItemArmor_TekStriderRadar_C,N,N,Equipment,EPrimalItemType:Equipment; EPrimalMilestoneType:Craft,Y,
item,/Game/Genesis2/CoreBlueprints/Items/Saddle/PrimalItemArmor_TekStriderSaddle_Platform,PrimalItemArmor_TekStriderSaddle_Platform,PrimalItemArmor_TekStriderSaddle_Platform_C,N,N,Equipment,EPrimalItemType:Equipment; EPrimalMilestoneType:Craft,Y,
item,/Game/Genesis2/CoreBlueprints/Items/Saddle/PrimalItemArmor_TekStriderSaddlebags,PrimalItemArmor_TekStriderSaddlebags,PrimalItemArmor_TekStriderSaddlebags_C,N,N,Equipment,EPrimalItemType:Equipment; EPrimalMilestoneType:Craft,Y,
item,/Game/Genesis2/CoreBlueprints/Items/Saddle/PrimalItemArmor_TekStriderShield,PrimalItemArmor_TekStriderShield,PrimalItemArmor_TekStriderShield_C,N,N,Equipment,EPrimalItemType:Equipment; EPrimalMilestoneType:Craft,Y,
item,/Game/Genesis2/CoreBlueprints/Items/Saddle/PrimalItemArmor_TekStriderSilenceCannon,PrimalItemArmor_TekStriderSilenceCannon,PrimalItemArmor_TekStriderSilenceCannon_C,N,N,Equipment,EPrimalItemType:Equipment; EPrimalMilestoneType:Craft,Y,
item,/Game/Genesis2/CoreBlueprints/Weapons/Mission/PrimalItem_TekRifle_Gauntlet_STA,PrimalItem_TekRifle_Gauntlet_STA,PrimalItem_TekRifle_Gauntlet_STA_C,N,N,Weapon,EPrimalItemType:Weapon; EPrimalMilestoneType:Craft; EPrimalMilestoneType:Kill,Y,
item,/Game/Genesis2/CoreBlueprints/Weapons/Mission/PrimalItem_WeaponMinigun_Gauntlet,PrimalItem_WeaponMinigun_Gauntlet,PrimalItem_WeaponMinigun_Gauntlet_C,N,N,Weapon,EPrimalItemType:Weapon; EPrimalMilestoneType:Craft; EPrimalMilestoneType:Kill,Y,
item,/Game/Genesis2/CoreBlueprints/Weapons/Mission/PrimalItem_WeaponTekBow_Gauntlet,PrimalItem_WeaponTekBow_Gauntlet,PrimalItem_WeaponTekBow_Gauntlet_C,N,N,Weapon,EPrimalItemType:Weapon; EPrimalMilestoneType:Craft; EPrimalMilestoneType:Kill,Y,
item,/Game/Genesis2/CoreBlueprints/Weapons/Mission/PrimalItem_WeaponTekPistol_Gauntlet,PrimalItem_WeaponTekPistol_Gauntlet,PrimalItem_WeaponTekPistol_Gauntlet_C,N,N,Weapon,EPrimalItemType:Weapon; EPrimalMilestoneType:Craft; EPrimalMilestoneType:Kill,Y,
item,/Game/Genesis2/Dinos/Canoe/PrimalItemCanoe,PrimalItemCanoe,PrimalItemCanoe_C,N,N,,EPrimalMilestoneType:Craft,Y,
item,/Game/Genesis2/Dinos/Exosuit/PrimalItem_Spawner_Exosuit,PrimalItem_Spawner_Exosuit,PrimalItem_Spawner_Exosuit_C,Y,N,MiscConsumable,EPrimalItemType:MiscConsumable; EPrimalMilestoneType:Craft,Y,
item,/Game/Genesis2/Dinos/LionfishLion/PrimalItemArmor_ForLFL,PrimalItemArmor_ForLFL,PrimalItemArmor_ForLFL_C,N,N,Equipment,EPrimalItemType:Equipment; EPrimalMilestoneType:Craft,Y,
item,/Game/Genesis2/Dinos/MilkGlider/PrimalItemArmor_MilkGliderSaddle,PrimalItemArmor_MilkGliderSaddle,PrimalItemArmor_MilkGliderSaddle_C,N,N,Equipment,EPrimalItemType:Equipment; EPrimalMilestoneType:Craft,Y,
item,/Game/Genesis2/Dinos/SpaceDolphin/PrimalItemArmor_SpaceDolphinSaddle_Tek,PrimalItemArmor_SpaceDolphinSaddle_Tek,PrimalItemArmor_SpaceDolphinSaddle_Tek_C,N,N,Equipment,EPrimalItemType:Equipment; EPrimalMilestoneType:Craft,Y,
item,/Game/Genesis2/Dinos/TekHoverSail/PrimalItem_Spawner_HoverSail_Main,PrimalItem_Spawner_HoverSail_Main,PrimalItem_Spawner_HoverSail_Main_C,N,N,MiscConsumable,EPrimalItemType:MiscConsumable; EPrimalMilestoneType:Craft,Y,
item,/Game/Genesis2/Dinos/TekHoverSail/PrimalItem_Spawner_HoverSail_Parent,PrimalItem_Spawner_HoverSail_Parent,PrimalItem_Spawner_HoverSail_Parent_C,N,N,MiscConsumable,EPrimalItemType:MiscConsumable; EPrimalMilestoneType:Craft,Y,
item,/Game/Genesis2/Missions/Hunt/PrimalItem_WeaponHarpoon_Hunt,PrimalItem_WeaponHarpoon_Hunt,PrimalItem_WeaponHarpoon_Hunt_C,N,N,Weapon,EPrimalItemType:Weapon; EPrimalMilestoneType:Craft; EPrimalMilestoneType:Kill,Y,
item,/Game/Genesis2/Missions/Hunt/PrimalItemAmmo_ArrowNet_Hunt,PrimalItemAmmo_ArrowNet_Hunt,PrimalItemAmmo_ArrowNet_Hunt_C,Y,N,Ammo,EPrimalItemType:Ammo; EPrimalMilestoneType:Craft; EPrimalMilestoneType:Kill,Y,
item,/Game/Genesis2/Structures/AmmoBox/PrimalItemStructure_AmmoContainer,PrimalItemStructure_AmmoContainer,PrimalItemStructure_AmmoContainer_C,Y,N,Structure,EPrimalItemType:Structure; EPrimalMilestoneType:Craft,Y,
item,/Game/Genesis2/Structures/CropPlotTek/PrimalItemStructure_CropPlot_Tek,PrimalItemStructure_CropPlot_Tek,PrimalItemStructure_CropPlot_Tek_C,Y,N,Structure,EPrimalItemType:Structure; EPrimalMilestoneType:Craft,Y,
item,/Game/Genesis2/Structures/EggIncubator/PrimalItemStructure_EggIncubator,PrimalItemStructure_EggIncubator,PrimalItemStructure_EggIncubator_C,Y,N,Structure,EPrimalItemType:Structure; EPrimalMilestoneType:Craft,Y,
item,/Game/Genesis2/Structures/LoadoutMannequin/PrimalItemStructure_LoadoutDummy,PrimalItemStructure_LoadoutDummy,PrimalItemStructure_LoadoutDummy_C,N,N,Structure,EPrimalItemType:Structure; EPrimalMilestoneType:Craft,Y,
item,/Game/Genesis2/Structures/PlantSpeciesR/PrimalItemConsumable_Seed_PlantSpeciesR,PrimalItemConsumable_Seed_PlantSpeciesR,PrimalItemConsumable_Seed_PlantSpeciesR_C,N,N,Structure,EPrimalItemType:Structure; EPrimalMilestoneType:Craft,Y,
item,/Game/Genesis2/Structures/PlantSpeciesR/PrimalItemConsumable_Seed_PlantSpeciesR_PrimeFish,PrimalItemConsumable_Seed_PlantSpeciesR_PrimeFish,PrimalItemConsumable_Seed_PlantSpeciesR_PrimeFish_C,N,N,Structure,EPrimalItemType:Structure; EPrimalMilestoneType:Craft,Y,
item,/Game/Genesis2/Structures/PlantSpeciesR/PrimalItemConsumable_Seed_PlantSpeciesR_PrimeMeat,PrimalItemConsumable_Seed_PlantSpeciesR_PrimeMeat,PrimalItemConsumable_Seed_PlantSpeciesR_PrimeMeat_C,N,N,Structure,EPrimalItemType:Structure; EPrimalMilestoneType:Craft,Y,
item,/Game/Genesis2/Structures/PlantSpeciesR/PrimalItemConsumable_Seed_PlantSpeciesR_RawFish,PrimalItemConsumable_Seed_PlantSpeciesR_RawFish,PrimalItemConsumable_Seed_PlantSpeciesR_RawFish_C,N,N,Structure,EPrimalItemType:Structure; EPrimalMilestoneType:Craft,Y,
item,/Game/Genesis2/Structures/PlantSpeciesR/PrimalItemConsumable_Seed_PlantSpeciesR_RawMeat,PrimalItemConsumable_Seed_PlantSpeciesR_RawMeat,PrimalItemConsumable_Seed_PlantSpeciesR_RawMeat_C,N,N,Structure,EPrimalItemType:Structure; EPrimalMilestoneType:Craft,Y,
item,/Game/Genesis2/Structures/PlantSpeciesR/PrimalItemConsumable_Seed_PlantSpeciesR_SpoiledMeat,PrimalItemConsumable_Seed_PlantSpeciesR_SpoiledMeat,PrimalItemConsumable_Seed_PlantSpeciesR_SpoiledMeat_C,N,N,Structure,EPrimalItemType:Structure; EPrimalMilestoneType:Craft,Y,
item,/Game/Genesis2/Structures/RemoteCamera/PrimalItemStructure_SecurityCamera,PrimalItemStructure_SecurityCamera,PrimalItemStructure_SecurityCamera_C,N,N,Structure,EPrimalItemType:Structure; EPrimalMilestoneType:Craft,Y,
item,/Game/Genesis2/Structures/RemoteCamera/PrimalItemStructure_TekSecurityConsole,PrimalItemStructure_TekSecurityConsole,PrimalItemStructure_TekSecurityConsole_C,N,N,Structure,EPrimalItemType:Structure; EPrimalMilestoneType:Craft,Y,
item,/Game/Genesis2/Structures/RockwellEndbossFlag/PrimalItemStructure_Flag_RockwellGen2,PrimalItemStructure_Flag_RockwellGen2,PrimalItemStructure_Flag_RockwellGen2_C,N,N,Structure,EPrimalItemType:Structure; EPrimalMilestoneType:Craft,Y,
item,/Game/Genesis2/Structures/TrophyHeads/RockwellGen2/PrimalItemTrophy_RockwellGen2,PrimalItemTrophy_RockwellGen2,PrimalItemTrophy_RockwellGen2_C,N,N,Structure,EPrimalItemType:Structure; EPrimalMilestoneType:Craft,Y,
item,/Game/Genesis2/Structures/TrophyHeads/RockwellGen2/PrimalItemTrophy_RockwellGen2_Alpha,PrimalItemTrophy_RockwellGen2_Alpha,PrimalItemTrophy_RockwellGen2_Alpha_C,N,N,Structure,EPrimalItemType:Structure; EPrimalMilestoneType:Craft,Y,
item,/Game/Genesis2/Structures/TrophyHeads/RockwellGen2/PrimalItemTrophy_RockwellGen2_Beta,PrimalItemTrophy_RockwellGen2_Beta,PrimalItemTrophy_RockwellGen2_Beta_C,N,N,Structure,EPrimalItemType:Structure; EPrimalMilestoneType:Craft,Y,
item,/Game/Genesis2/Structures/TrophyHeads/RockwellGen2/PrimalItemTrophy_RockwellGen2_Gamma,PrimalItemTrophy_RockwellGen2_Gamma,PrimalItemTrophy_RockwellGen2_Gamma_C,N,N,Structure,EPrimalItemType:Structure; EPrimalMilestoneType:Craft,Y,
item,/Game/Genesis2/Weapons/FireBoulder/PrimalItemAmmo_Boulder_Fire,PrimalItemAmmo_Boulder_Fire,PrimalItemAmmo_Boulder_Fire_C,N,N,Ammo,EPrimalItemType:Ammo; EPrimalMilestoneType:Craft; EPrimalMilestoneType:Kill,Y,
item,/Game/Genesis2/Weapons/MiniGun/PrimalItem_WeaponMinigun,PrimalItem_WeaponMinigun,PrimalItem_WeaponMinigun_C,N,N,Weapon,EPrimalItemType:Weapon; EPrimalMilestoneType:Craft; EPrimalMilestoneType:Kill,Y,
item,/Game/Genesis2/Weapons/NetAmmo/PrimalItemAmmo_ArrowNet,PrimalItemAmmo_ArrowNet,PrimalItemAmmo_ArrowNet_C,Y,N,Ammo,EPrimalItemType:Ammo; EPrimalMilestoneType:Craft; EPrimalMilestoneType:Kill,Y,
item,/Game/Genesis2/Weapons/TekBow/PrimalItem_WeaponTekBow,PrimalItem_WeaponTekBow,PrimalItem_WeaponTekBow_C,Y,N,Weapon,EPrimalItemType:Weapon; EPrimalMilestoneType:Craft; EPrimalMilestoneType:Kill,Y,
item,/Game/Genesis2/Weapons/TekBow/PrimalItemAmmo_ExplosiveArrow,PrimalItemAmmo_ExplosiveArrow,PrimalItemAmmo_ExplosiveArrow_C,N,N,Ammo,EPrimalItemType:Ammo; EPrimalMilestoneType:Craft; EPrimalMilestoneType:Kill,Y,
item,/Game/Genesis2/Weapons/TekPistol/PrimalItem_WeaponTekPistol,PrimalItem_WeaponTekPistol,PrimalItem_WeaponTekPistol_C,Y,N,Weapon,EPrimalItemType:Weapon; EPrimalMilestoneType:Craft; EPrimalMilestoneType:Kill,Y,
item,/Game/LostIsland/Boss/PrimalItemStructure_Flag_BossDinopithecus,PrimalItemStructure_Flag_BossDinopithecus,PrimalItemStructure_Flag_BossDinopithecus_C,N,N,Structure,EPrimalItemType:Structure; EPrimalMilestoneType:Craft,Y,
item,/Game/LostIsland/Dinos/Amargasaurus/PrimalItemArmor_AmargaSaddle,PrimalItemArmor_AmargaSaddle,PrimalItemArmor_AmargaSaddle_C,N,N,Equipment,EPrimalItemType:Equipment; EPrimalMilestoneType:Craft,Y,
item,/Game/LostIsland/Dinos/Amargasaurus/PrimalItemResource_AmargaSpike,PrimalItemResource_AmargaSpike,PrimalItemResource_AmargaSpike_C,N,N,Resource,EPrimalItemType:Resource; EPrimalMilestoneType:Craft,Y,
item,/Game/Mods/CrystalIsles/Assets/Dinos/CIBoss/Trophy/PrimalItemStructure_Flag_CIBoss,PrimalItemStructure_Flag_CIBoss,PrimalItemStructure_Flag_CIBoss_C,N,N,Structure,EPrimalItemType:Structure; EPrimalMilestoneType:Craft,Y,
item,/Game/Packs/AAA/Skins/PrimalItemCostume_AAA_Achatina,PrimalItemCostume_AAA_Achatina,PrimalItemCostume_AAA_Achatina_C,Y,N,Skin,EPrimalItemType:Skin; EPrimalMilestoneType:Craft,Y,
item,/Game/Packs/AAA/Skins/PrimalItemCostume_AAA_Allosaurus,PrimalItemCostume_AAA_Allosaurus,PrimalItemCostume_AAA_Allosaurus_C,Y,N,Skin,EPrimalItemType:Skin; EPrimalMilestoneType:Craft,Y,
item,/Game/Packs/AAA/Skins/PrimalItemCostume_AAA_Anglerfish,PrimalItemCostume_AAA_Anglerfish,PrimalItemCostume_AAA_Anglerfish_C,Y,N,Skin,EPrimalItemType:Skin; EPrimalMilestoneType:Craft,Y,
item,/Game/Packs/AAA/Skins/PrimalItemCostume_AAA_Ankylo_SkinPack,PrimalItemCostume_AAA_Ankylo_SkinPack,PrimalItemCostume_AAA_Ankylo_SkinPack_C,Y,N,Skin,EPrimalItemType:Skin; EPrimalMilestoneType:Craft,Y,
item,/Game/Packs/AAA/Skins/PrimalItemCostume_AAA_Archaeopteryx,PrimalItemCostume_AAA_Archaeopteryx,PrimalItemCostume_AAA_Archaeopteryx_C,Y,N,Skin,EPrimalItemType:Skin; EPrimalMilestoneType:Craft,Y,
item,/Game/Packs/AAA/Skins/PrimalItemCostume_AAA_Argentavis_SkinPack,PrimalItemCostume_AAA_Argentavis_SkinPack,PrimalItemCostume_AAA_Argentavis_SkinPack_C,Y,N,Skin,EPrimalItemType:Skin; EPrimalMilestoneType:Craft,Y,
item,/Game/Packs/AAA/Skins/PrimalItemCostume_AAA_Arthropluera,PrimalItemCostume_AAA_Arthropluera,PrimalItemCostume_AAA_Arthropluera_C,Y,N,Skin,EPrimalItemType:Skin; EPrimalMilestoneType:Craft,Y,
item,/Game/Packs/AAA/Skins/PrimalItemCostume_AAA_Baryonyx,PrimalItemCostume_AAA_Baryonyx,PrimalItemCostume_AAA_Baryonyx_C,Y,N,Skin,EPrimalItemType:Skin; EPrimalMilestoneType:Craft,Y,
item,/Game/Packs/AAA/Skins/PrimalItemCostume_AAA_Basilosaurus,PrimalItemCostume_AAA_Basilosaurus,PrimalItemCostume_AAA_Basilosaurus_C,Y,N,Skin,EPrimalItemType:Skin; EPrimalMilestoneType:Craft,Y,
item,/Game/Packs/AAA/Skins/PrimalItemCostume_AAA_Bat,PrimalItemCostume_AAA_Bat,PrimalItemCostume_AAA_Bat_C,Y,N,Skin,EPrimalItemType:Skin; EPrimalMilestoneType:Craft,Y,
item,/Game/Packs/AAA/Skins/PrimalItemCostume_AAA_Beaver,PrimalItemCostume_AAA_Beaver,PrimalItemCostume_AAA_Beaver_C,Y,N,Skin,EPrimalItemType:Skin; EPrimalMilestoneType:Craft,Y,
item,/Game/Packs/AAA/Skins/PrimalItemCostume_AAA_Bee,PrimalItemCostume_AAA_Bee,PrimalItemCostume_AAA_Bee_C,Y,N,Skin,EPrimalItemType:Skin; EPrimalMilestoneType:Craft,Y,
item,/Game/Packs/AAA/Skins/PrimalItemCostume_AAA_BoaFrill,PrimalItemCostume_AAA_BoaFrill,PrimalItemCostume_AAA_BoaFrill_C,Y,N,Skin,EPrimalItemType:Skin; EPrimalMilestoneType:Craft,Y,
item,/Game/Packs/AAA/Skins/PrimalItemCostume_AAA_Carcharodontosaurus,PrimalItemCostume_AAA_Carcharodontosaurus,PrimalItemCostume_AAA_Carcharodontosaurus_C,Y,N,Skin,EPrimalItemType:Skin; EPrimalMilestoneType:Craft,Y,
item,/Game/Packs/AAA/Skins/PrimalItemCostume_AAA_Carno,PrimalItemCostume_AAA_Carno,PrimalItemCostume_AAA_Carno_C,Y,N,Skin,EPrimalItemType:Skin; EPrimalMilestoneType:Craft,Y,
item,/Game/Packs/AAA/Skins/PrimalItemCostume_AAA_Chalicotherium,PrimalItemCostume_AAA_Chalicotherium,PrimalItemCostume_AAA_Chalicotherium_C,Y,N,Skin,EPrimalItemType:Skin; EPrimalMilestoneType:Craft,Y,
item,/Game/Packs/AAA/Skins/PrimalItemCostume_AAA_Coelacanth,PrimalItemCostume_AAA_Coelacanth,PrimalItemCostume_AAA_Coelacanth_C,Y,N,Skin,EPrimalItemType:Skin; EPrimalMilestoneType:Craft,Y,
item,/Game/Packs/AAA/Skins/PrimalItemCostume_AAA_Compy,PrimalItemCostume_AAA_Compy,PrimalItemCostume_AAA_Compy_C,Y,N,Skin,EPrimalItemType:Skin; EPrimalMilestoneType:Craft,Y,
item,/Game/Packs/AAA/Skins/PrimalItemCostume_AAA_Daeodon_SkinPack,PrimalItemCostume_AAA_Daeodon_SkinPack,PrimalItemCostume_AAA_Daeodon_SkinPack_C,Y,N,Skin,EPrimalItemType:Skin; EPrimalMilestoneType:Craft,Y,
item,/Game/Packs/AAA/Skins/PrimalItemCostume_AAA_Dilo,PrimalItemCostume_AAA_Dilo,PrimalItemCostume_AAA_Dilo_C,Y,N,Skin,EPrimalItemType:Skin; EPrimalMilestoneType:Craft,Y,
item,/Game/Packs/AAA/Skins/PrimalItemCostume_AAA_Dimetrodon,PrimalItemCostume_AAA_Dimetrodon,PrimalItemCostume_AAA_Dimetrodon_C,Y,N,Skin,EPrimalItemType:Skin; EPrimalMilestoneType:Craft,Y,
item,/Game/Packs/AAA/Skins/PrimalItemCostume_AAA_Dimorphodon,PrimalItemCostume_AAA_Dimorphodon,PrimalItemCostume_AAA_Dimorphodon_C,Y,N,Skin,EPrimalItemType:Skin; EPrimalMilestoneType:Craft,Y,
item,/Game/Packs/AAA/Skins/PrimalItemCostume_AAA_Diplocaulus,PrimalItemCostume_AAA_Diplocaulus,PrimalItemCostume_AAA_Diplocaulus_C,Y,N,Skin,EPrimalItemType:Skin; EPrimalMilestoneType:Craft,Y,
item,/Game/Packs/AAA/Skins/PrimalItemCostume_AAA_Diplodocus,PrimalItemCostume_AAA_Diplodocus,PrimalItemCostume_AAA_Diplodocus_C,Y,N,Skin,EPrimalItemType:Skin; EPrimalMilestoneType:Craft,Y,
item,/Game/Packs/AAA/Skins/PrimalItemCostume_AAA_DireBear,PrimalItemCostume_AAA_DireBear,PrimalItemCostume_AAA_DireBear_C,Y,N,Skin,EPrimalItemType:Skin; EPrimalMilestoneType:Craft,Y,
item,/Game/Packs/AAA/Skins/PrimalItemCostume_AAA_Direwolf,PrimalItemCostume_AAA_Direwolf,PrimalItemCostume_AAA_Direwolf_C,Y,N,Skin,EPrimalItemType:Skin; EPrimalMilestoneType:Craft,Y,
item,/Game/Packs/AAA/Skins/PrimalItemCostume_AAA_Dodo_SkinPack,PrimalItemCostume_AAA_Dodo_SkinPack,PrimalItemCostume_AAA_Dodo_SkinPack_C,Y,N,Skin,EPrimalItemType:Skin; EPrimalMilestoneType:Craft,Y,
item,/Game/Packs/AAA/Skins/PrimalItemCostume_AAA_Doedicurus_SkinPack,PrimalItemCostume_AAA_Doedicurus_SkinPack,PrimalItemCostume_AAA_Doedicurus_SkinPack_C,Y,N,Skin,EPrimalItemType:Skin; EPrimalMilestoneType:Craft,Y,
item,/Game/Packs/AAA/Skins/PrimalItemCostume_AAA_Dolphin,PrimalItemCostume_AAA_Dolphin,PrimalItemCostume_AAA_Dolphin_C,Y,N,Skin,EPrimalItemType:Skin; EPrimalMilestoneType:Craft,Y,
item,/Game/Packs/AAA/Skins/PrimalItemCostume_AAA_DungBeetle,PrimalItemCostume_AAA_DungBeetle,PrimalItemCostume_AAA_DungBeetle_C,Y,N,Skin,EPrimalItemType:Skin; EPrimalMilestoneType:Craft,Y,
item,/Game/Packs/AAA/Skins/PrimalItemCostume_AAA_Dunkleosteus,PrimalItemCostume_AAA_Dunkleosteus,PrimalItemCostume_AAA_Dunkleosteus_C,Y,N,Skin,EPrimalItemType:Skin; EPrimalMilestoneType:Craft,Y,
item,/Game/Packs/AAA/Skins/PrimalItemCostume_AAA_Eel,PrimalItemCostume_AAA_Eel,PrimalItemCostume_AAA_Eel_C,Y,N,Skin,EPrimalItemType:Skin; EPrimalMilestoneType:Craft,Y,
item,/Game/Packs/AAA/Skins/PrimalItemCostume_AAA_Equus,PrimalItemCostume_AAA_Equus,PrimalItemCostume_AAA_Equus_C,Y,N,Skin,EPrimalItemType:Skin; EPrimalMilestoneType:Craft,Y,
item,/Game/Packs/AAA/Skins/PrimalItemCostume_AAA_Gallimimus,PrimalItemCostume_AAA_Gallimimus,PrimalItemCostume_AAA_Gallimimus_C,Y,N,Skin,EPrimalItemType:Skin; EPrimalMilestoneType:Craft,Y,
item,/Game/Packs/AAA/Skins/PrimalItemCostume_AAA_Giganotosaurus_SkinPack,PrimalItemCostume_AAA_Giganotosaurus_SkinPack,PrimalItemCostume_AAA_Giganotosaurus_SkinPack_C,Y,N,Skin,EPrimalItemType:Skin; EPrimalMilestoneType:Craft,Y,
item,/Game/Packs/AAA/Skins/PrimalItemCostume_AAA_Hesperornis,PrimalItemCostume_AAA_Hesperornis,PrimalItemCostume_AAA_Hesperornis_C,Y,N,Skin,EPrimalItemType:Skin; EPrimalMilestoneType:Craft,Y,
item,/Game/Packs/AAA/Skins/PrimalItemCostume_AAA_Hyaenodon,PrimalItemCostume_AAA_Hyaenodon,PrimalItemCostume_AAA_Hyaenodon_C,Y,N,Skin,EPrimalItemType:Skin; EPrimalMilestoneType:Craft,Y,
item,/Game/Packs/AAA/Skins/PrimalItemCostume_AAA_Ichthyornis,PrimalItemCostume_AAA_Ichthyornis,PrimalItemCostume_AAA_Ichthyornis_C,Y,N,Skin,EPrimalItemType:Skin; EPrimalMilestoneType:Craft,Y,
item,/Game/Packs/AAA/Skins/PrimalItemCostume_AAA_Iguanodon,PrimalItemCostume_AAA_Iguanodon,PrimalItemCostume_AAA_Iguanodon_C,Y,N,Skin,EPrimalItemType:Skin; EPrimalMilestoneType:Craft,Y,
item,/Game/Packs/AAA/Skins/PrimalItemCostume_AAA_Kairuku,PrimalItemCostume_AAA_Kairuku,PrimalItemCostume_AAA_Kairuku_C,Y,N,Skin,EPrimalItemType:Skin; EPrimalMilestoneType:Craft,Y,
item,/Game/Packs/AAA/Skins/PrimalItemCostume_AAA_Kaprosuchus,PrimalItemCostume_AAA_Kaprosuchus,PrimalItemCostume_AAA_Kaprosuchus_C,Y,N,Skin,EPrimalItemType:Skin; EPrimalMilestoneType:Craft,Y,
item,/Game/Packs/AAA/Skins/PrimalItemCostume_AAA_Kentrosaurus,PrimalItemCostume_AAA_Kentrosaurus,PrimalItemCostume_AAA_Kentrosaurus_C,Y,N,Skin,EPrimalItemType:Skin; EPrimalMilestoneType:Craft,Y,
item,/Game/Packs/AAA/Skins/PrimalItemCostume_AAA_Lystrosaurus,PrimalItemCostume_AAA_Lystrosaurus,PrimalItemCostume_AAA_Lystrosaurus_C,Y,N,Skin,EPrimalItemType:Skin; EPrimalMilestoneType:Craft,Y,
item,/Game/Packs/AAA/Skins/PrimalItemCostume_AAA_Mammoth,PrimalItemCostume_AAA_Mammoth,PrimalItemCostume_AAA_Mammoth_C,Y,N,Skin,EPrimalItemType:Skin; EPrimalMilestoneType:Craft,Y,
item,/Game/Packs/AAA/Skins/PrimalItemCostume_AAA_Manta,PrimalItemCostume_AAA_Manta,PrimalItemCostume_AAA_Manta_C,Y,N,Skin,EPrimalItemType:Skin; EPrimalMilestoneType:Craft,Y,
item,/Game/Packs/AAA/Skins/PrimalItemCostume_AAA_Megalania_SkinPack,PrimalItemCostume_AAA_Megalania_SkinPack,PrimalItemCostume_AAA_Megalania_SkinPack_C,Y,N,Skin,EPrimalItemType:Skin; EPrimalMilestoneType:Craft,Y,
item,/Game/Packs/AAA/Skins/PrimalItemCostume_AAA_Megalodon,PrimalItemCostume_AAA_Megalodon,PrimalItemCostume_AAA_Megalodon_C,Y,N,Skin,EPrimalItemType:Skin; EPrimalMilestoneType:Craft,Y,
item,/Game/Packs/AAA/Skins/PrimalItemCostume_AAA_Megalosaurus,PrimalItemCostume_AAA_Megalosaurus,PrimalItemCostume_AAA_Megalosaurus_C,Y,N,Skin,EPrimalItemType:Skin; EPrimalMilestoneType:Craft,Y,
item,/Game/Packs/AAA/Skins/PrimalItemCostume_AAA_Megatherium,PrimalItemCostume_AAA_Megatherium,PrimalItemCostume_AAA_Megatherium_C,Y,N,Skin,EPrimalItemType:Skin; EPrimalMilestoneType:Craft,Y,
item,/Game/Packs/AAA/Skins/PrimalItemCostume_AAA_Mesopithecus_SkinPack,PrimalItemCostume_AAA_Mesopithecus_SkinPack,PrimalItemCostume_AAA_Mesopithecus_SkinPack_C,Y,N,Skin,EPrimalItemType:Skin; EPrimalMilestoneType:Craft,Y,
item,/Game/Packs/AAA/Skins/PrimalItemCostume_AAA_Microraptor,PrimalItemCostume_AAA_Microraptor,PrimalItemCostume_AAA_Microraptor_C,Y,N,Skin,EPrimalItemType:Skin; EPrimalMilestoneType:Craft,Y,
item,/Game/Packs/AAA/Skins/PrimalItemCostume_AAA_Mosasaurus,PrimalItemCostume_AAA_Mosasaurus,PrimalItemCostume_AAA_Mosasaurus_C,Y,N,Skin,EPrimalItemType:Skin; EPrimalMilestoneType:Craft,Y,
item,/Game/Packs/AAA/Skins/PrimalItemCostume_AAA_Moschops,PrimalItemCostume_AAA_Moschops,PrimalItemCostume_AAA_Moschops_C,Y,N,Skin,EPrimalItemType:Skin; EPrimalMilestoneType:Craft,Y,
item,/Game/Packs/AAA/Skins/PrimalItemCostume_AAA_Otter_SkinPack,PrimalItemCostume_AAA_Otter_SkinPack,PrimalItemCostume_AAA_Otter_SkinPack_C,Y,N,Skin,EPrimalItemType:Skin; EPrimalMilestoneType:Craft,Y,
item,/Game/Packs/AAA/Skins/PrimalItemCostume_AAA_Oviraptor,PrimalItemCostume_AAA_Oviraptor,PrimalItemCostume_AAA_Oviraptor_C,Y,N,Skin,EPrimalItemType:Skin; EPrimalMilestoneType:Craft,Y,
item,/Game/Packs/AAA/Skins/PrimalItemCostume_AAA_Pachy,PrimalItemCostume_AAA_Pachy,PrimalItemCostume_AAA_Pachy_C,Y,N,Skin,EPrimalItemType:Skin; EPrimalMilestoneType:Craft,Y,
item,/Game/Packs/AAA/Skins/PrimalItemCostume_AAA_Pachyrhino,PrimalItemCostume_AAA_Pachyrhino,PrimalItemCostume_AAA_Pachyrhino_C,Y,N,Skin,EPrimalItemType:Skin; EPrimalMilestoneType:Craft,Y,
item,/Game/Packs/AAA/Skins/PrimalItemCostume_AAA_Paraceratherium,PrimalItemCostume_AAA_Paraceratherium,PrimalItemCostume_AAA_Paraceratherium_C,Y,N,Skin,EPrimalItemType:Skin; EPrimalMilestoneType:Craft,Y,
item,/Game/Packs/AAA/Skins/PrimalItemCostume_AAA_Parasaur_SkinPack,PrimalItemCostume_AAA_Parasaur_SkinPack,PrimalItemCostume_AAA_Parasaur_SkinPack_C,Y,N,Skin,EPrimalItemType:Skin; EPrimalMilestoneType:Craft,Y,
item,/Game/Packs/AAA/Skins/PrimalItemCostume_AAA_Pegomastax,PrimalItemCostume_AAA_Pegomastax,PrimalItemCostume_AAA_Pegomastax_C,Y,N,Skin,EPrimalItemType:Skin; EPrimalMilestoneType:Craft,Y,
item,/Game/Packs/AAA/Skins/PrimalItemCostume_AAA_Pela,PrimalItemCostume_AAA_Pela,PrimalItemCostume_AAA_Pela_C,Y,N,Skin,EPrimalItemType:Skin; EPrimalMilestoneType:Craft,Y,
item,/Game/Packs/AAA/Skins/PrimalItemCostume_AAA_Phiomia,PrimalItemCostume_AAA_Phiomia,PrimalItemCostume_AAA_Phiomia_C,Y,N,Skin,EPrimalItemType:Skin; EPrimalMilestoneType:Craft,Y,
item,/Game/Packs/AAA/Skins/PrimalItemCostume_AAA_Piranha,PrimalItemCostume_AAA_Piranha,PrimalItemCostume_AAA_Piranha_C,Y,N,Skin,EPrimalItemType:Skin; EPrimalMilestoneType:Craft,Y,
item,/Game/Packs/AAA/Skins/PrimalItemCostume_AAA_Plesiosaur,PrimalItemCostume_AAA_Plesiosaur,PrimalItemCostume_AAA_Plesiosaur_C,Y,N,Skin,EPrimalItemType:Skin; EPrimalMilestoneType:Craft,Y,
item,/Game/Packs/AAA/Skins/PrimalItemCostume_AAA_Procoptodon,PrimalItemCostume_AAA_Procoptodon,PrimalItemCostume_AAA_Procoptodon_C,Y,N,Skin,EPrimalItemType:Skin; EPrimalMilestoneType:Craft,Y,
item,/Game/Packs/AAA/Skins/PrimalItemCostume_AAA_Ptero_SkinPack,PrimalItemCostume_AAA_Ptero_SkinPack,PrimalItemCostume_AAA_Ptero_SkinPack_C,Y,N,Skin,EPrimalItemType:Skin; EPrimalMilestoneType:Craft,Y,
item,/Game/Packs/AAA/Skins/PrimalItemCostume_AAA_Purlovia,PrimalItemCostume_AAA_Purlovia,PrimalItemCostume_AAA_Purlovia_C,Y,N,Skin,EPrimalItemType:Skin; EPrimalMilestoneType:Craft,Y,
item,/Game/Packs/AAA/Skins/PrimalItemCostume_AAA_Quetzal_SkinPack,PrimalItemCostume_AAA_Quetzal_SkinPack,PrimalItemCostume_AAA_Quetzal_SkinPack_C,Y,N,Skin,EPrimalItemType:Skin; EPrimalMilestoneType:Craft,Y,
item,/Game/Packs/AAA/Skins/PrimalItemCostume_AAA_Raptor_SkinPack,PrimalItemCostume_AAA_Raptor_SkinPack,PrimalItemCostume_AAA_Raptor_SkinPack_C,Y,N,Skin,EPrimalItemType:Skin; EPrimalMilestoneType:Craft,Y,
item,/Game/Packs/AAA/Skins/PrimalItemCostume_AAA_Rex_SkinPack,PrimalItemCostume_AAA_Rex_SkinPack,PrimalItemCostume_AAA_Rex_SkinPack_C,Y,N,Skin,EPrimalItemType:Skin; EPrimalMilestoneType:Craft,Y,
item,/Game/Packs/AAA/Skins/PrimalItemCostume_AAA_Rhyniognatha,PrimalItemCostume_AAA_Rhyniognatha,PrimalItemCostume_AAA_Rhyniognatha_C,Y,N,Skin,EPrimalItemType:Skin; EPrimalMilestoneType:Craft,Y,
item,/Game/Packs/AAA/Skins/PrimalItemCostume_AAA_Saber_SkinPack,PrimalItemCostume_AAA_Saber_SkinPack,PrimalItemCostume_AAA_Saber_SkinPack_C,Y,N,Skin,EPrimalItemType:Skin; EPrimalMilestoneType:Craft,Y,
item,/Game/Packs/AAA/Skins/PrimalItemCostume_AAA_Salmon,PrimalItemCostume_AAA_Salmon,PrimalItemCostume_AAA_Salmon_C,Y,N,Skin,EPrimalItemType:Skin; EPrimalMilestoneType:Craft,Y,
item,/Game/Packs/AAA/Skins/PrimalItemCostume_AAA_Sarco,PrimalItemCostume_AAA_Sarco,PrimalItemCostume_AAA_Sarco_C,Y,N,Skin,EPrimalItemType:Skin; EPrimalMilestoneType:Craft,Y,
item,/Game/Packs/AAA/Skins/PrimalItemCostume_AAA_Sauropod_SkinPack,PrimalItemCostume_AAA_Sauropod_SkinPack,PrimalItemCostume_AAA_Sauropod_SkinPack_C,Y,N,Skin,EPrimalItemType:Skin; EPrimalMilestoneType:Craft,Y,
item,/Game/Packs/AAA/Skins/PrimalItemCostume_AAA_Scorpion,PrimalItemCostume_AAA_Scorpion,PrimalItemCostume_AAA_Scorpion_C,Y,N,Skin,EPrimalItemType:Skin; EPrimalMilestoneType:Craft,Y,
item,/Game/Packs/AAA/Skins/PrimalItemCostume_AAA_Sheep,PrimalItemCostume_AAA_Sheep,PrimalItemCostume_AAA_Sheep_C,Y,N,Skin,EPrimalItemType:Skin; EPrimalMilestoneType:Craft,Y,
item,/Game/Packs/AAA/Skins/PrimalItemCostume_AAA_Spider_Small,PrimalItemCostume_AAA_Spider_Small,PrimalItemCostume_AAA_Spider_Small_C,Y,N,Skin,EPrimalItemType:Skin; EPrimalMilestoneType:Craft,Y,
item,/Game/Packs/AAA/Skins/PrimalItemCostume_AAA_Spino,PrimalItemCostume_AAA_Spino,PrimalItemCostume_AAA_Spino_C,Y,N,Skin,EPrimalItemType:Skin; EPrimalMilestoneType:Craft,Y,
item,/Game/Packs/AAA/Skins/PrimalItemCostume_AAA_Stag,PrimalItemCostume_AAA_Stag,PrimalItemCostume_AAA_Stag_C,Y,N,Skin,EPrimalItemType:Skin; EPrimalMilestoneType:Craft,Y,
item,/Game/Packs/AAA/Skins/PrimalItemCostume_AAA_Stego_SkinPack,PrimalItemCostume_AAA_Stego_SkinPack,PrimalItemCostume_AAA_Stego_SkinPack_C,Y,N,Skin,EPrimalItemType:Skin; EPrimalMilestoneType:Craft,Y,
item,/Game/Packs/AAA/Skins/PrimalItemCostume_AAA_Tapejara,PrimalItemCostume_AAA_Tapejara,PrimalItemCostume_AAA_Tapejara_C,Y,N,Skin,EPrimalItemType:Skin; EPrimalMilestoneType:Craft,Y,
item,/Game/Packs/AAA/Skins/PrimalItemCostume_AAA_TerrorBird,PrimalItemCostume_AAA_TerrorBird,PrimalItemCostume_AAA_TerrorBird_C,Y,N,Skin,EPrimalItemType:Skin; EPrimalMilestoneType:Craft,Y,
item,/Game/Packs/AAA/Skins/PrimalItemCostume_AAA_Therizinosaurus,PrimalItemCostume_AAA_Therizinosaurus,PrimalItemCostume_AAA_Therizinosaurus_C,Y,N,Skin,EPrimalItemType:Skin; EPrimalMilestoneType:Craft,Y,
item,/Game/Packs/AAA/Skins/PrimalItemCostume_AAA_Thylacoleo,PrimalItemCostume_AAA_Thylacoleo,PrimalItemCostume_AAA_Thylacoleo_C,Y,N,Skin,EPrimalItemType:Skin; EPrimalMilestoneType:Craft,Y,
item,/Game/Packs/AAA/Skins/PrimalItemCostume_AAA_Titanosaur,PrimalItemCostume_AAA_Titanosaur,PrimalItemCostume_AAA_Titanosaur_C,Y,N,Skin,EPrimalItemType:Skin; EPrimalMilestoneType:Craft,Y,
item,/Game/Packs/AAA/Skins/PrimalItemCostume_AAA_Toad,PrimalItemCostume_AAA_Toad,PrimalItemCostume_AAA_Toad_C,Y,N,Skin,EPrimalItemType:Skin; EPrimalMilestoneType:Craft,Y,
item,/Game/Packs/AAA/Skins/PrimalItemCostume_AAA_Trike_SkinPack,PrimalItemCostume_AAA_Trike_SkinPack,PrimalItemCostume_AAA_Trike_SkinPack_C,Y,N,Skin,EPrimalItemType:Skin; EPrimalMilestoneType:Craft,Y,
item,/Game/Packs/AAA/Skins/PrimalItemCostume_AAA_Troodon,PrimalItemCostume_AAA_Troodon,PrimalItemCostume_AAA_Troodon_C,Y,N,Skin,EPrimalItemType:Skin; EPrimalMilestoneType:Craft,Y,
item,/Game/Packs/AAA/Skins/PrimalItemCostume_AAA_Turtle,PrimalItemCostume_AAA_Turtle,PrimalItemCostume_AAA_Turtle_C,Y,N,Skin,EPrimalItemType:Skin; EPrimalMilestoneType:Craft,Y,
item,/Game/Packs/AAA/Skins/PrimalItemCostume_AAA_Tusoteuthis,PrimalItemCostume_AAA_Tusoteuthis,PrimalItemCostume_AAA_Tusoteuthis_C,Y,N,Skin,EPrimalItemType:Skin; EPrimalMilestoneType:Craft,Y,
item,/Game/Packs/AAA/Skins/PrimalItemCostume_AAA_Vulture,PrimalItemCostume_AAA_Vulture,PrimalItemCostume_AAA_Vulture_C,Y,N,Skin,EPrimalItemType:Skin; EPrimalMilestoneType:Craft,Y,
item,/Game/Packs/AAA/Skins/PrimalItemCostume_AAA_WoollyRhino,PrimalItemCostume_AAA_WoollyRhino,PrimalItemCostume_AAA_WoollyRhino_C,Y,N,Skin,EPrimalItemType:Skin; EPrimalMilestoneType:Craft,Y,
item,/Game/Packs/AAA/Skins/PrimalItemCostume_AAA_Yutyrannus_SkinPack,PrimalItemCostume_AAA_Yutyrannus_SkinPack,PrimalItemCostume_AAA_Yutyrannus_SkinPack_C,Y,N,Skin,EPrimalItemType:Skin; EPrimalMilestoneType:Craft,Y,
item,/Game/Packs/AAA/Skins/PrimalItemSkin_CharacterSkin_Alasie_SkinPack,PrimalItemSkin_CharacterSkin_Alasie_SkinPack,PrimalItemSkin_CharacterSkin_Alasie_SkinPack_C,Y,N,Skin,EPrimalItemType:Skin; EPrimalMilestoneType:Craft,Y,
item,/Game/Packs/AAA/Skins/PrimalItemSkin_CharacterSkin_Bob_SkinPack,PrimalItemSkin_CharacterSkin_Bob_SkinPack,PrimalItemSkin_CharacterSkin_Bob_SkinPack_C,Y,N,Skin,EPrimalItemType:Skin; EPrimalMilestoneType:Craft,Y,
item,/Game/Packs/AAA/Skins/PrimalItemSkin_CharacterSkin_Chava,PrimalItemSkin_CharacterSkin_Chava,PrimalItemSkin_CharacterSkin_Chava_C,Y,N,Skin,EPrimalItemType:Skin; EPrimalMilestoneType:Craft,Y,
item,/Game/Packs/AAA/Skins/PrimalItemSkin_CharacterSkin_Gladiatrix_SkinPack,PrimalItemSkin_CharacterSkin_Gladiatrix_SkinPack,PrimalItemSkin_CharacterSkin_Gladiatrix_SkinPack_C,Y,N,Skin,EPrimalItemType:Skin; EPrimalMilestoneType:Craft,Y,
item,/Game/Packs/AAA/Skins/PrimalItemSkin_CharacterSkin_Helena_SkinPack,PrimalItemSkin_CharacterSkin_Helena_SkinPack,PrimalItemSkin_CharacterSkin_Helena_SkinPack_C,Y,N,Skin,EPrimalItemType:Skin; EPrimalMilestoneType:Craft,Y,
item,/Game/Packs/AAA/Skins/PrimalItemSkin_CharacterSkin_Henry_SkinPack,PrimalItemSkin_CharacterSkin_Henry_SkinPack,PrimalItemSkin_CharacterSkin_Henry_SkinPack_C,Y,N,Skin,EPrimalItemType:Skin; EPrimalMilestoneType:Craft,Y,
item,/Game/Packs/AAA/Skins/PrimalItemSkin_CharacterSkin_Jane,PrimalItemSkin_CharacterSkin_Jane,PrimalItemSkin_CharacterSkin_Jane_C,Y,N,Skin,EPrimalItemType:Skin; EPrimalMilestoneType:Craft,Y,
item,/Game/Packs/AAA/Skins/PrimalItemSkin_CharacterSkin_John_SkinPack,PrimalItemSkin_CharacterSkin_John_SkinPack,PrimalItemSkin_CharacterSkin_John_SkinPack_C,Y,N,Skin,EPrimalItemType:Skin; EPrimalMilestoneType:Craft,Y,
item,/Game/Packs/AAA/Skins/PrimalItemSkin_CharacterSkin_Kor_SkinPack,PrimalItemSkin_CharacterSkin_Kor_SkinPack,PrimalItemSkin_CharacterSkin_Kor_SkinPack_C,Y,N,Skin,EPrimalItemType:Skin; EPrimalMilestoneType:Craft,Y,
item,/Game/Packs/AAA/Skins/PrimalItemSkin_CharacterSkin_Meiyin_NewArmor,PrimalItemSkin_CharacterSkin_Meiyin_NewArmor,PrimalItemSkin_CharacterSkin_Meiyin_NewArmor_C,Y,N,Skin,EPrimalItemType:Skin; EPrimalMilestoneType:Craft,Y,
item,/Game/Packs/AAA/Skins/PrimalItemSkin_CharacterSkin_Meiyin_Rebel,PrimalItemSkin_CharacterSkin_Meiyin_Rebel,PrimalItemSkin_CharacterSkin_Meiyin_Rebel_C,Y,N,Skin,EPrimalItemType:Skin; EPrimalMilestoneType:Craft,Y,
item,/Game/Packs/AAA/Skins/PrimalItemSkin_CharacterSkin_Meiyin_SkinPack,PrimalItemSkin_CharacterSkin_Meiyin_SkinPack,PrimalItemSkin_CharacterSkin_Meiyin_SkinPack_C,Y,N,Skin,EPrimalItemType:Skin; EPrimalMilestoneType:Craft,Y,
item,/Game/Packs/AAA/Skins/PrimalItemSkin_CharacterSkin_Nerva_SkinPack,PrimalItemSkin_CharacterSkin_Nerva_SkinPack,PrimalItemSkin_CharacterSkin_Nerva_SkinPack_C,Y,N,Skin,EPrimalItemType:Skin; EPrimalMilestoneType:Craft,Y,
item,/Game/Packs/AAA/Skins/PrimalItemSkin_CharacterSkin_Rockwell_SkinPack,PrimalItemSkin_CharacterSkin_Rockwell_SkinPack,PrimalItemSkin_CharacterSkin_Rockwell_SkinPack_C,Y,N,Skin,EPrimalItemType:Skin; EPrimalMilestoneType:Craft,Y,
item,/Game/Packs/Frontier/CoreBlueprints/Items/Armor/Saddles/PrimalItemArmor_SaddleCarriage,PrimalItemArmor_SaddleCarriage,PrimalItemArmor_SaddleCarriage_C,N,N,Equipment,EPrimalItemType:Equipment; EPrimalMilestoneType:Craft,Y,
item,/Game/Packs/Frontier/CoreBlueprints/Items/Armor/Saddles/PrimalItemArmor_SaddleCart,PrimalItemArmor_SaddleCart,PrimalItemArmor_SaddleCart_C,Y,N,Equipment,EPrimalItemType:Equipment; EPrimalMilestoneType:Craft,Y,
item,/Game/Packs/Frontier/CoreBlueprints/Items/PrimalItemSkin_BowlerHat,PrimalItemSkin_BowlerHat,PrimalItemSkin_BowlerHat_C,Y,N,Skin,EPrimalItemType:Skin; EPrimalMilestoneType:Craft,Y,
item,/Game/Packs/Frontier/CoreBlueprints/Items/PrimalItemSkin_C4_Dynamite,PrimalItemSkin_C4_Dynamite,PrimalItemSkin_C4_Dynamite_C,Y,N,Skin,EPrimalItemType:Skin; EPrimalMilestoneType:Craft,Y,
item,/Game/Packs/Frontier/CoreBlueprints/Items/PrimalItemSkin_DrifterBoots,PrimalItemSkin_DrifterBoots,PrimalItemSkin_DrifterBoots_C,Y,N,Skin,EPrimalItemType:Skin; EPrimalMilestoneType:Craft,Y,
item,/Game/Packs/Frontier/CoreBlueprints/Items/PrimalItemSkin_DrifterGloves,PrimalItemSkin_DrifterGloves,PrimalItemSkin_DrifterGloves_C,Y,N,Skin,EPrimalItemType:Skin; EPrimalMilestoneType:Craft,Y,
item,/Game/Packs/Frontier/CoreBlueprints/Items/PrimalItemSkin_DrifterHat,PrimalItemSkin_DrifterHat,PrimalItemSkin_DrifterHat_C,Y,N,Skin,EPrimalItemType:Skin; EPrimalMilestoneType:Craft,Y,
item,/Game/Packs/Frontier/CoreBlueprints/Items/PrimalItemSkin_DrifterPants,PrimalItemSkin_DrifterPants,PrimalItemSkin_DrifterPants_C,Y,N,Skin,EPrimalItemType:Skin; EPrimalMilestoneType:Craft,Y,
item,/Game/Packs/Frontier/CoreBlueprints/Items/PrimalItemSkin_DrifterShirt,PrimalItemSkin_DrifterShirt,PrimalItemSkin_DrifterShirt_C,Y,N,Skin,EPrimalItemType:Skin; EPrimalMilestoneType:Craft,Y,
item,/Game/Packs/Frontier/CoreBlueprints/Items/PrimalItemSkin_RancherHat,PrimalItemSkin_RancherHat,PrimalItemSkin_RancherHat_C,Y,N,Skin,EPrimalItemType:Skin; EPrimalMilestoneType:Craft,Y,
item,/Game/Packs/Frontier/CoreBlueprints/Items/PrimalItemSkin_RustlerBoots,PrimalItemSkin_RustlerBoots,PrimalItemSkin_RustlerBoots_C,Y,N,Skin,EPrimalItemType:Skin; EPrimalMilestoneType:Craft,Y,
item,/Game/Packs/Frontier/CoreBlueprints/Items/PrimalItemSkin_RustlerGloves,PrimalItemSkin_RustlerGloves,PrimalItemSkin_RustlerGloves_C,Y,N,Skin,EPrimalItemType:Skin; EPrimalMilestoneType:Craft,Y,
item,/Game/Packs/Frontier/CoreBlueprints/Items/PrimalItemSkin_RustlerHat,PrimalItemSkin_RustlerHat,PrimalItemSkin_RustlerHat_C,Y,N,Skin,EPrimalItemType:Skin; EPrimalMilestoneType:Craft,Y,
item,/Game/Packs/Frontier/CoreBlueprints/Items/PrimalItemSkin_RustlerPants,PrimalItemSkin_RustlerPants,PrimalItemSkin_RustlerPants_C,Y,N,Skin,EPrimalItemType:Skin; EPrimalMilestoneType:Craft,Y,
item,/Game/Packs/Frontier/CoreBlueprints/Items/PrimalItemSkin_RustlerShirt,PrimalItemSkin_RustlerShirt,PrimalItemSkin_RustlerShirt_C,Y,N,Skin,EPrimalItemType:Skin; EPrimalMilestoneType:Craft,Y,
item,/Game/Packs/Frontier/CoreBlueprints/Items/PrimalItemSkin_SinisterHat,PrimalItemSkin_SinisterHat,PrimalItemSkin_SinisterHat_C,Y,N,Skin,EPrimalItemType:Skin; EPrimalMilestoneType:Craft,Y,
item,/Game/Packs/Frontier/Dinos/Train/PrimalItem_TrainEngine,PrimalItem_TrainEngine,PrimalItem_TrainEngine_C,Y,N,MiscConsumable,EPrimalItemType:MiscConsumable; EPrimalMilestoneType:Craft,Y,
item,/Game/Packs/Frontier/Minigames/Poker/Table/PrimalItemStructure_PokerTableSH,PrimalItemStructure_PokerTableSH,PrimalItemStructure_PokerTableSH_C,N,N,Structure,EPrimalItemType:Structure; EPrimalMilestoneType:Craft,Y,
item,/Game/Packs/Frontier/Structures/BarrelStorage/PrimalItemStructure_StorageBox_Barrel,PrimalItemStructure_StorageBox_Barrel,PrimalItemStructure_StorageBox_Barrel_C,Y,N,Structure,EPrimalItemType:Structure; EPrimalMilestoneType:Craft,Y,
item,/Game/Packs/Frontier/Structures/Chandelier/PrimalItemStructure_Chandelier,PrimalItemStructure_Chandelier,PrimalItemStructure_Chandelier_C,N,N,Structure,EPrimalItemType:Structure; EPrimalMilestoneType:Craft,Y,
item,/Game/Packs/Frontier/Structures/Coffin/PrimalItemStructure_Coffin,PrimalItemStructure_Coffin,PrimalItemStructure_Coffin_C,Y,N,Structure,EPrimalItemType:Structure; EPrimalMilestoneType:Craft,Y,
item,/Game/Packs/Frontier/Structures/DrawingSheet/PrimalItemStructure_DrawingSheet,PrimalItemStructure_DrawingSheet,PrimalItemStructure_DrawingSheet_C,Y,N,Structure,EPrimalItemType:Structure; EPrimalMilestoneType:Craft,Y,
item,/Game/Packs/Frontier/Structures/FancyArmchair/PrimalItemStructure_FancyChair,PrimalItemStructure_FancyChair,PrimalItemStructure_FancyChair_C,Y,N,Structure,EPrimalItemType:Structure; EPrimalMilestoneType:Craft,Y,
item,/Game/Packs/Frontier/Structures/FancyCouch/PrimalItemStructure_Furniture_FancyCouch,PrimalItemStructure_Furniture_FancyCouch,PrimalItemStructure_Furniture_FancyCouch_C,Y,N,Structure,EPrimalItemType:Structure; EPrimalMilestoneType:Craft,Y,
item,/Game/Packs/Frontier/Structures/HangingSign/PrimalItemStructure_HangingSign,PrimalItemStructure_HangingSign,PrimalItemStructure_HangingSign_C,Y,N,Structure,EPrimalItemType:Structure; EPrimalMilestoneType:Craft,Y,
item,/Game/Packs/Frontier/Structures/OilLamp/PrimalItemStructure_OilLamp,PrimalItemStructure_OilLamp,PrimalItemStructure_OilLamp_C,Y,N,Structure,EPrimalItemType:Structure; EPrimalMilestoneType:Craft,Y,
item,/Game/Packs/Frontier/Structures/PlantPot/PrimalItemStructure_PlantPot,PrimalItemStructure_PlantPot,PrimalItemStructure_PlantPot_C,Y,N,Structure,EPrimalItemType:Structure; EPrimalMilestoneType:Craft,Y,
item,/Game/Packs/Frontier/Structures/SaloonChair/PrimalItemStructure_Furniture_SaloonChair,PrimalItemStructure_Furniture_SaloonChair,PrimalItemStructure_Furniture_SaloonChair_C,Y,N,Structure,EPrimalItemType:Structure; EPrimalMilestoneType:Craft,Y,
item,/Game/Packs/Frontier/Structures/SaloonPiano/PrimalItemStructure_SaloonPiano,PrimalItemStructure_SaloonPiano,PrimalItemStructure_SaloonPiano_C,Y,N,Structure,EPrimalItemType:Structure; EPrimalMilestoneType:Craft,Y,
item,/Game/Packs/Frontier/Structures/SaloonStool/PrimalItemStructure_SaloonStool,PrimalItemStructure_SaloonStool,PrimalItemStructure_SaloonStool_C,Y,N,Structure,EPrimalItemType:Structure; EPrimalMilestoneType:Craft,Y,
item,/Game/Packs/Frontier/Structures/SaloonTable/PrimalItemStructure_Furniture_SaloonTable,PrimalItemStructure_Furniture_SaloonTable,PrimalItemStructure_Furniture_SaloonTable_C,Y,N,Structure,EPrimalItemType:Structure; EPrimalMilestoneType:Craft,Y,
item,/Game/Packs/Frontier/Structures/Scaffolding/PrimalItemStructure_Wall_Scaffolding,PrimalItemStructure_Wall_Scaffolding,PrimalItemStructure_Wall_Scaffolding_C,Y,N,Structure,EPrimalItemType:Structure; EPrimalMilestoneType:Craft,Y,
item,/Game/Packs/Frontier/Structures/ShootableBottle/PrimalItemStructure_ShootableBottle,PrimalItemStructure_ShootableBottle,PrimalItemStructure_ShootableBottle_C,Y,N,Structure,EPrimalItemType:Structure; EPrimalMilestoneType:Craft,Y,
item,/Game/Packs/Frontier/Structures/TownBell/PrimalItemStructure_TownBell,PrimalItemStructure_TownBell,PrimalItemStructure_TownBell_C,Y,N,Structure,EPrimalItemType:Structure; EPrimalMilestoneType:Craft,Y,
item,/Game/Packs/Frontier/Structures/TrainCarts/PrimalItem_TrainCar_Platform,PrimalItem_TrainCar_Platform,PrimalItem_TrainCar_Platform_C,Y,N,Structure,EPrimalItemType:Structure; EPrimalMilestoneType:Craft,Y,
item,/Game/Packs/Frontier/Structures/TrainTracks/Auto/Wood/PrimalItemStructure_TrainTrack_Auto_Wood,PrimalItemStructure_TrainTrack_Auto_Wood,PrimalItemStructure_TrainTrack_Auto_Wood_C,Y,N,Structure,EPrimalItemType:Structure; EPrimalMilestoneType:Craft,Y,
item,/Game/Packs/Frontier/Structures/TrainTracks/Wood/PrimalItemStructure_TrainTrack_Wood,PrimalItemStructure_TrainTrack_Wood,PrimalItemStructure_TrainTrack_Wood_C,N,N,Structure,EPrimalItemType:Structure; EPrimalMilestoneType:Craft,Y,
item,/Game/Packs/Frontier/Structures/TreasureCache/PrimalItemStructure_TreasureCache_ASA,PrimalItemStructure_TreasureCache_ASA,PrimalItemStructure_TreasureCache_ASA_C,Y,N,Structure,EPrimalItemType:Structure; EPrimalMilestoneType:Craft,Y,
item,/Game/Packs/Frontier/Structures/TreasureCache/TreasureMap/PrimalItem_TreasureMap_WildSupplyDrop,PrimalItem_TreasureMap_WildSupplyDrop,PrimalItem_TreasureMap_WildSupplyDrop_C,N,N,Structure,EPrimalItemType:Structure; EPrimalMilestoneType:Craft,Y,
item,/Game/Packs/Frontier/Structures/WaterReservoir/PrimalItemStructure_WaterTank_Large,PrimalItemStructure_WaterTank_Large,PrimalItemStructure_WaterTank_Large_C,Y,N,Structure,EPrimalItemType:Structure; EPrimalMilestoneType:Craft,Y,
item,/Game/Packs/Frontier/Structures/WeaponWallMount/PrimalItemStructure_WeaponWallMount,PrimalItemStructure_WeaponWallMount,PrimalItemStructure_WeaponWallMount_C,N,N,Structure,EPrimalItemType:Structure; EPrimalMilestoneType:Craft,Y,
item,/Game/Packs/Frontier/Structures/Windmill/PrimalItemStructure_Windmill,PrimalItemStructure_Windmill,PrimalItemStructure_Windmill_C,Y,N,Structure,EPrimalItemType:Structure; EPrimalMilestoneType:Craft,Y,
item,/Game/Packs/Frontier/Vehicles/Airplane/PrimalItemAmmo_AirplaneFuel,PrimalItemAmmo_AirplaneFuel,PrimalItemAmmo_AirplaneFuel_C,N,N,Ammo,EPrimalItemType:Ammo; EPrimalMilestoneType:Craft; EPrimalMilestoneType:Kill,Y,
item,/Game/Packs/Frontier/Vehicles/Submarine/PrimalItemAmmo_SubmarineFuel,PrimalItemAmmo_SubmarineFuel,PrimalItemAmmo_SubmarineFuel_C,N,N,Ammo,EPrimalItemType:Ammo; EPrimalMilestoneType:Craft; EPrimalMilestoneType:Kill,Y,
item,/Game/Packs/Frontier/Vehicles/Tank/PrimalItemAmmo_TankFuel,PrimalItemAmmo_TankFuel,PrimalItemAmmo_TankFuel_C,N,N,Ammo,EPrimalItemType:Ammo; EPrimalMilestoneType:Craft; EPrimalMilestoneType:Kill,Y,
item,/Game/Packs/Frontier/Weapons/Shovel/PrimalItem_WeaponShovel,PrimalItem_WeaponShovel,PrimalItem_WeaponShovel_C,Y,N,Weapon,EPrimalItemType:Weapon; EPrimalMilestoneType:Craft; EPrimalMilestoneType:Kill,Y,
item,/Game/Packs/Steampunk/CoreBlueprints/Items/PrimalItemSkin_AberrantGhillie_Boots,PrimalItemSkin_AberrantGhillie_Boots,PrimalItemSkin_AberrantGhillie_Boots_C,Y,N,Skin,EPrimalItemType:Skin; EPrimalMilestoneType:Craft,Y,
item,/Game/Packs/Steampunk/CoreBlueprints/Items/PrimalItemSkin_AberrantGhillie_Gloves,PrimalItemSkin_AberrantGhillie_Gloves,PrimalItemSkin_AberrantGhillie_Gloves_C,Y,N,Skin,EPrimalItemType:Skin; EPrimalMilestoneType:Craft,Y,
item,/Game/Packs/Steampunk/CoreBlueprints/Items/PrimalItemSkin_AberrantGhillie_Helmet,PrimalItemSkin_AberrantGhillie_Helmet,PrimalItemSkin_AberrantGhillie_Helmet_C,Y,N,Skin,EPrimalItemType:Skin; EPrimalMilestoneType:Craft,Y,
item,/Game/Packs/Steampunk/CoreBlueprints/Items/PrimalItemSkin_AberrantGhillie_Pants,PrimalItemSkin_AberrantGhillie_Pants,PrimalItemSkin_AberrantGhillie_Pants_C,Y,N,Skin,EPrimalItemType:Skin; EPrimalMilestoneType:Craft,Y,
item,/Game/Packs/Steampunk/CoreBlueprints/Items/PrimalItemSkin_AberrantGhillie_Shirt,PrimalItemSkin_AberrantGhillie_Shirt,PrimalItemSkin_AberrantGhillie_Shirt_C,Y,N,Skin,EPrimalItemType:Skin; EPrimalMilestoneType:Craft,Y,
item,/Game/Packs/Steampunk/CoreBlueprints/Items/PrimalItemSkin_BeretHat,PrimalItemSkin_BeretHat,PrimalItemSkin_BeretHat_C,Y,N,Skin,EPrimalItemType:Skin; EPrimalMilestoneType:Craft,Y,
item,/Game/Packs/Steampunk/CoreBlueprints/Items/PrimalItemSkin_BoaterHat,PrimalItemSkin_BoaterHat,PrimalItemSkin_BoaterHat_C,Y,N,Skin,EPrimalItemType:Skin; EPrimalMilestoneType:Craft,Y,
item,/Game/Packs/Steampunk/CoreBlueprints/Items/PrimalItemSkin_CyclistHat,PrimalItemSkin_CyclistHat,PrimalItemSkin_CyclistHat_C,Y,N,Skin,EPrimalItemType:Skin; EPrimalMilestoneType:Craft,Y,
item,/Game/Packs/Steampunk/CoreBlueprints/Items/PrimalItemSkin_DapperBoots,PrimalItemSkin_DapperBoots,PrimalItemSkin_DapperBoots_C,Y,N,Skin,EPrimalItemType:Skin; EPrimalMilestoneType:Craft,Y,
item,/Game/Packs/Steampunk/CoreBlueprints/Items/PrimalItemSkin_DapperGloves,PrimalItemSkin_DapperGloves,PrimalItemSkin_DapperGloves_C,Y,N,Skin,EPrimalItemType:Skin; EPrimalMilestoneType:Craft,Y,
item,/Game/Packs/Steampunk/CoreBlueprints/Items/PrimalItemSkin_DapperHat_Med,PrimalItemSkin_DapperHat_Med,PrimalItemSkin_DapperHat_Med_C,Y,N,Skin,EPrimalItemType:Skin; EPrimalMilestoneType:Craft,Y,
item,/Game/Packs/Steampunk/CoreBlueprints/Items/PrimalItemSkin_DapperHat_Short,PrimalItemSkin_DapperHat_Short,PrimalItemSkin_DapperHat_Short_C,Y,N,Skin,EPrimalItemType:Skin; EPrimalMilestoneType:Craft,Y,
item,/Game/Packs/Steampunk/CoreBlueprints/Items/PrimalItemSkin_DapperHat_Tall,PrimalItemSkin_DapperHat_Tall,PrimalItemSkin_DapperHat_Tall_C,Y,N,Skin,EPrimalItemType:Skin; EPrimalMilestoneType:Craft,Y,
item,/Game/Packs/Steampunk/CoreBlueprints/Items/PrimalItemSkin_DapperPants,PrimalItemSkin_DapperPants,PrimalItemSkin_DapperPants_C,Y,N,Skin,EPrimalItemType:Skin; EPrimalMilestoneType:Craft,Y,
item,/Game/Packs/Steampunk/CoreBlueprints/Items/PrimalItemSkin_DapperShirt,PrimalItemSkin_DapperShirt,PrimalItemSkin_DapperShirt_C,Y,N,Skin,EPrimalItemType:Skin; EPrimalMilestoneType:Craft,Y,
item,/Game/Packs/Steampunk/CoreBlueprints/Items/PrimalItemSkin_EngineerBoots,PrimalItemSkin_EngineerBoots,PrimalItemSkin_EngineerBoots_C,Y,N,Skin,EPrimalItemType:Skin; EPrimalMilestoneType:Craft,Y,
item,/Game/Packs/Steampunk/CoreBlueprints/Items/PrimalItemSkin_EngineerGloves,PrimalItemSkin_EngineerGloves,PrimalItemSkin_EngineerGloves_C,Y,N,Skin,EPrimalItemType:Skin; EPrimalMilestoneType:Craft,Y,
item,/Game/Packs/Steampunk/CoreBlueprints/Items/PrimalItemSkin_EngineerHat,PrimalItemSkin_EngineerHat,PrimalItemSkin_EngineerHat_C,Y,N,Skin,EPrimalItemType:Skin; EPrimalMilestoneType:Craft,Y,
item,/Game/Packs/Steampunk/CoreBlueprints/Items/PrimalItemSkin_EngineerPants,PrimalItemSkin_EngineerPants,PrimalItemSkin_EngineerPants_C,Y,N,Skin,EPrimalItemType:Skin; EPrimalMilestoneType:Craft,Y,
item,/Game/Packs/Steampunk/CoreBlueprints/Items/PrimalItemSkin_EngineerShirt,PrimalItemSkin_EngineerShirt,PrimalItemSkin_EngineerShirt_C,Y,N,Skin,EPrimalItemType:Skin; EPrimalMilestoneType:Craft,Y,
item,/Game/Packs/Steampunk/CoreBlueprints/Items/PrimalItemSkin_SteampunkGlasses,PrimalItemSkin_SteampunkGlasses,PrimalItemSkin_SteampunkGlasses_C,Y,N,Skin,EPrimalItemType:Skin; EPrimalMilestoneType:Craft,Y,
item,/Game/Packs/Steampunk/CoreBlueprints/Items/PrimalItemSkin_SteampunkGogglesHat,PrimalItemSkin_SteampunkGogglesHat,PrimalItemSkin_SteampunkGogglesHat_C,Y,N,Skin,EPrimalItemType:Skin; EPrimalMilestoneType:Craft,Y,
item,/Game/Packs/Steampunk/Dinos/HelperBot/PrimalItem_Spawner_HelperBot,PrimalItem_Spawner_HelperBot,PrimalItem_Spawner_HelperBot_C,Y,N,MiscConsumable,EPrimalItemType:MiscConsumable; EPrimalMilestoneType:Craft,Y,
item,/Game/Packs/Steampunk/Dinos/JumpingSpider/WebWeapon/PrimalItem_WeaponJumpingSpider,PrimalItem_WeaponJumpingSpider,PrimalItem_WeaponJumpingSpider_C,N,N,Weapon,EPrimalItemType:Weapon; EPrimalMilestoneType:Craft; EPrimalMilestoneType:Kill,Y,
item,/Game/Packs/Steampunk/Dinos/JumpingSpider/WebWeapon/PrimalItemAmmo_WebBall_WeapJumpingSpider,PrimalItemAmmo_WebBall_WeapJumpingSpider,PrimalItemAmmo_WebBall_WeapJumpingSpider_C,N,N,Ammo,EPrimalItemType:Ammo; EPrimalMilestoneType:Craft; EPrimalMilestoneType:Kill,Y,
item,/Game/Packs/Steampunk/Dinos/RockDrakeSteampunkSaddle/PrimalItemArmor_RockDrakeSaddle_Steampunk,PrimalItemArmor_RockDrakeSaddle_Steampunk,PrimalItemArmor_RockDrakeSaddle_Steampunk_C,Y,N,Equipment,EPrimalItemType:Equipment; EPrimalMilestoneType:Craft,Y,
item,/Game/Packs/Steampunk/Dinos/Zeppelin/PrimalItem_DinoSpawner_Zeppelin,PrimalItem_DinoSpawner_Zeppelin,PrimalItem_DinoSpawner_Zeppelin_C,Y,Y,MiscConsumable,EPrimalItemType:MiscConsumable; EPrimalMilestoneType:Craft,Y,
item,/Game/Packs/Steampunk/Structures/Clock/PrimalItemStructure_SteampunkClock,PrimalItemStructure_SteampunkClock,PrimalItemStructure_SteampunkClock_C,Y,N,Structure,EPrimalItemType:Structure; EPrimalMilestoneType:Craft,Y,
item,/Game/Packs/Steampunk/Structures/EmbryoIncubator/PrimalItemStructure_EmbryoIncubator,PrimalItemStructure_EmbryoIncubator,PrimalItemStructure_EmbryoIncubator_C,Y,N,Structure,EPrimalItemType:Structure; EPrimalMilestoneType:Craft,Y,
item,/Game/Packs/Steampunk/Structures/GeneInfuser/PrimalItemStructure_GeneInfuser,PrimalItemStructure_GeneInfuser,PrimalItemStructure_GeneInfuser_C,Y,N,Structure,EPrimalItemType:Structure; EPrimalMilestoneType:Craft,Y,
item,/Game/Packs/Steampunk/Structures/IndustrialPreservingBin/PrimalItemStructure_IndustrialPreservinBin,PrimalItemStructure_IndustrialPreservinBin,PrimalItemStructure_IndustrialPreservinBin_C,Y,N,Structure,EPrimalItemType:Structure; EPrimalMilestoneType:Craft,Y,
item,/Game/Packs/Steampunk/Structures/LibraryStorage/PrimalItemStructure_LibraryStorage,PrimalItemStructure_LibraryStorage,PrimalItemStructure_LibraryStorage_C,Y,N,Structure,EPrimalItemType:Structure; EPrimalMilestoneType:Craft,Y,
item,/Game/Packs/Steampunk/Structures/LinkedStorage/PrimalItemStructure_LinkedStorage,PrimalItemStructure_LinkedStorage,PrimalItemStructure_LinkedStorage_C,Y,N,Structure,EPrimalItemType:Structure; EPrimalMilestoneType:Craft,Y,
item,/Game/Packs/Steampunk/Structures/MegaForge/PrimalItemResource_MetalIngot_FromMegaForge,PrimalItemResource_MetalIngot_FromMegaForge,PrimalItemResource_MetalIngot_FromMegaForge_C,N,N,Structure,EPrimalItemType:Structure; EPrimalMilestoneType:Craft,Y,
item,/Game/Packs/Steampunk/Structures/MegaForge/PrimalItemStructure_SteamForge,PrimalItemStructure_SteamForge,PrimalItemStructure_SteamForge_C,Y,N,Structure,EPrimalItemType:Structure; EPrimalMilestoneType:Craft,Y,
item,/Game/Packs/Steampunk/Structures/SpotLight/PrimalItemStructure_SpotLight,PrimalItemStructure_SpotLight,PrimalItemStructure_SpotLight_C,Y,N,Structure,EPrimalItemType:Structure; EPrimalMilestoneType:Craft,Y,
item,/Game/Packs/Steampunk/Structures/SteamLights/PrimalItemStructure_SteamLights,PrimalItemStructure_SteamLights,PrimalItemStructure_SteamLights_C,Y,N,Structure,EPrimalItemType:Structure; EPrimalMilestoneType:Craft,Y,
item,/Game/Packs/Steampunk/Structures/TeslaCoil/PrimalItemStructure_TeslaCoil,PrimalItemStructure_TeslaCoil,PrimalItemStructure_TeslaCoil_C,Y,N,Structure,EPrimalItemType:Structure; EPrimalMilestoneType:Craft,Y,
item,/Game/Packs/Steampunk/Structures/TinkeringDesk/PrimalItemStructure_TinkeringDesk,PrimalItemStructure_TinkeringDesk,PrimalItemStructure_TinkeringDesk_C,Y,N,Structure,EPrimalItemType:Structure; EPrimalMilestoneType:Craft,Y,
item,/Game/Packs/Steampunk/Weapons/GeneScanner/PrimalItem_WeaponGeneScanner,PrimalItem_WeaponGeneScanner,PrimalItem_WeaponGeneScanner_C,Y,N,Weapon,EPrimalItemType:Weapon; EPrimalMilestoneType:Craft; EPrimalMilestoneType:Kill,Y,
item,/Game/Packs/Steampunk/Weapons/GooGun/PrimalItem_WeaponGooGun,PrimalItem_WeaponGooGun,PrimalItem_WeaponGooGun_C,Y,N,Weapon,EPrimalItemType:Weapon; EPrimalMilestoneType:Craft; EPrimalMilestoneType:Kill,Y,
item,/Game/Packs/Steampunk/Weapons/Stopwatch/PrimalItem_Stopwatch,PrimalItem_Stopwatch,PrimalItem_Stopwatch_C,Y,N,Weapon,EPrimalItemType:Weapon; EPrimalMilestoneType:Craft; EPrimalMilestoneType:Kill,Y,
item,/Game/Packs/Wasteland/CoreBlueprints/Items/PrimalItem_ChargeBattery_Mini,PrimalItem_ChargeBattery_Mini,PrimalItem_ChargeBattery_Mini_C,Y,N,MiscConsumable,EPrimalItemType:MiscConsumable; EPrimalMilestoneType:Craft,Y,
item,/Game/Packs/Wasteland/CoreBlueprints/Items/PrimalItemSkin_BucketfaceHat,PrimalItemSkin_BucketfaceHat,PrimalItemSkin_BucketfaceHat_C,Y,N,Skin,EPrimalItemType:Skin; EPrimalMilestoneType:Craft,Y,
item,/Game/Packs/Wasteland/CoreBlueprints/Items/PrimalItemSkin_CrocosaurusHat,PrimalItemSkin_CrocosaurusHat,PrimalItemSkin_CrocosaurusHat_C,Y,N,Skin,EPrimalItemType:Skin; EPrimalMilestoneType:Craft,Y,
item,/Game/Packs/Wasteland/CoreBlueprints/Items/PrimalItemSkin_MotorheadHat,PrimalItemSkin_MotorheadHat,PrimalItemSkin_MotorheadHat_C,Y,N,Skin,EPrimalItemType:Skin; EPrimalMilestoneType:Craft,Y,
item,/Game/Packs/Wasteland/CoreBlueprints/Items/PrimalItemSkin_WarlordBoots,PrimalItemSkin_WarlordBoots,PrimalItemSkin_WarlordBoots_C,Y,N,Skin,EPrimalItemType:Skin; EPrimalMilestoneType:Craft,Y,
item,/Game/Packs/Wasteland/CoreBlueprints/Items/PrimalItemSkin_WarlordGloves,PrimalItemSkin_WarlordGloves,PrimalItemSkin_WarlordGloves_C,Y,N,Skin,EPrimalItemType:Skin; EPrimalMilestoneType:Craft,Y,
item,/Game/Packs/Wasteland/CoreBlueprints/Items/PrimalItemSkin_WarlordHat,PrimalItemSkin_WarlordHat,PrimalItemSkin_WarlordHat_C,Y,N,Skin,EPrimalItemType:Skin; EPrimalMilestoneType:Craft,Y,
item,/Game/Packs/Wasteland/CoreBlueprints/Items/PrimalItemSkin_WarlordPants,PrimalItemSkin_WarlordPants,PrimalItemSkin_WarlordPants_C,Y,N,Skin,EPrimalItemType:Skin; EPrimalMilestoneType:Craft,Y,
item,/Game/Packs/Wasteland/CoreBlueprints/Items/PrimalItemSkin_WarlordShirt,PrimalItemSkin_WarlordShirt,PrimalItemSkin_WarlordShirt_C,Y,N,Skin,EPrimalItemType:Skin; EPrimalMilestoneType:Craft,Y,
item,/Game/Packs/Wasteland/CoreBlueprints/Items/PrimalItemSkin_WarPigBoots,PrimalItemSkin_WarPigBoots,PrimalItemSkin_WarPigBoots_C,Y,N,Skin,EPrimalItemType:Skin; EPrimalMilestoneType:Craft,Y,
item,/Game/Packs/Wasteland/CoreBlueprints/Items/PrimalItemSkin_WarPigGloves,PrimalItemSkin_WarPigGloves,PrimalItemSkin_WarPigGloves_C,Y,N,Skin,EPrimalItemType:Skin; EPrimalMilestoneType:Craft,Y,
item,/Game/Packs/Wasteland/CoreBlueprints/Items/PrimalItemSkin_WarPigHat,PrimalItemSkin_WarPigHat,PrimalItemSkin_WarPigHat_C,Y,N,Skin,EPrimalItemType:Skin; EPrimalMilestoneType:Craft,Y,
item,/Game/Packs/Wasteland/CoreBlueprints/Items/PrimalItemSkin_WarPigPants,PrimalItemSkin_WarPigPants,PrimalItemSkin_WarPigPants_C,Y,N,Skin,EPrimalItemType:Skin; EPrimalMilestoneType:Craft,Y,
item,/Game/Packs/Wasteland/CoreBlueprints/Items/PrimalItemSkin_WarPigShirt,PrimalItemSkin_WarPigShirt,PrimalItemSkin_WarPigShirt_C,Y,N,Skin,EPrimalItemType:Skin; EPrimalMilestoneType:Craft,Y,
item,/Game/Packs/Wasteland/CoreBlueprints/Items/PrimalItemSkin_WastelandGhillie_Boots,PrimalItemSkin_WastelandGhillie_Boots,PrimalItemSkin_WastelandGhillie_Boots_C,Y,N,Skin,EPrimalItemType:Skin; EPrimalMilestoneType:Craft,Y,
item,/Game/Packs/Wasteland/CoreBlueprints/Items/PrimalItemSkin_WastelandGhillie_Gloves,PrimalItemSkin_WastelandGhillie_Gloves,PrimalItemSkin_WastelandGhillie_Gloves_C,Y,N,Skin,EPrimalItemType:Skin; EPrimalMilestoneType:Craft,Y,
item,/Game/Packs/Wasteland/CoreBlueprints/Items/PrimalItemSkin_WastelandGhillie_Helmet,PrimalItemSkin_WastelandGhillie_Helmet,PrimalItemSkin_WastelandGhillie_Helmet_C,Y,N,Skin,EPrimalItemType:Skin; EPrimalMilestoneType:Craft,Y,
item,/Game/Packs/Wasteland/CoreBlueprints/Items/PrimalItemSkin_WastelandGhillie_Pants,PrimalItemSkin_WastelandGhillie_Pants,PrimalItemSkin_WastelandGhillie_Pants_C,Y,N,Skin,EPrimalItemType:Skin; EPrimalMilestoneType:Craft,Y,
item,/Game/Packs/Wasteland/CoreBlueprints/Items/PrimalItemSkin_WastelandGhillie_Shirt,PrimalItemSkin_WastelandGhillie_Shirt,PrimalItemSkin_WastelandGhillie_Shirt_C,Y,N,Skin,EPrimalItemType:Skin; EPrimalMilestoneType:Craft,Y,
item,/Game/Packs/Wasteland/CoreBlueprints/ItemTraits/Items/PrimalItem_ItemTrait_Armor_AmmoOnHit,PrimalItem_ItemTrait_Armor_AmmoOnHit,PrimalItem_ItemTrait_Armor_AmmoOnHit_C,Y,N,MiscConsumable,EPrimalItemType:MiscConsumable; EPrimalMilestoneType:Craft,Y,
item,/Game/Packs/Wasteland/CoreBlueprints/ItemTraits/Items/PrimalItem_ItemTrait_Armor_AmmoOnHit_Lesser,PrimalItem_ItemTrait_Armor_AmmoOnHit_Lesser,PrimalItem_ItemTrait_Armor_AmmoOnHit_Lesser_C,N,N,MiscConsumable,EPrimalItemType:MiscConsumable; EPrimalMilestoneType:Craft,Y,
item,/Game/Packs/Wasteland/CoreBlueprints/ItemTraits/Items/PrimalItem_ItemTrait_Armor_AmmoOnHit_Moderate,PrimalItem_ItemTrait_Armor_AmmoOnHit_Moderate,PrimalItem_ItemTrait_Armor_AmmoOnHit_Moderate_C,Y,N,MiscConsumable,EPrimalItemType:MiscConsumable; EPrimalMilestoneType:Craft,Y,
item,/Game/Packs/Wasteland/CoreBlueprints/ItemTraits/Items/PrimalItem_ItemTrait_Armor_IncreasedIncomingHealing,PrimalItem_ItemTrait_Armor_IncreasedIncomingHealing,PrimalItem_ItemTrait_Armor_IncreasedIncomingHealing_C,Y,N,MiscConsumable,EPrimalItemType:MiscConsumable; EPrimalMilestoneType:Craft,Y,
item,/Game/Packs/Wasteland/CoreBlueprints/ItemTraits/Items/PrimalItem_ItemTrait_Armor_IncreasedIncomingHealing_Lesser,PrimalItem_ItemTrait_Armor_IncreasedIncomingHealing_Lesser,PrimalItem_ItemTrait_Armor_IncreasedIncomingHealing_Lesser_C,N,N,MiscConsumable,EPrimalItemType:MiscConsumable; EPrimalMilestoneType:Craft,Y,
item,/Game/Packs/Wasteland/CoreBlueprints/ItemTraits/Items/PrimalItem_ItemTrait_Armor_IncreasedIncomingHealing_Moderate,PrimalItem_ItemTrait_Armor_IncreasedIncomingHealing_Moderate,PrimalItem_ItemTrait_Armor_IncreasedIncomingHealing_Moderate_C,Y,N,MiscConsumable,EPrimalItemType:MiscConsumable; EPrimalMilestoneType:Craft,Y,
item,/Game/Packs/Wasteland/CoreBlueprints/ItemTraits/Items/PrimalItem_ItemTrait_Armor_Marathon,PrimalItem_ItemTrait_Armor_Marathon,PrimalItem_ItemTrait_Armor_Marathon_C,Y,N,MiscConsumable,EPrimalItemType:MiscConsumable; EPrimalMilestoneType:Craft,Y,
item,/Game/Packs/Wasteland/CoreBlueprints/ItemTraits/Items/PrimalItem_ItemTrait_Armor_Marathon_Lesser,PrimalItem_ItemTrait_Armor_Marathon_Lesser,PrimalItem_ItemTrait_Armor_Marathon_Lesser_C,N,N,MiscConsumable,EPrimalItemType:MiscConsumable; EPrimalMilestoneType:Craft,Y,
item,/Game/Packs/Wasteland/CoreBlueprints/ItemTraits/Items/PrimalItem_ItemTrait_Armor_Marathon_Moderate,PrimalItem_ItemTrait_Armor_Marathon_Moderate,PrimalItem_ItemTrait_Armor_Marathon_Moderate_C,Y,N,MiscConsumable,EPrimalItemType:MiscConsumable; EPrimalMilestoneType:Craft,Y,
item,/Game/Packs/Wasteland/CoreBlueprints/ItemTraits/Items/PrimalItem_ItemTrait_Armor_Mobile,PrimalItem_ItemTrait_Armor_Mobile,PrimalItem_ItemTrait_Armor_Mobile_C,Y,N,MiscConsumable,EPrimalItemType:MiscConsumable; EPrimalMilestoneType:Craft,Y,
item,/Game/Packs/Wasteland/CoreBlueprints/ItemTraits/Items/PrimalItem_ItemTrait_Armor_Mobile_Lesser,PrimalItem_ItemTrait_Armor_Mobile_Lesser,PrimalItem_ItemTrait_Armor_Mobile_Lesser_C,N,N,MiscConsumable,EPrimalItemType:MiscConsumable; EPrimalMilestoneType:Craft,Y,
item,/Game/Packs/Wasteland/CoreBlueprints/ItemTraits/Items/PrimalItem_ItemTrait_Armor_Mobile_Moderate,PrimalItem_ItemTrait_Armor_Mobile_Moderate,PrimalItem_ItemTrait_Armor_Mobile_Moderate_C,Y,N,MiscConsumable,EPrimalItemType:MiscConsumable; EPrimalMilestoneType:Craft,Y,
item,/Game/Packs/Wasteland/CoreBlueprints/ItemTraits/Items/PrimalItem_ItemTrait_Armor_ReducedDebuffDuration,PrimalItem_ItemTrait_Armor_ReducedDebuffDuration,PrimalItem_ItemTrait_Armor_ReducedDebuffDuration_C,Y,N,MiscConsumable,EPrimalItemType:MiscConsumable; EPrimalMilestoneType:Craft,Y,
item,/Game/Packs/Wasteland/CoreBlueprints/ItemTraits/Items/PrimalItem_ItemTrait_Armor_ReducedDebuffDuration_Lesser,PrimalItem_ItemTrait_Armor_ReducedDebuffDuration_Lesser,PrimalItem_ItemTrait_Armor_ReducedDebuffDuration_Lesser_C,N,N,MiscConsumable,EPrimalItemType:MiscConsumable; EPrimalMilestoneType:Craft,Y,
item,/Game/Packs/Wasteland/CoreBlueprints/ItemTraits/Items/PrimalItem_ItemTrait_Armor_ReducedDebuffDuration_Moderate,PrimalItem_ItemTrait_Armor_ReducedDebuffDuration_Moderate,PrimalItem_ItemTrait_Armor_ReducedDebuffDuration_Moderate_C,Y,N,MiscConsumable,EPrimalItemType:MiscConsumable; EPrimalMilestoneType:Craft,Y,
item,/Game/Packs/Wasteland/CoreBlueprints/ItemTraits/Items/PrimalItem_ItemTrait_Gun_Cannibalizing,PrimalItem_ItemTrait_Gun_Cannibalizing,PrimalItem_ItemTrait_Gun_Cannibalizing_C,Y,N,MiscConsumable,EPrimalItemType:MiscConsumable; EPrimalMilestoneType:Craft,Y,
item,/Game/Packs/Wasteland/CoreBlueprints/ItemTraits/Items/PrimalItem_ItemTrait_Gun_Cannibalizing_Lesser,PrimalItem_ItemTrait_Gun_Cannibalizing_Lesser,PrimalItem_ItemTrait_Gun_Cannibalizing_Lesser_C,N,N,MiscConsumable,EPrimalItemType:MiscConsumable; EPrimalMilestoneType:Craft,Y,
item,/Game/Packs/Wasteland/CoreBlueprints/ItemTraits/Items/PrimalItem_ItemTrait_Gun_Cannibalizing_Moderate,PrimalItem_ItemTrait_Gun_Cannibalizing_Moderate,PrimalItem_ItemTrait_Gun_Cannibalizing_Moderate_C,Y,N,MiscConsumable,EPrimalItemType:MiscConsumable; EPrimalMilestoneType:Craft,Y,
item,/Game/Packs/Wasteland/CoreBlueprints/ItemTraits/Items/PrimalItem_ItemTrait_Gun_Focusing,PrimalItem_ItemTrait_Gun_Focusing,PrimalItem_ItemTrait_Gun_Focusing_C,Y,N,MiscConsumable,EPrimalItemType:MiscConsumable; EPrimalMilestoneType:Craft,Y,
item,/Game/Packs/Wasteland/CoreBlueprints/ItemTraits/Items/PrimalItem_ItemTrait_Gun_Focusing_Lesser,PrimalItem_ItemTrait_Gun_Focusing_Lesser,PrimalItem_ItemTrait_Gun_Focusing_Lesser_C,N,N,MiscConsumable,EPrimalItemType:MiscConsumable; EPrimalMilestoneType:Craft,Y,
item,/Game/Packs/Wasteland/CoreBlueprints/ItemTraits/Items/PrimalItem_ItemTrait_Gun_Focusing_Moderate,PrimalItem_ItemTrait_Gun_Focusing_Moderate,PrimalItem_ItemTrait_Gun_Focusing_Moderate_C,Y,N,MiscConsumable,EPrimalItemType:MiscConsumable; EPrimalMilestoneType:Craft,Y,
item,/Game/Packs/Wasteland/CoreBlueprints/ItemTraits/Items/PrimalItem_ItemTrait_Gun_ReducedDamageOnHit,PrimalItem_ItemTrait_Gun_ReducedDamageOnHit,PrimalItem_ItemTrait_Gun_ReducedDamageOnHit_C,Y,N,MiscConsumable,EPrimalItemType:MiscConsumable; EPrimalMilestoneType:Craft,Y,
item,/Game/Packs/Wasteland/CoreBlueprints/ItemTraits/Items/PrimalItem_ItemTrait_Gun_ReducedDamageOnHit_Lesser,PrimalItem_ItemTrait_Gun_ReducedDamageOnHit_Lesser,PrimalItem_ItemTrait_Gun_ReducedDamageOnHit_Lesser_C,N,N,MiscConsumable,EPrimalItemType:MiscConsumable; EPrimalMilestoneType:Craft,Y,
item,/Game/Packs/Wasteland/CoreBlueprints/ItemTraits/Items/PrimalItem_ItemTrait_Gun_ReducedDamageOnHit_Moderate,PrimalItem_ItemTrait_Gun_ReducedDamageOnHit_Moderate,PrimalItem_ItemTrait_Gun_ReducedDamageOnHit_Moderate_C,Y,N,MiscConsumable,EPrimalItemType:MiscConsumable; EPrimalMilestoneType:Craft,Y,
item,/Game/Packs/Wasteland/CoreBlueprints/ItemTraits/Items/PrimalItem_ItemTrait_Gun_Ricochet,PrimalItem_ItemTrait_Gun_Ricochet,PrimalItem_ItemTrait_Gun_Ricochet_C,Y,N,MiscConsumable,EPrimalItemType:MiscConsumable; EPrimalMilestoneType:Craft,Y,
item,/Game/Packs/Wasteland/CoreBlueprints/ItemTraits/Items/PrimalItem_ItemTrait_Gun_Ricochet_Lesser,PrimalItem_ItemTrait_Gun_Ricochet_Lesser,PrimalItem_ItemTrait_Gun_Ricochet_Lesser_C,N,N,MiscConsumable,EPrimalItemType:MiscConsumable; EPrimalMilestoneType:Craft,Y,
item,/Game/Packs/Wasteland/CoreBlueprints/ItemTraits/Items/PrimalItem_ItemTrait_Gun_Ricochet_Moderate,PrimalItem_ItemTrait_Gun_Ricochet_Moderate,PrimalItem_ItemTrait_Gun_Ricochet_Moderate_C,Y,N,MiscConsumable,EPrimalItemType:MiscConsumable; EPrimalMilestoneType:Craft,Y,
item,/Game/Packs/Wasteland/CoreBlueprints/ItemTraits/Items/PrimalItem_ItemTrait_Gun_Tracker,PrimalItem_ItemTrait_Gun_Tracker,PrimalItem_ItemTrait_Gun_Tracker_C,Y,N,MiscConsumable,EPrimalItemType:MiscConsumable; EPrimalMilestoneType:Craft,Y,
item,/Game/Packs/Wasteland/CoreBlueprints/ItemTraits/Items/PrimalItem_ItemTrait_Gun_Tracker_Lesser,PrimalItem_ItemTrait_Gun_Tracker_Lesser,PrimalItem_ItemTrait_Gun_Tracker_Lesser_C,N,N,MiscConsumable,EPrimalItemType:MiscConsumable; EPrimalMilestoneType:Craft,Y,
item,/Game/Packs/Wasteland/CoreBlueprints/ItemTraits/Items/PrimalItem_ItemTrait_Gun_Tracker_Moderate,PrimalItem_ItemTrait_Gun_Tracker_Moderate,PrimalItem_ItemTrait_Gun_Tracker_Moderate_C,Y,N,MiscConsumable,EPrimalItemType:MiscConsumable; EPrimalMilestoneType:Craft,Y,
item,/Game/Packs/Wasteland/CoreBlueprints/ItemTraits/Items/PrimalItem_ItemTrait_Melee_HealOnDamage,PrimalItem_ItemTrait_Melee_HealOnDamage,PrimalItem_ItemTrait_Melee_HealOnDamage_C,Y,N,MiscConsumable,EPrimalItemType:MiscConsumable; EPrimalMilestoneType:Craft,Y,
item,/Game/Packs/Wasteland/CoreBlueprints/ItemTraits/Items/PrimalItem_ItemTrait_Melee_HealOnDamage_Lesser,PrimalItem_ItemTrait_Melee_HealOnDamage_Lesser,PrimalItem_ItemTrait_Melee_HealOnDamage_Lesser_C,N,N,MiscConsumable,EPrimalItemType:MiscConsumable; EPrimalMilestoneType:Craft,Y,
item,/Game/Packs/Wasteland/CoreBlueprints/ItemTraits/Items/PrimalItem_ItemTrait_Melee_HealOnDamage_Moderate,PrimalItem_ItemTrait_Melee_HealOnDamage_Moderate,PrimalItem_ItemTrait_Melee_HealOnDamage_Moderate_C,Y,N,MiscConsumable,EPrimalItemType:MiscConsumable; EPrimalMilestoneType:Craft,Y,
item,/Game/Packs/Wasteland/CoreBlueprints/ItemTraits/Items/PrimalItem_ItemTrait_Melee_IncreasedDamageFromBehind,PrimalItem_ItemTrait_Melee_IncreasedDamageFromBehind,PrimalItem_ItemTrait_Melee_IncreasedDamageFromBehind_C,Y,N,MiscConsumable,EPrimalItemType:MiscConsumable; EPrimalMilestoneType:Craft,Y,
item,/Game/Packs/Wasteland/CoreBlueprints/ItemTraits/Items/PrimalItem_ItemTrait_Melee_IncreasedDamageFromBehind_Lesser,PrimalItem_ItemTrait_Melee_IncreasedDamageFromBehind_Lesser,PrimalItem_ItemTrait_Melee_IncreasedDamageFromBehind_Lesser_C,N,N,MiscConsumable,EPrimalItemType:MiscConsumable; EPrimalMilestoneType:Craft,Y,
item,/Game/Packs/Wasteland/CoreBlueprints/ItemTraits/Items/PrimalItem_ItemTrait_Melee_IncreasedDamageFromBehind_Moderate,PrimalItem_ItemTrait_Melee_IncreasedDamageFromBehind_Moderate,PrimalItem_ItemTrait_Melee_IncreasedDamageFromBehind_Moderate_C,Y,N,MiscConsumable,EPrimalItemType:MiscConsumable; EPrimalMilestoneType:Craft,Y,
item,/Game/Packs/Wasteland/CoreBlueprints/ItemTraits/Items/PrimalItem_ItemTrait_Melee_IncreasedDamageToNonLiving,PrimalItem_ItemTrait_Melee_IncreasedDamageToNonLiving,PrimalItem_ItemTrait_Melee_IncreasedDamageToNonLiving_C,Y,N,MiscConsumable,EPrimalItemType:MiscConsumable; EPrimalMilestoneType:Craft,Y,
item,/Game/Packs/Wasteland/CoreBlueprints/ItemTraits/Items/PrimalItem_ItemTrait_Melee_IncreasedDamageToNonLiving_Lesser,PrimalItem_ItemTrait_Melee_IncreasedDamageToNonLiving_Lesser,PrimalItem_ItemTrait_Melee_IncreasedDamageToNonLiving_Lesser_C,N,N,MiscConsumable,EPrimalItemType:MiscConsumable; EPrimalMilestoneType:Craft,Y,
item,/Game/Packs/Wasteland/CoreBlueprints/ItemTraits/Items/PrimalItem_ItemTrait_Melee_IncreasedDamageToNonLiving_Moderate,PrimalItem_ItemTrait_Melee_IncreasedDamageToNonLiving_Moderate,PrimalItem_ItemTrait_Melee_IncreasedDamageToNonLiving_Moderate_C,Y,N,MiscConsumable,EPrimalItemType:MiscConsumable; EPrimalMilestoneType:Craft,Y,
item,/Game/Packs/Wasteland/CoreBlueprints/ItemTraits/Items/PrimalItem_ItemTrait_Melee_IncreasedSpeedAndDamageTaken,PrimalItem_ItemTrait_Melee_IncreasedSpeedAndDamageTaken,PrimalItem_ItemTrait_Melee_IncreasedSpeedAndDamageTaken_C,Y,N,MiscConsumable,EPrimalItemType:MiscConsumable; EPrimalMilestoneType:Craft,Y,
item,/Game/Packs/Wasteland/CoreBlueprints/ItemTraits/Items/PrimalItem_ItemTrait_Melee_IncreasedSpeedAndDamageTaken_Lesser,PrimalItem_ItemTrait_Melee_IncreasedSpeedAndDamageTaken_Lesser,PrimalItem_ItemTrait_Melee_IncreasedSpeedAndDamageTaken_Lesser_C,N,N,MiscConsumable,EPrimalItemType:MiscConsumable; EPrimalMilestoneType:Craft,Y,
item,/Game/Packs/Wasteland/CoreBlueprints/ItemTraits/Items/PrimalItem_ItemTrait_Melee_IncreasedSpeedAndDamageTaken_Moderate,PrimalItem_ItemTrait_Melee_IncreasedSpeedAndDamageTaken_Moderate,PrimalItem_ItemTrait_Melee_IncreasedSpeedAndDamageTaken_Moderate_C,Y,N,MiscConsumable,EPrimalItemType:MiscConsumable; EPrimalMilestoneType:Craft,Y,
item,/Game/Packs/Wasteland/CoreBlueprints/ItemTraits/Items/PrimalItem_ItemTrait_Melee_ShieldOnHit,PrimalItem_ItemTrait_Melee_ShieldOnHit,PrimalItem_ItemTrait_Melee_ShieldOnHit_C,Y,N,MiscConsumable,EPrimalItemType:MiscConsumable; EPrimalMilestoneType:Craft,Y,
item,/Game/Packs/Wasteland/CoreBlueprints/ItemTraits/Items/PrimalItem_ItemTrait_Melee_ShieldOnHit_Lesser,PrimalItem_ItemTrait_Melee_ShieldOnHit_Lesser,PrimalItem_ItemTrait_Melee_ShieldOnHit_Lesser_C,N,N,MiscConsumable,EPrimalItemType:MiscConsumable; EPrimalMilestoneType:Craft,Y,
item,/Game/Packs/Wasteland/CoreBlueprints/ItemTraits/Items/PrimalItem_ItemTrait_Melee_ShieldOnHit_Moderate,PrimalItem_ItemTrait_Melee_ShieldOnHit_Moderate,PrimalItem_ItemTrait_Melee_ShieldOnHit_Moderate_C,Y,N,MiscConsumable,EPrimalItemType:MiscConsumable; EPrimalMilestoneType:Craft,Y,
item,/Game/Packs/Wasteland/CoreBlueprints/ItemTraits/Items/PrimalItem_ItemTrait_Projectile_Antigrav,PrimalItem_ItemTrait_Projectile_Antigrav,PrimalItem_ItemTrait_Projectile_Antigrav_C,Y,N,MiscConsumable,EPrimalItemType:MiscConsumable; EPrimalMilestoneType:Craft,Y,
item,/Game/Packs/Wasteland/CoreBlueprints/ItemTraits/Items/PrimalItem_ItemTrait_Projectile_Antigrav_Lesser,PrimalItem_ItemTrait_Projectile_Antigrav_Lesser,PrimalItem_ItemTrait_Projectile_Antigrav_Lesser_C,Y,N,MiscConsumable,EPrimalItemType:MiscConsumable; EPrimalMilestoneType:Craft,Y,
item,/Game/Packs/Wasteland/CoreBlueprints/ItemTraits/Items/PrimalItem_ItemTrait_Projectile_Antigrav_Moderate,PrimalItem_ItemTrait_Projectile_Antigrav_Moderate,PrimalItem_ItemTrait_Projectile_Antigrav_Moderate_C,Y,N,MiscConsumable,EPrimalItemType:MiscConsumable; EPrimalMilestoneType:Craft,Y,
item,/Game/Packs/Wasteland/CoreBlueprints/ItemTraits/Items/PrimalItem_ItemTrait_Projectile_ExtraDamageToVulnerable,PrimalItem_ItemTrait_Projectile_ExtraDamageToVulnerable,PrimalItem_ItemTrait_Projectile_ExtraDamageToVulnerable_C,Y,N,MiscConsumable,EPrimalItemType:MiscConsumable; EPrimalMilestoneType:Craft,Y,
item,/Game/Packs/Wasteland/CoreBlueprints/ItemTraits/Items/PrimalItem_ItemTrait_Projectile_ExtraDamageToVulnerable_Lesser,PrimalItem_ItemTrait_Projectile_ExtraDamageToVulnerable_Lesser,PrimalItem_ItemTrait_Projectile_ExtraDamageToVulnerable_Lesser_C,N,N,MiscConsumable,EPrimalItemType:MiscConsumable; EPrimalMilestoneType:Craft,Y,
item,/Game/Packs/Wasteland/CoreBlueprints/ItemTraits/Items/PrimalItem_ItemTrait_Projectile_ExtraDamageToVulnerable_Moderate,PrimalItem_ItemTrait_Projectile_ExtraDamageToVulnerable_Moderate,PrimalItem_ItemTrait_Projectile_ExtraDamageToVulnerable_Moderate_C,Y,N,MiscConsumable,EPrimalItemType:MiscConsumable; EPrimalMilestoneType:Craft,Y,
item,/Game/Packs/Wasteland/CoreBlueprints/ItemTraits/Items/PrimalItem_ItemTrait_Projectile_IncreasedDamageToAlpha,PrimalItem_ItemTrait_Projectile_IncreasedDamageToAlpha,PrimalItem_ItemTrait_Projectile_IncreasedDamageToAlpha_C,Y,N,MiscConsumable,EPrimalItemType:MiscConsumable; EPrimalMilestoneType:Craft,Y,
item,/Game/Packs/Wasteland/CoreBlueprints/ItemTraits/Items/PrimalItem_ItemTrait_Projectile_IncreasedDamageToAlpha_Lesser,PrimalItem_ItemTrait_Projectile_IncreasedDamageToAlpha_Lesser,PrimalItem_ItemTrait_Projectile_IncreasedDamageToAlpha_Lesser_C,N,N,MiscConsumable,EPrimalItemType:MiscConsumable; EPrimalMilestoneType:Craft,Y,
item,/Game/Packs/Wasteland/CoreBlueprints/ItemTraits/Items/PrimalItem_ItemTrait_Projectile_IncreasedDamageToAlpha_Moderate,PrimalItem_ItemTrait_Projectile_IncreasedDamageToAlpha_Moderate,PrimalItem_ItemTrait_Projectile_IncreasedDamageToAlpha_Moderate_C,Y,N,MiscConsumable,EPrimalItemType:MiscConsumable; EPrimalMilestoneType:Craft,Y,
item,/Game/Packs/Wasteland/CoreBlueprints/ItemTraits/Items/PrimalItem_ItemTrait_Projectile_IncreasedFirstHitDamage,PrimalItem_ItemTrait_Projectile_IncreasedFirstHitDamage,PrimalItem_ItemTrait_Projectile_IncreasedFirstHitDamage_C,Y,N,MiscConsumable,EPrimalItemType:MiscConsumable; EPrimalMilestoneType:Craft,Y,
item,/Game/Packs/Wasteland/CoreBlueprints/ItemTraits/Items/PrimalItem_ItemTrait_Projectile_IncreasedFirstHitDamage_Lesser,PrimalItem_ItemTrait_Projectile_IncreasedFirstHitDamage_Lesser,PrimalItem_ItemTrait_Projectile_IncreasedFirstHitDamage_Lesser_C,N,N,MiscConsumable,EPrimalItemType:MiscConsumable; EPrimalMilestoneType:Craft,Y,
item,/Game/Packs/Wasteland/CoreBlueprints/ItemTraits/Items/PrimalItem_ItemTrait_Projectile_IncreasedFirstHitDamage_Moderate,PrimalItem_ItemTrait_Projectile_IncreasedFirstHitDamage_Moderate,PrimalItem_ItemTrait_Projectile_IncreasedFirstHitDamage_Moderate_C,Y,N,MiscConsumable,EPrimalItemType:MiscConsumable; EPrimalMilestoneType:Craft,Y,
item,/Game/Packs/Wasteland/CoreBlueprints/ItemTraits/Items/PrimalItem_ItemTrait_Projectile_SecondProjectile,PrimalItem_ItemTrait_Projectile_SecondProjectile,PrimalItem_ItemTrait_Projectile_SecondProjectile_C,Y,N,MiscConsumable,EPrimalItemType:MiscConsumable; EPrimalMilestoneType:Craft,Y,
item,/Game/Packs/Wasteland/CoreBlueprints/ItemTraits/Items/PrimalItem_ItemTrait_Projectile_SecondProjectile_Lesser,PrimalItem_ItemTrait_Projectile_SecondProjectile_Lesser,PrimalItem_ItemTrait_Projectile_SecondProjectile_Lesser_C,N,N,MiscConsumable,EPrimalItemType:MiscConsumable; EPrimalMilestoneType:Craft,Y,
item,/Game/Packs/Wasteland/CoreBlueprints/ItemTraits/Items/PrimalItem_ItemTrait_Projectile_SecondProjectile_Moderate,PrimalItem_ItemTrait_Projectile_SecondProjectile_Moderate,PrimalItem_ItemTrait_Projectile_SecondProjectile_Moderate_C,Y,N,MiscConsumable,EPrimalItemType:MiscConsumable; EPrimalMilestoneType:Craft,Y,
item,/Game/Packs/Wasteland/Dinos/CompanionDino/Items/Armor/PrimalItemArmor_DinoCompanion_Gear,PrimalItemArmor_DinoCompanion_Gear,PrimalItemArmor_DinoCompanion_Gear_C,Y,N,Equipment,EPrimalItemType:Equipment; EPrimalMilestoneType:Craft,Y,
item,/Game/Packs/Wasteland/Dinos/CompanionDino/Items/Armor/PrimalItemArmor_DinoCompanion_Gear_AmmoBox,PrimalItemArmor_DinoCompanion_Gear_AmmoBox,PrimalItemArmor_DinoCompanion_Gear_AmmoBox_C,Y,N,Equipment,EPrimalItemType:Equipment; EPrimalMilestoneType:Craft,Y,
item,/Game/Packs/Wasteland/Dinos/CompanionDino/Items/Armor/PrimalItemArmor_DinoCompanion_Gear_Bag,PrimalItemArmor_DinoCompanion_Gear_Bag,PrimalItemArmor_DinoCompanion_Gear_Bag_C,Y,N,Equipment,EPrimalItemType:Equipment; EPrimalMilestoneType:Craft,Y,
item,/Game/Packs/Wasteland/Dinos/CompanionDino/Items/Armor/PrimalItemArmor_DinoCompanion_Gear_ChibiBasket,PrimalItemArmor_DinoCompanion_Gear_ChibiBasket,PrimalItemArmor_DinoCompanion_Gear_ChibiBasket_C,Y,N,Equipment,EPrimalItemType:Equipment; EPrimalMilestoneType:Craft,Y,
item,/Game/Packs/Wasteland/Dinos/CompanionDino/Items/Armor/PrimalItemArmor_DinoCompanion_Gear_ExtraArmor,PrimalItemArmor_DinoCompanion_Gear_ExtraArmor,PrimalItemArmor_DinoCompanion_Gear_ExtraArmor_C,Y,N,Equipment,EPrimalItemType:Equipment; EPrimalMilestoneType:Craft,Y,
item,/Game/Packs/Wasteland/Dinos/CompanionDino/Items/Armor/PrimalItemArmor_DinoCompanion_Gear_FoodBasket,PrimalItemArmor_DinoCompanion_Gear_FoodBasket,PrimalItemArmor_DinoCompanion_Gear_FoodBasket_C,Y,N,Equipment,EPrimalItemType:Equipment; EPrimalMilestoneType:Craft,Y,
item,/Game/Packs/Wasteland/Dinos/CompanionDino/Items/Armor/PrimalItemArmor_DinoCompanion_Gear_MeatSack,PrimalItemArmor_DinoCompanion_Gear_MeatSack,PrimalItemArmor_DinoCompanion_Gear_MeatSack_C,Y,N,Equipment,EPrimalItemType:Equipment; EPrimalMilestoneType:Craft,Y,
item,/Game/Packs/Wasteland/Dinos/CompanionDino/Items/Armor/PrimalItemArmor_DinoCompanion_Gear_Medkit,PrimalItemArmor_DinoCompanion_Gear_Medkit,PrimalItemArmor_DinoCompanion_Gear_Medkit_C,Y,N,Equipment,EPrimalItemType:Equipment; EPrimalMilestoneType:Craft,Y,
item,/Game/Packs/Wasteland/Dinos/CompanionDino/Items/Armor/PrimalItemArmor_DinoCompanion_Gear_Movespeed,PrimalItemArmor_DinoCompanion_Gear_Movespeed,PrimalItemArmor_DinoCompanion_Gear_Movespeed_C,Y,N,Equipment,EPrimalItemType:Equipment; EPrimalMilestoneType:Craft,Y,
item,/Game/Packs/Wasteland/Dinos/CompanionDino/Items/Armor/PrimalItemArmor_DinoCompanion_Gear_OxygenTank,PrimalItemArmor_DinoCompanion_Gear_OxygenTank,PrimalItemArmor_DinoCompanion_Gear_OxygenTank_C,Y,N,Equipment,EPrimalItemType:Equipment; EPrimalMilestoneType:Craft,Y,
item,/Game/Packs/Wasteland/Dinos/CompanionDino/Items/Armor/PrimalItemArmor_DinoCompanion_Gear_RolledUpSleepingBag,PrimalItemArmor_DinoCompanion_Gear_RolledUpSleepingBag,PrimalItemArmor_DinoCompanion_Gear_RolledUpSleepingBag_C,Y,N,Equipment,EPrimalItemType:Equipment; EPrimalMilestoneType:Craft,Y,
item,/Game/Packs/Wasteland/Dinos/CompanionDino/Items/Armor/PrimalItemArmor_DinoCompanion_Gear_Spikes,PrimalItemArmor_DinoCompanion_Gear_Spikes,PrimalItemArmor_DinoCompanion_Gear_Spikes_C,Y,N,Equipment,EPrimalItemType:Equipment; EPrimalMilestoneType:Craft,Y,
item,/Game/Packs/Wasteland/Dinos/CompanionDino/Items/Armor/PrimalItemArmor_DinoCompanion_Gear_Spyglass,PrimalItemArmor_DinoCompanion_Gear_Spyglass,PrimalItemArmor_DinoCompanion_Gear_Spyglass_C,Y,N,Equipment,EPrimalItemType:Equipment; EPrimalMilestoneType:Craft,Y,
item,/Game/Packs/Wasteland/Dinos/CompanionDino/Items/Armor/PrimalItemArmor_DinoCompanionSaddle,PrimalItemArmor_DinoCompanionSaddle,PrimalItemArmor_DinoCompanionSaddle_C,N,N,Equipment,EPrimalItemType:Equipment; EPrimalMilestoneType:Craft,Y,
item,/Game/Packs/Wasteland/Dinos/CompanionDino/Items/PrimalItem_TreasureMap_DinoCompanion,PrimalItem_TreasureMap_DinoCompanion,PrimalItem_TreasureMap_DinoCompanion_C,N,N,MiscConsumable,EPrimalItemType:MiscConsumable; EPrimalMilestoneType:Craft,Y,
item,/Game/Packs/Wasteland/Dinos/CompanionDino/Items/PrimalItem_TreasureMap_DinoCompanion_Doggo,PrimalItem_TreasureMap_DinoCompanion_Doggo,PrimalItem_TreasureMap_DinoCompanion_Doggo_C,N,N,MiscConsumable,EPrimalItemType:MiscConsumable; EPrimalMilestoneType:Craft,Y,
item,/Game/Packs/Wasteland/Dinos/Doggo/PrimalItem_DinoCompanion_Whistle_Doggo,PrimalItem_DinoCompanion_Whistle_Doggo,PrimalItem_DinoCompanion_Whistle_Doggo_C,N,N,MiscConsumable,EPrimalItemType:MiscConsumable; EPrimalMilestoneType:Craft,Y,
item,/Game/Packs/Wasteland/Dinos/Doggo/PrimalItemArmor_DinoCompanionSaddle_Doggo,PrimalItemArmor_DinoCompanionSaddle_Doggo,PrimalItemArmor_DinoCompanionSaddle_Doggo_C,Y,N,Equipment,EPrimalItemType:Equipment; EPrimalMilestoneType:Craft,Y,
item,/Game/Packs/Wasteland/Structures/AntiFlyerTurret/PrimalItemStructure_AntiFlyerTurret,PrimalItemStructure_AntiFlyerTurret,PrimalItemStructure_AntiFlyerTurret_C,Y,N,Structure,EPrimalItemType:Structure; EPrimalMilestoneType:Craft,Y,
item,/Game/Packs/Wasteland/Structures/BioGrinder/PrimalItemStructure_BioGrinder,PrimalItemStructure_BioGrinder,PrimalItemStructure_BioGrinder_C,Y,N,Structure,EPrimalItemType:Structure; EPrimalMilestoneType:Craft,Y,
item,/Game/Packs/Wasteland/Structures/Garage/PrimalItemStructure_Garage,PrimalItemStructure_Garage,PrimalItemStructure_Garage_C,Y,N,Structure,EPrimalItemType:Structure; EPrimalMilestoneType:Craft,Y,
item,/Game/Packs/Wasteland/Structures/Lights/PrimalItemStructure_WastelandLights,PrimalItemStructure_WastelandLights,PrimalItemStructure_WastelandLights_C,Y,N,Structure,EPrimalItemType:Structure; EPrimalMilestoneType:Craft,Y,
item,/Game/Packs/Wasteland/Structures/TekChemBench/PrimalItemResource_Gasoline_Super,PrimalItemResource_Gasoline_Super,PrimalItemResource_Gasoline_Super_C,Y,N,Structure,EPrimalItemType:Structure; EPrimalMilestoneType:Craft,Y,
item,/Game/Packs/Wasteland/Structures/TekChemBench/PrimalItemStructure_ChemBench_Tek,PrimalItemStructure_ChemBench_Tek,PrimalItemStructure_ChemBench_Tek_C,Y,N,Structure,EPrimalItemType:Structure; EPrimalMilestoneType:Craft,Y,
item,/Game/Packs/Wasteland/Structures/TribeTower/PrimalItemStructure_TribeTower,PrimalItemStructure_TribeTower,PrimalItemStructure_TribeTower_C,Y,N,Structure,EPrimalItemType:Structure; EPrimalMilestoneType:Craft,Y,
item,/Game/Packs/Wasteland/Structures/TribeTower/PrimalItemTrophy_TribeTower,PrimalItemTrophy_TribeTower,PrimalItemTrophy_TribeTower_C,N,N,Structure,EPrimalItemType:Structure; EPrimalMilestoneType:Craft,Y,
item,/Game/Packs/Wasteland/Vehicles/Car/Bed/Racer/PrimalItem_Car_Bed_Racer,PrimalItem_Car_Bed_Racer,PrimalItem_Car_Bed_Racer_C,Y,N,MiscConsumable,EPrimalItemType:MiscConsumable; EPrimalMilestoneType:Craft,Y,
item,/Game/Packs/Wasteland/Vehicles/Car/Bed/Rollcage/PrimalItem_Car_Bed_Rollcage,PrimalItem_Car_Bed_Rollcage,PrimalItem_Car_Bed_Rollcage_C,Y,N,MiscConsumable,EPrimalItemType:MiscConsumable; EPrimalMilestoneType:Craft,Y,
item,/Game/Packs/Wasteland/Vehicles/Car/Bed/Truck/PrimalItem_Car_Bed_Truck,PrimalItem_Car_Bed_Truck,PrimalItem_Car_Bed_Truck_C,Y,N,MiscConsumable,EPrimalItemType:MiscConsumable; EPrimalMilestoneType:Craft,Y,
item,/Game/Packs/Wasteland/Vehicles/Car/Cab/Racer/PrimalItem_Car_Cab_Racer,PrimalItem_Car_Cab_Racer,PrimalItem_Car_Cab_Racer_C,Y,N,MiscConsumable,EPrimalItemType:MiscConsumable; EPrimalMilestoneType:Craft,Y,
item,/Game/Packs/Wasteland/Vehicles/Car/Cab/Rollcage/PrimalItem_Car_Cab_Rollcage,PrimalItem_Car_Cab_Rollcage,PrimalItem_Car_Cab_Rollcage_C,Y,N,MiscConsumable,EPrimalItemType:MiscConsumable; EPrimalMilestoneType:Craft,Y,
item,/Game/Packs/Wasteland/Vehicles/Car/Cab/Truck/PrimalItem_Car_Cab_Truck,PrimalItem_Car_Cab_Truck,PrimalItem_Car_Cab_Truck_C,Y,N,MiscConsumable,EPrimalItemType:MiscConsumable; EPrimalMilestoneType:Craft,Y,
item,/Game/Packs/Wasteland/Vehicles/Car/Chassis/Main/PrimalItem_Car_Chassis_Main,PrimalItem_Car_Chassis_Main,PrimalItem_Car_Chassis_Main_C,Y,N,MiscConsumable,EPrimalItemType:MiscConsumable; EPrimalMilestoneType:Craft,Y,
item,/Game/Packs/Wasteland/Vehicles/Car/EngineCompartment/Racer/PrimalItem_Car_Engine_Racer,PrimalItem_Car_Engine_Racer,PrimalItem_Car_Engine_Racer_C,Y,N,MiscConsumable,EPrimalItemType:MiscConsumable; EPrimalMilestoneType:Craft,Y,
item,/Game/Packs/Wasteland/Vehicles/Car/EngineCompartment/Rollcage/PrimalItem_Car_Engine_Rollcage,PrimalItem_Car_Engine_Rollcage,PrimalItem_Car_Engine_Rollcage_C,Y,N,MiscConsumable,EPrimalItemType:MiscConsumable; EPrimalMilestoneType:Craft,Y,
item,/Game/Packs/Wasteland/Vehicles/Car/EngineCompartment/Truck/PrimalItem_Car_Engine_Truck,PrimalItem_Car_Engine_Truck,PrimalItem_Car_Engine_Truck_C,Y,N,MiscConsumable,EPrimalItemType:MiscConsumable; EPrimalMilestoneType:Craft,Y,
item,/Game/Packs/Wasteland/Vehicles/Car/FrontEndMod/Armor/PrimalItem_Car_Frontmod_Armor,PrimalItem_Car_Frontmod_Armor,PrimalItem_Car_Frontmod_Armor_C,Y,N,Equipment,EPrimalItemType:Equipment; EPrimalMilestoneType:Craft,Y,
item,/Game/Packs/Wasteland/Vehicles/Car/FrontEndMod/Buzzsaw/PrimalItem_Car_Frontmod_Buzzsaw,PrimalItem_Car_Frontmod_Buzzsaw,PrimalItem_Car_Frontmod_Buzzsaw_C,Y,N,MiscConsumable,EPrimalItemType:MiscConsumable; EPrimalMilestoneType:Craft,Y,
item,/Game/Packs/Wasteland/Vehicles/Car/FrontEndMod/CowCatcher/PrimalItem_Car_Frontmod_CowCatcher,PrimalItem_Car_Frontmod_CowCatcher,PrimalItem_Car_Frontmod_CowCatcher_C,Y,N,MiscConsumable,EPrimalItemType:MiscConsumable; EPrimalMilestoneType:Craft,Y,
item,/Game/Packs/Wasteland/Vehicles/Car/FrontEndMod/Spikes/PrimalItem_Car_Frontmod_Spikes,PrimalItem_Car_Frontmod_Spikes,PrimalItem_Car_Frontmod_Spikes_C,Y,N,MiscConsumable,EPrimalItemType:MiscConsumable; EPrimalMilestoneType:Craft,Y,
item,/Game/Packs/Wasteland/Vehicles/Car/FrontEndMod/SpringBumper/PrimalItem_Car_Frontmod_Spring,PrimalItem_Car_Frontmod_Spring,PrimalItem_Car_Frontmod_Spring_C,N,N,MiscConsumable,EPrimalItemType:MiscConsumable; EPrimalMilestoneType:Craft,Y,
item,/Game/Packs/Wasteland/Vehicles/Car/RearEndMod/Afterburner/PrimalItem_Car_Rearmod_Afterburner,PrimalItem_Car_Rearmod_Afterburner,PrimalItem_Car_Rearmod_Afterburner_C,Y,N,MiscConsumable,EPrimalItemType:MiscConsumable; EPrimalMilestoneType:Craft,Y,
item,/Game/Packs/Wasteland/Vehicles/Car/RearEndMod/Hook/PrimalItem_Car_Rearmod_Hook,PrimalItem_Car_Rearmod_Hook,PrimalItem_Car_Rearmod_Hook_C,Y,N,MiscConsumable,EPrimalItemType:MiscConsumable; EPrimalMilestoneType:Craft,Y,
item,/Game/Packs/Wasteland/Vehicles/Car/RearEndMod/JumpJet/PrimalItem_Car_Rearmod_Jump,PrimalItem_Car_Rearmod_Jump,PrimalItem_Car_Rearmod_Jump_C,Y,N,MiscConsumable,EPrimalItemType:MiscConsumable; EPrimalMilestoneType:Craft,Y,
item,/Game/Packs/Wasteland/Vehicles/Car/RearEndMod/Mines/PrimalItem_Car_Rearmod_Mines,PrimalItem_Car_Rearmod_Mines,PrimalItem_Car_Rearmod_Mines_C,Y,N,MiscConsumable,EPrimalItemType:MiscConsumable; EPrimalMilestoneType:Craft,Y,
item,/Game/Packs/Wasteland/Vehicles/Car/RearEndMod/Sludge/PrimalItem_Car_Rearmod_Sludge,PrimalItem_Car_Rearmod_Sludge,PrimalItem_Car_Rearmod_Sludge_C,Y,N,MiscConsumable,EPrimalItemType:MiscConsumable; EPrimalMilestoneType:Craft,Y,
item,/Game/Packs/Wasteland/Vehicles/Car/RearEndMod/Smoke/PrimalItem_Car_Rearmod_Smoke,PrimalItem_Car_Rearmod_Smoke,PrimalItem_Car_Rearmod_Smoke_C,Y,N,MiscConsumable,EPrimalItemType:MiscConsumable; EPrimalMilestoneType:Craft,Y,
item,/Game/Packs/Wasteland/Vehicles/Car/Turret/Cannon/PrimalItem_Car_Turret_Cannon,PrimalItem_Car_Turret_Cannon,PrimalItem_Car_Turret_Cannon_C,Y,N,MiscConsumable,EPrimalItemType:MiscConsumable; EPrimalMilestoneType:Craft,Y,
item,/Game/Packs/Wasteland/Vehicles/Car/Turret/Flamethrower/PrimalItem_Car_Turret_Flamethrower,PrimalItem_Car_Turret_Flamethrower,PrimalItem_Car_Turret_Flamethrower_C,Y,N,MiscConsumable,EPrimalItemType:MiscConsumable; EPrimalMilestoneType:Craft,Y,
item,/Game/Packs/Wasteland/Vehicles/Car/Turret/Flightseeker/PrimalItem_Car_Turret_FlightSeeker,PrimalItem_Car_Turret_FlightSeeker,PrimalItem_Car_Turret_FlightSeeker_C,Y,N,MiscConsumable,EPrimalItemType:MiscConsumable; EPrimalMilestoneType:Craft,Y,
item,/Game/Packs/Wasteland/Vehicles/Car/Turret/Minigun/PrimalItem_Car_Turret_Minigun,PrimalItem_Car_Turret_Minigun,PrimalItem_Car_Turret_Minigun_C,Y,N,MiscConsumable,EPrimalItemType:MiscConsumable; EPrimalMilestoneType:Craft,Y,
item,/Game/Packs/Wasteland/Vehicles/Car/Turret/Shotgun/PrimalItem_Car_Turret_Shotgun,PrimalItem_Car_Turret_Shotgun,PrimalItem_Car_Turret_Shotgun_C,Y,N,MiscConsumable,EPrimalItemType:MiscConsumable; EPrimalMilestoneType:Craft,Y,
item,/Game/Packs/Wasteland/Vehicles/Car/WheelsAndSuspension/Racer/PrimalItem_Car_Wheels_Racer,PrimalItem_Car_Wheels_Racer,PrimalItem_Car_Wheels_Racer_C,Y,N,MiscConsumable,EPrimalItemType:MiscConsumable; EPrimalMilestoneType:Craft,Y,
item,/Game/Packs/Wasteland/Vehicles/Car/WheelsAndSuspension/RollCage/PrimalItem_Car_Wheels_Rollcage,PrimalItem_Car_Wheels_Rollcage,PrimalItem_Car_Wheels_Rollcage_C,Y,N,MiscConsumable,EPrimalItemType:MiscConsumable; EPrimalMilestoneType:Craft,Y,
item,/Game/Packs/Wasteland/Vehicles/Car/WheelsAndSuspension/Truck/PrimalItem_Car_Wheels_Truck,PrimalItem_Car_Wheels_Truck,PrimalItem_Car_Wheels_Truck_C,Y,N,MiscConsumable,EPrimalItemType:MiscConsumable; EPrimalMilestoneType:Craft,Y,
item,/Game/Packs/Wasteland/Weapons/AntiFireGrenade/PrimalItem_AntifireGrenade,PrimalItem_AntifireGrenade,PrimalItem_AntifireGrenade_C,Y,N,Weapon,EPrimalItemType:Weapon; EPrimalMilestoneType:Craft; EPrimalMilestoneType:Kill,Y,
item,/Game/Packs/Wasteland/Weapons/ExplosiveSpear/PrimalItem_WeaponSpear_Explosive,PrimalItem_WeaponSpear_Explosive,PrimalItem_WeaponSpear_Explosive_C,Y,N,Weapon,EPrimalItemType:Weapon; EPrimalMilestoneType:Craft; EPrimalMilestoneType:Kill,Y,
item,/Game/Packs/Wasteland/Weapons/ExplosiveSpear/PrimalItem_WeaponSpear_Explosive_OnImpact,PrimalItem_WeaponSpear_Explosive_OnImpact,PrimalItem_WeaponSpear_Explosive_OnImpact_C,N,N,Weapon,EPrimalItemType:Weapon; EPrimalMilestoneType:Craft; EPrimalMilestoneType:Kill,Y,
item,/Game/PrimalEarth/CoreBlueprints/Items/Armor/Chitin/PrimalItemArmor_ChitinBoots,PrimalItemArmor_ChitinBoots,PrimalItemArmor_ChitinBoots_C,Y,N,Equipment,EPrimalItemType:Equipment; EPrimalMilestoneType:Craft,Y,
item,/Game/PrimalEarth/CoreBlueprints/Items/Armor/Chitin/PrimalItemArmor_ChitinGloves,PrimalItemArmor_ChitinGloves,PrimalItemArmor_ChitinGloves_C,Y,N,Equipment,EPrimalItemType:Equipment; EPrimalMilestoneType:Craft,Y,
item,/Game/PrimalEarth/CoreBlueprints/Items/Armor/Chitin/PrimalItemArmor_ChitinHelmet,PrimalItemArmor_ChitinHelmet,PrimalItemArmor_ChitinHelmet_C,Y,N,Equipment,EPrimalItemType:Equipment; EPrimalMilestoneType:Craft,Y,
item,/Game/PrimalEarth/CoreBlueprints/Items/Armor/Chitin/PrimalItemArmor_ChitinPants,PrimalItemArmor_ChitinPants,PrimalItemArmor_ChitinPants_C,Y,N,Equipment,EPrimalItemType:Equipment; EPrimalMilestoneType:Craft,Y,
item,/Game/PrimalEarth/CoreBlueprints/Items/Armor/Chitin/PrimalItemArmor_ChitinShirt,PrimalItemArmor_ChitinShirt,PrimalItemArmor_ChitinShirt_C,Y,N,Equipment,EPrimalItemType:Equipment; EPrimalMilestoneType:Craft,Y,
item,/Game/PrimalEarth/CoreBlueprints/Items/Armor/Cloth/PrimalItem_PowerNodeCharge,PrimalItem_PowerNodeCharge,PrimalItem_PowerNodeCharge_C,N,N,Equipment,EPrimalItemType:Equipment; EPrimalMilestoneType:Craft,Y,
item,/Game/PrimalEarth/CoreBlueprints/Items/Armor/Cloth/PrimalItemArmor_ClothBoots,PrimalItemArmor_ClothBoots,PrimalItemArmor_ClothBoots_C,Y,N,Equipment,EPrimalItemType:Equipment; EPrimalMilestoneType:Craft,Y,
item,/Game/PrimalEarth/CoreBlueprints/Items/Armor/Cloth/PrimalItemArmor_ClothGloves,PrimalItemArmor_ClothGloves,PrimalItemArmor_ClothGloves_C,Y,N,Equipment,EPrimalItemType:Equipment; EPrimalMilestoneType:Craft,Y,
item,/Game/PrimalEarth/CoreBlueprints/Items/Armor/Cloth/PrimalItemArmor_ClothHelmet,PrimalItemArmor_ClothHelmet,PrimalItemArmor_ClothHelmet_C,Y,N,Equipment,EPrimalItemType:Equipment; EPrimalMilestoneType:Craft,Y,
item,/Game/PrimalEarth/CoreBlueprints/Items/Armor/Cloth/PrimalItemArmor_ClothPants,PrimalItemArmor_ClothPants,PrimalItemArmor_ClothPants_C,Y,N,Equipment,EPrimalItemType:Equipment; EPrimalMilestoneType:Craft,Y,
item,/Game/PrimalEarth/CoreBlueprints/Items/Armor/Cloth/PrimalItemArmor_ClothShirt,PrimalItemArmor_ClothShirt,PrimalItemArmor_ClothShirt_C,Y,N,Equipment,EPrimalItemType:Equipment; EPrimalMilestoneType:Craft,Y,
item,/Game/PrimalEarth/CoreBlueprints/Items/Armor/Fur/PrimalItemArmor_FurBoots,PrimalItemArmor_FurBoots,PrimalItemArmor_FurBoots_C,Y,N,Equipment,EPrimalItemType:Equipment; EPrimalMilestoneType:Craft,Y,
item,/Game/PrimalEarth/CoreBlueprints/Items/Armor/Fur/PrimalItemArmor_FurGloves,PrimalItemArmor_FurGloves,PrimalItemArmor_FurGloves_C,Y,N,Equipment,EPrimalItemType:Equipment; EPrimalMilestoneType:Craft,Y,
item,/Game/PrimalEarth/CoreBlueprints/Items/Armor/Fur/PrimalItemArmor_FurHelmet,PrimalItemArmor_FurHelmet,PrimalItemArmor_FurHelmet_C,Y,N,Equipment,EPrimalItemType:Equipment; EPrimalMilestoneType:Craft,Y,
item,/Game/PrimalEarth/CoreBlueprints/Items/Armor/Fur/PrimalItemArmor_FurPants,PrimalItemArmor_FurPants,PrimalItemArmor_FurPants_C,Y,N,Equipment,EPrimalItemType:Equipment; EPrimalMilestoneType:Craft,Y,
item,/Game/PrimalEarth/CoreBlueprints/Items/Armor/Fur/PrimalItemArmor_FurShirt,PrimalItemArmor_FurShirt,PrimalItemArmor_FurShirt_C,Y,N,Equipment,EPrimalItemType:Equipment; EPrimalMilestoneType:Craft,Y,
item,/Game/PrimalEarth/CoreBlueprints/Items/Armor/Ghillie/PrimalItemArmor_GhillieBoots,PrimalItemArmor_GhillieBoots,PrimalItemArmor_GhillieBoots_C,Y,N,Equipment,EPrimalItemType:Equipment; EPrimalMilestoneType:Craft,Y,
item,/Game/PrimalEarth/CoreBlueprints/Items/Armor/Ghillie/PrimalItemArmor_GhillieGloves,PrimalItemArmor_GhillieGloves,PrimalItemArmor_GhillieGloves_C,Y,N,Equipment,EPrimalItemType:Equipment; EPrimalMilestoneType:Craft,Y,
item,/Game/PrimalEarth/CoreBlueprints/Items/Armor/Ghillie/PrimalItemArmor_GhillieHelmet,PrimalItemArmor_GhillieHelmet,PrimalItemArmor_GhillieHelmet_C,Y,N,Equipment,EPrimalItemType:Equipment; EPrimalMilestoneType:Craft,Y,
item,/Game/PrimalEarth/CoreBlueprints/Items/Armor/Ghillie/PrimalItemArmor_GhilliePants,PrimalItemArmor_GhilliePants,PrimalItemArmor_GhilliePants_C,Y,N,Equipment,EPrimalItemType:Equipment; EPrimalMilestoneType:Craft,Y,
item,/Game/PrimalEarth/CoreBlueprints/Items/Armor/Ghillie/PrimalItemArmor_GhillieShirt,PrimalItemArmor_GhillieShirt,PrimalItemArmor_GhillieShirt_C,Y,N,Equipment,EPrimalItemType:Equipment; EPrimalMilestoneType:Craft,Y,
item,/Game/PrimalEarth/CoreBlueprints/Items/Armor/Leather/PrimalItemArmor_HideBoots,PrimalItemArmor_HideBoots,PrimalItemArmor_HideBoots_C,Y,N,Equipment,EPrimalItemType:Equipment; EPrimalMilestoneType:Craft,Y,
item,/Game/PrimalEarth/CoreBlueprints/Items/Armor/Leather/PrimalItemArmor_HideGloves,PrimalItemArmor_HideGloves,PrimalItemArmor_HideGloves_C,Y,N,Equipment,EPrimalItemType:Equipment; EPrimalMilestoneType:Craft,Y,
item,/Game/PrimalEarth/CoreBlueprints/Items/Armor/Leather/PrimalItemArmor_HideHelmet,PrimalItemArmor_HideHelmet,PrimalItemArmor_HideHelmet_C,Y,N,Equipment,EPrimalItemType:Equipment; EPrimalMilestoneType:Craft,Y,
item,/Game/PrimalEarth/CoreBlueprints/Items/Armor/Leather/PrimalItemArmor_HideHelmetAlt,PrimalItemArmor_HideHelmetAlt,PrimalItemArmor_HideHelmetAlt_C,N,N,Equipment,EPrimalItemType:Equipment; EPrimalMilestoneType:Craft,Y,
item,/Game/PrimalEarth/CoreBlueprints/Items/Armor/Leather/PrimalItemArmor_HidePants,PrimalItemArmor_HidePants,PrimalItemArmor_HidePants_C,Y,N,Equipment,EPrimalItemType:Equipment; EPrimalMilestoneType:Craft,Y,
item,/Game/PrimalEarth/CoreBlueprints/Items/Armor/Leather/PrimalItemArmor_HideShirt,PrimalItemArmor_HideShirt,PrimalItemArmor_HideShirt_C,Y,N,Equipment,EPrimalItemType:Equipment; EPrimalMilestoneType:Craft,Y,
item,/Game/PrimalEarth/CoreBlueprints/Items/Armor/Leather/PrimalItemSkin_AberrationSword,PrimalItemSkin_AberrationSword,PrimalItemSkin_AberrationSword_C,N,N,Equipment,EPrimalItemType:Equipment; EPrimalMilestoneType:Craft,Y,
item,/Game/PrimalEarth/CoreBlueprints/Items/Armor/Leather/PrimalItemSkin_BirthdayPants,PrimalItemSkin_BirthdayPants,PrimalItemSkin_BirthdayPants_C,N,N,Equipment,EPrimalItemType:Equipment; EPrimalMilestoneType:Craft,Y,
item,/Game/PrimalEarth/CoreBlueprints/Items/Armor/Leather/PrimalItemSkin_BirthdayShirt,PrimalItemSkin_BirthdayShirt,PrimalItemSkin_BirthdayShirt_C,N,N,Equipment,EPrimalItemType:Equipment; EPrimalMilestoneType:Craft,Y,
item,/Game/PrimalEarth/CoreBlueprints/Items/Armor/Leather/PrimalItemSkin_BoneHelmet,PrimalItemSkin_BoneHelmet,PrimalItemSkin_BoneHelmet_C,N,N,Equipment,EPrimalItemType:Equipment; EPrimalMilestoneType:Craft,Y,
item,/Game/PrimalEarth/CoreBlueprints/Items/Armor/Leather/PrimalItemSkin_CandyClub,PrimalItemSkin_CandyClub,PrimalItemSkin_CandyClub_C,N,N,Equipment,EPrimalItemType:Equipment; EPrimalMilestoneType:Craft,Y,
item,/Game/PrimalEarth/CoreBlueprints/Items/Armor/Leather/PrimalItemSkin_DinoBunnyHat,PrimalItemSkin_DinoBunnyHat,PrimalItemSkin_DinoBunnyHat_C,N,N,Equipment,EPrimalItemType:Equipment; EPrimalMilestoneType:Craft,Y,
item,/Game/PrimalEarth/CoreBlueprints/Items/Armor/Leather/PrimalItemSkin_DinoPartyHat,PrimalItemSkin_DinoPartyHat,PrimalItemSkin_DinoPartyHat_C,N,N,Equipment,EPrimalItemType:Equipment; EPrimalMilestoneType:Craft,Y,
item,/Game/PrimalEarth/CoreBlueprints/Items/Armor/Leather/PrimalItemSkin_DinoSpecs,PrimalItemSkin_DinoSpecs,PrimalItemSkin_DinoSpecs_C,N,N,Equipment,EPrimalItemType:Equipment; EPrimalMilestoneType:Craft,Y,
item,/Game/PrimalEarth/CoreBlueprints/Items/Armor/Leather/PrimalItemSkin_DinoSpecs_RoundGlasses,PrimalItemSkin_DinoSpecs_RoundGlasses,PrimalItemSkin_DinoSpecs_RoundGlasses_C,N,N,Equipment,EPrimalItemType:Equipment; EPrimalMilestoneType:Craft,Y,
item,/Game/PrimalEarth/CoreBlueprints/Items/Armor/Leather/PrimalItemSkin_DinoWitchHat,PrimalItemSkin_DinoWitchHat,PrimalItemSkin_DinoWitchHat_C,N,N,Equipment,EPrimalItemType:Equipment; EPrimalMilestoneType:Craft,Y,
item,/Game/PrimalEarth/CoreBlueprints/Items/Armor/Leather/PrimalItemSkin_FlaregunFireworks,PrimalItemSkin_FlaregunFireworks,PrimalItemSkin_FlaregunFireworks_C,N,N,Equipment,EPrimalItemType:Equipment; EPrimalMilestoneType:Craft,Y,
item,/Game/PrimalEarth/CoreBlueprints/Items/Armor/Leather/PrimalItemSkin_Glasses,PrimalItemSkin_Glasses,PrimalItemSkin_Glasses_C,N,N,Equipment,EPrimalItemType:Equipment; EPrimalMilestoneType:Craft,Y,
item,/Game/PrimalEarth/CoreBlueprints/Items/Armor/Leather/PrimalItemSkin_RocketLauncherFireworks_Patch,PrimalItemSkin_RocketLauncherFireworks_Patch,PrimalItemSkin_RocketLauncherFireworks_Patch_C,N,N,Equipment,EPrimalItemType:Equipment; EPrimalMilestoneType:Craft,Y,
item,/Game/PrimalEarth/CoreBlueprints/Items/Armor/Leather/PrimalItemSkin_ScorchedSpear,PrimalItemSkin_ScorchedSpear,PrimalItemSkin_ScorchedSpear_C,N,N,Equipment,EPrimalItemType:Equipment; EPrimalMilestoneType:Craft,Y,
item,/Game/PrimalEarth/CoreBlueprints/Items/Armor/Leather/PrimalItemSkin_ScorchedSword,PrimalItemSkin_ScorchedSword,PrimalItemSkin_ScorchedSword_C,N,N,Equipment,EPrimalItemType:Equipment; EPrimalMilestoneType:Craft,Y,
item,/Game/PrimalEarth/CoreBlueprints/Items/Armor/Leather/PrimalItemSkin_TorchScorched,PrimalItemSkin_TorchScorched,PrimalItemSkin_TorchScorched_C,N,N,Equipment,EPrimalItemType:Equipment; EPrimalMilestoneType:Craft,Y,
item,/Game/PrimalEarth/CoreBlueprints/Items/Armor/Leather/PrimalItemSkin_TorchSparkler_Patch,PrimalItemSkin_TorchSparkler_Patch,PrimalItemSkin_TorchSparkler_Patch_C,N,N,Equipment,EPrimalItemType:Equipment; EPrimalMilestoneType:Craft,Y,
item,/Game/PrimalEarth/CoreBlueprints/Items/Armor/Leather/PrimalItemSkin_TrikeSkullHelmet,PrimalItemSkin_TrikeSkullHelmet,PrimalItemSkin_TrikeSkullHelmet_C,N,N,Equipment,EPrimalItemType:Equipment; EPrimalMilestoneType:Craft,Y,
item,/Game/PrimalEarth/CoreBlueprints/Items/Armor/Mammoth/PrimalItemArmor_MammothBoots,PrimalItemArmor_MammothBoots,PrimalItemArmor_MammothBoots_C,N,N,Equipment,EPrimalItemType:Equipment; EPrimalMilestoneType:Craft,Y,
item,/Game/PrimalEarth/CoreBlueprints/Items/Armor/Mammoth/PrimalItemArmor_MammothGloves,PrimalItemArmor_MammothGloves,PrimalItemArmor_MammothGloves_C,N,N,Equipment,EPrimalItemType:Equipment; EPrimalMilestoneType:Craft,Y,
item,/Game/PrimalEarth/CoreBlueprints/Items/Armor/Mammoth/PrimalItemArmor_MammothHelmet,PrimalItemArmor_MammothHelmet,PrimalItemArmor_MammothHelmet_C,N,N,Equipment,EPrimalItemType:Equipment; EPrimalMilestoneType:Craft,Y,
item,/Game/PrimalEarth/CoreBlueprints/Items/Armor/Mammoth/PrimalItemArmor_MammothPants,PrimalItemArmor_MammothPants,PrimalItemArmor_MammothPants_C,N,N,Equipment,EPrimalItemType:Equipment; EPrimalMilestoneType:Craft,Y,
item,/Game/PrimalEarth/CoreBlueprints/Items/Armor/Mammoth/PrimalItemArmor_MammothShirt,PrimalItemArmor_MammothShirt,PrimalItemArmor_MammothShirt_C,N,N,Equipment,EPrimalItemType:Equipment; EPrimalMilestoneType:Craft,Y,
item,/Game/PrimalEarth/CoreBlueprints/Items/Armor/Metal/PrimalItemArmor_MetalBoots,PrimalItemArmor_MetalBoots,PrimalItemArmor_MetalBoots_C,Y,N,Equipment,EPrimalItemType:Equipment; EPrimalMilestoneType:Craft,Y,
item,/Game/PrimalEarth/CoreBlueprints/Items/Armor/Metal/PrimalItemArmor_MetalGloves,PrimalItemArmor_MetalGloves,PrimalItemArmor_MetalGloves_C,Y,N,Equipment,EPrimalItemType:Equipment; EPrimalMilestoneType:Craft,Y,
item,/Game/PrimalEarth/CoreBlueprints/Items/Armor/Metal/PrimalItemArmor_MetalHelmet,PrimalItemArmor_MetalHelmet,PrimalItemArmor_MetalHelmet_C,Y,N,Equipment,EPrimalItemType:Equipment; EPrimalMilestoneType:Craft,Y,
item,/Game/PrimalEarth/CoreBlueprints/Items/Armor/Metal/PrimalItemArmor_MetalPants,PrimalItemArmor_MetalPants,PrimalItemArmor_MetalPants_C,Y,N,Equipment,EPrimalItemType:Equipment; EPrimalMilestoneType:Craft,Y,
item,/Game/PrimalEarth/CoreBlueprints/Items/Armor/Metal/PrimalItemArmor_MetalShirt,PrimalItemArmor_MetalShirt,PrimalItemArmor_MetalShirt_C,Y,N,Equipment,EPrimalItemType:Equipment; EPrimalMilestoneType:Craft,Y,
item,/Game/PrimalEarth/CoreBlueprints/Items/Armor/Metal/PrimalItemArmor_MinersHelmet,PrimalItemArmor_MinersHelmet,PrimalItemArmor_MinersHelmet_C,Y,N,Equipment,EPrimalItemType:Equipment; EPrimalMilestoneType:Craft,Y,
item,/Game/PrimalEarth/CoreBlueprints/Items/Armor/Riot/PrimalItemArmor_RiotBoots,PrimalItemArmor_RiotBoots,PrimalItemArmor_RiotBoots_C,Y,N,Equipment,EPrimalItemType:Equipment; EPrimalMilestoneType:Craft,Y,
item,/Game/PrimalEarth/CoreBlueprints/Items/Armor/Riot/PrimalItemArmor_RiotGloves,PrimalItemArmor_RiotGloves,PrimalItemArmor_RiotGloves_C,Y,N,Equipment,EPrimalItemType:Equipment; EPrimalMilestoneType:Craft,Y,
item,/Game/PrimalEarth/CoreBlueprints/Items/Armor/Riot/PrimalItemArmor_RiotHelmet,PrimalItemArmor_RiotHelmet,PrimalItemArmor_RiotHelmet_C,Y,N,Equipment,EPrimalItemType:Equipment; EPrimalMilestoneType:Craft,Y,
item,/Game/PrimalEarth/CoreBlueprints/Items/Armor/Riot/PrimalItemArmor_RiotPants,PrimalItemArmor_RiotPants,PrimalItemArmor_RiotPants_C,Y,N,Equipment,EPrimalItemType:Equipment; EPrimalMilestoneType:Craft,Y,
item,/Game/PrimalEarth/CoreBlueprints/Items/Armor/Riot/PrimalItemArmor_RiotShirt,PrimalItemArmor_RiotShirt,PrimalItemArmor_RiotShirt_C,Y,N,Equipment,EPrimalItemType:Equipment; EPrimalMilestoneType:Craft,Y,
item,/Game/PrimalEarth/CoreBlueprints/Items/Armor/Saddles/PrimalItemArmor_AlloSaddle,PrimalItemArmor_AlloSaddle,PrimalItemArmor_AlloSaddle_C,Y,N,Equipment,EPrimalItemType:Equipment; EPrimalMilestoneType:Craft,Y,
item,/Game/PrimalEarth/CoreBlueprints/Items/Armor/Saddles/PrimalItemArmor_AnkyloSaddle,PrimalItemArmor_AnkyloSaddle,PrimalItemArmor_AnkyloSaddle_C,Y,N,Equipment,EPrimalItemType:Equipment; EPrimalMilestoneType:Craft,Y,
item,/Game/PrimalEarth/CoreBlueprints/Items/Armor/Saddles/PrimalItemArmor_ArgentavisSaddle,PrimalItemArmor_ArgentavisSaddle,PrimalItemArmor_ArgentavisSaddle_C,Y,N,Equipment,EPrimalItemType:Equipment; EPrimalMilestoneType:Craft,Y,
item,/Game/PrimalEarth/CoreBlueprints/Items/Armor/Saddles/PrimalItemArmor_ArthroSaddle,PrimalItemArmor_ArthroSaddle,PrimalItemArmor_ArthroSaddle_C,Y,N,Equipment,EPrimalItemType:Equipment; EPrimalMilestoneType:Craft,Y,
item,/Game/PrimalEarth/CoreBlueprints/Items/Armor/Saddles/PrimalItemArmor_BaryonyxSaddle,PrimalItemArmor_BaryonyxSaddle,PrimalItemArmor_BaryonyxSaddle_C,Y,N,Equipment,EPrimalItemType:Equipment; EPrimalMilestoneType:Craft,Y,
item,/Game/PrimalEarth/CoreBlueprints/Items/Armor/Saddles/PrimalItemArmor_BasiloSaddle,PrimalItemArmor_BasiloSaddle,PrimalItemArmor_BasiloSaddle_C,Y,N,Equipment,EPrimalItemType:Equipment; EPrimalMilestoneType:Craft,Y,
item,/Game/PrimalEarth/CoreBlueprints/Items/Armor/Saddles/PrimalItemArmor_BeaverSaddle,PrimalItemArmor_BeaverSaddle,PrimalItemArmor_BeaverSaddle_C,Y,N,Equipment,EPrimalItemType:Equipment; EPrimalMilestoneType:Craft,Y,
item,/Game/PrimalEarth/CoreBlueprints/Items/Armor/Saddles/PrimalItemArmor_CarchaSaddle,PrimalItemArmor_CarchaSaddle,PrimalItemArmor_CarchaSaddle_C,Y,N,Equipment,EPrimalItemType:Equipment; EPrimalMilestoneType:Craft,Y,
item,/Game/PrimalEarth/CoreBlueprints/Items/Armor/Saddles/PrimalItemArmor_CarnoSaddle,PrimalItemArmor_CarnoSaddle,PrimalItemArmor_CarnoSaddle_C,Y,N,Equipment,EPrimalItemType:Equipment; EPrimalMilestoneType:Craft,Y,
item,/Game/PrimalEarth/CoreBlueprints/Items/Armor/Saddles/PrimalItemArmor_ChalicoSaddle,PrimalItemArmor_ChalicoSaddle,PrimalItemArmor_ChalicoSaddle_C,Y,N,Equipment,EPrimalItemType:Equipment; EPrimalMilestoneType:Craft,Y,
item,/Game/PrimalEarth/CoreBlueprints/Items/Armor/Saddles/PrimalItemArmor_DaeodonSaddle,PrimalItemArmor_DaeodonSaddle,PrimalItemArmor_DaeodonSaddle_C,Y,N,Equipment,EPrimalItemType:Equipment; EPrimalMilestoneType:Craft,Y,
item,/Game/PrimalEarth/CoreBlueprints/Items/Armor/Saddles/PrimalItemArmor_DiplodocusSaddle,PrimalItemArmor_DiplodocusSaddle,PrimalItemArmor_DiplodocusSaddle_C,Y,N,Equipment,EPrimalItemType:Equipment; EPrimalMilestoneType:Craft,Y,
item,/Game/PrimalEarth/CoreBlueprints/Items/Armor/Saddles/PrimalItemArmor_DireBearSaddle,PrimalItemArmor_DireBearSaddle,PrimalItemArmor_DireBearSaddle_C,Y,N,Equipment,EPrimalItemType:Equipment; EPrimalMilestoneType:Craft,Y,
item,/Game/PrimalEarth/CoreBlueprints/Items/Armor/Saddles/PrimalItemArmor_DoedSaddle,PrimalItemArmor_DoedSaddle,PrimalItemArmor_DoedSaddle_C,Y,N,Equipment,EPrimalItemType:Equipment; EPrimalMilestoneType:Craft,Y,
item,/Game/PrimalEarth/CoreBlueprints/Items/Armor/Saddles/PrimalItemArmor_DolphinSaddle,PrimalItemArmor_DolphinSaddle,PrimalItemArmor_DolphinSaddle_C,Y,N,Equipment,EPrimalItemType:Equipment; EPrimalMilestoneType:Craft,Y,
item,/Game/PrimalEarth/CoreBlueprints/Items/Armor/Saddles/PrimalItemArmor_DunkleosteusSaddle,PrimalItemArmor_DunkleosteusSaddle,PrimalItemArmor_DunkleosteusSaddle_C,Y,N,Equipment,EPrimalItemType:Equipment; EPrimalMilestoneType:Craft,Y,
item,/Game/PrimalEarth/CoreBlueprints/Items/Armor/Saddles/PrimalItemArmor_EquusSaddle,PrimalItemArmor_EquusSaddle,PrimalItemArmor_EquusSaddle_C,Y,N,Equipment,EPrimalItemType:Equipment; EPrimalMilestoneType:Craft,Y,
item,/Game/PrimalEarth/CoreBlueprints/Items/Armor/Saddles/PrimalItemArmor_Gallimimus,PrimalItemArmor_Gallimimus,PrimalItemArmor_Gallimimus_C,Y,N,Equipment,EPrimalItemType:Equipment; EPrimalMilestoneType:Craft,Y,
item,/Game/PrimalEarth/CoreBlueprints/Items/Armor/Saddles/PrimalItemArmor_GigantSaddle,PrimalItemArmor_GigantSaddle,PrimalItemArmor_GigantSaddle_C,Y,N,Equipment,EPrimalItemType:Equipment; EPrimalMilestoneType:Craft,Y,
item,/Game/PrimalEarth/CoreBlueprints/Items/Armor/Saddles/PrimalItemArmor_HyaenodonSaddle,PrimalItemArmor_HyaenodonSaddle,PrimalItemArmor_HyaenodonSaddle_C,Y,N,Equipment,EPrimalItemType:Equipment; EPrimalMilestoneType:Craft,Y,
item,/Game/PrimalEarth/CoreBlueprints/Items/Armor/Saddles/PrimalItemArmor_IguanodonSaddle,PrimalItemArmor_IguanodonSaddle,PrimalItemArmor_IguanodonSaddle_C,Y,N,Equipment,EPrimalItemType:Equipment; EPrimalMilestoneType:Craft,Y,
item,/Game/PrimalEarth/CoreBlueprints/Items/Armor/Saddles/PrimalItemArmor_KaprosuchusSaddle,PrimalItemArmor_KaprosuchusSaddle,PrimalItemArmor_KaprosuchusSaddle_C,Y,N,Equipment,EPrimalItemType:Equipment; EPrimalMilestoneType:Craft,Y,
item,/Game/PrimalEarth/CoreBlueprints/Items/Armor/Saddles/PrimalItemArmor_LiopleurodonSaddle,PrimalItemArmor_LiopleurodonSaddle,PrimalItemArmor_LiopleurodonSaddle_C,N,N,Equipment,EPrimalItemType:Equipment; EPrimalMilestoneType:Craft,Y,
item,/Game/PrimalEarth/CoreBlueprints/Items/Armor/Saddles/PrimalItemArmor_MammothSaddle,PrimalItemArmor_MammothSaddle,PrimalItemArmor_MammothSaddle_C,Y,N,Equipment,EPrimalItemType:Equipment; EPrimalMilestoneType:Craft,Y,
item,/Game/PrimalEarth/CoreBlueprints/Items/Armor/Saddles/PrimalItemArmor_MantaSaddle,PrimalItemArmor_MantaSaddle,PrimalItemArmor_MantaSaddle_C,Y,N,Equipment,EPrimalItemType:Equipment; EPrimalMilestoneType:Craft,Y,
item,/Game/PrimalEarth/CoreBlueprints/Items/Armor/Saddles/PrimalItemArmor_MegalaniaSaddle,PrimalItemArmor_MegalaniaSaddle,PrimalItemArmor_MegalaniaSaddle_C,Y,N,Equipment,EPrimalItemType:Equipment; EPrimalMilestoneType:Craft,Y,
item,/Game/PrimalEarth/CoreBlueprints/Items/Armor/Saddles/PrimalItemArmor_MegalodonSaddle,PrimalItemArmor_MegalodonSaddle,PrimalItemArmor_MegalodonSaddle_C,Y,N,Equipment,EPrimalItemType:Equipment; EPrimalMilestoneType:Craft,Y,
item,/Game/PrimalEarth/CoreBlueprints/Items/Armor/Saddles/PrimalItemArmor_MegalodonSaddle_Tek,PrimalItemArmor_MegalodonSaddle_Tek,PrimalItemArmor_MegalodonSaddle_Tek_C,Y,N,Equipment,EPrimalItemType:Equipment; EPrimalMilestoneType:Craft,Y,
item,/Game/PrimalEarth/CoreBlueprints/Items/Armor/Saddles/PrimalItemArmor_MegalosaurusSaddle,PrimalItemArmor_MegalosaurusSaddle,PrimalItemArmor_MegalosaurusSaddle_C,Y,N,Equipment,EPrimalItemType:Equipment; EPrimalMilestoneType:Craft,Y,
item,/Game/PrimalEarth/CoreBlueprints/Items/Armor/Saddles/PrimalItemArmor_MegatheriumSaddle,PrimalItemArmor_MegatheriumSaddle,PrimalItemArmor_MegatheriumSaddle_C,Y,N,Equipment,EPrimalItemType:Equipment; EPrimalMilestoneType:Craft,Y,
item,/Game/PrimalEarth/CoreBlueprints/Items/Armor/Saddles/PrimalItemArmor_MosaSaddle,PrimalItemArmor_MosaSaddle,PrimalItemArmor_MosaSaddle_C,Y,N,Equipment,EPrimalItemType:Equipment; EPrimalMilestoneType:Craft,Y,
item,/Game/PrimalEarth/CoreBlueprints/Items/Armor/Saddles/PrimalItemArmor_MosaSaddle_Platform,PrimalItemArmor_MosaSaddle_Platform,PrimalItemArmor_MosaSaddle_Platform_C,Y,N,Equipment,EPrimalItemType:Equipment; EPrimalMilestoneType:Craft,Y,
item,/Game/PrimalEarth/CoreBlueprints/Items/Armor/Saddles/PrimalItemArmor_MosaSaddle_Tek,PrimalItemArmor_MosaSaddle_Tek,PrimalItemArmor_MosaSaddle_Tek_C,Y,N,Equipment,EPrimalItemType:Equipment; EPrimalMilestoneType:Craft,Y,
item,/Game/PrimalEarth/CoreBlueprints/Items/Armor/Saddles/PrimalItemArmor_PachyrhinoSaddle,PrimalItemArmor_PachyrhinoSaddle,PrimalItemArmor_PachyrhinoSaddle_C,Y,N,Equipment,EPrimalItemType:Equipment; EPrimalMilestoneType:Craft,Y,
item,/Game/PrimalEarth/CoreBlueprints/Items/Armor/Saddles/PrimalItemArmor_PachySaddle,PrimalItemArmor_PachySaddle,PrimalItemArmor_PachySaddle_C,Y,N,Equipment,EPrimalItemType:Equipment; EPrimalMilestoneType:Craft,Y,
item,/Game/PrimalEarth/CoreBlueprints/Items/Armor/Saddles/PrimalItemArmor_Paracer_Saddle,PrimalItemArmor_Paracer_Saddle,PrimalItemArmor_Paracer_Saddle_C,Y,N,Equipment,EPrimalItemType:Equipment; EPrimalMilestoneType:Craft,Y,
item,/Game/PrimalEarth/CoreBlueprints/Items/Armor/Saddles/PrimalItemArmor_ParacerSaddle_Platform,PrimalItemArmor_ParacerSaddle_Platform,PrimalItemArmor_ParacerSaddle_Platform_C,Y,N,Equipment,EPrimalItemType:Equipment; EPrimalMilestoneType:Craft,Y,
item,/Game/PrimalEarth/CoreBlueprints/Items/Armor/Saddles/PrimalItemArmor_ParaSaddle,PrimalItemArmor_ParaSaddle,PrimalItemArmor_ParaSaddle_C,Y,N,Equipment,EPrimalItemType:Equipment; EPrimalMilestoneType:Craft,Y,
item,/Game/PrimalEarth/CoreBlueprints/Items/Armor/Saddles/PrimalItemArmor_ParaSaddle_Launch,PrimalItemArmor_ParaSaddle_Launch,PrimalItemArmor_ParaSaddle_Launch_C,N,N,Equipment,EPrimalItemType:Equipment; EPrimalMilestoneType:Craft,Y,
item,/Game/PrimalEarth/CoreBlueprints/Items/Armor/Saddles/PrimalItemArmor_PelaSaddle,PrimalItemArmor_PelaSaddle,PrimalItemArmor_PelaSaddle_C,Y,N,Equipment,EPrimalItemType:Equipment; EPrimalMilestoneType:Craft,Y,
item,/Game/PrimalEarth/CoreBlueprints/Items/Armor/Saddles/PrimalItemArmor_PhiomiaSaddle,PrimalItemArmor_PhiomiaSaddle,PrimalItemArmor_PhiomiaSaddle_C,Y,N,Equipment,EPrimalItemType:Equipment; EPrimalMilestoneType:Craft,Y,
item,/Game/PrimalEarth/CoreBlueprints/Items/Armor/Saddles/PrimalItemArmor_PlesiaSaddle,PrimalItemArmor_PlesiaSaddle,PrimalItemArmor_PlesiaSaddle_C,Y,N,Equipment,EPrimalItemType:Equipment; EPrimalMilestoneType:Craft,Y,
item,/Game/PrimalEarth/CoreBlueprints/Items/Armor/Saddles/PrimalItemArmor_PlesiSaddle_Platform,PrimalItemArmor_PlesiSaddle_Platform,PrimalItemArmor_PlesiSaddle_Platform_C,Y,N,Equipment,EPrimalItemType:Equipment; EPrimalMilestoneType:Craft,Y,
item,/Game/PrimalEarth/CoreBlueprints/Items/Armor/Saddles/PrimalItemArmor_ProcoptodonSaddle,PrimalItemArmor_ProcoptodonSaddle,PrimalItemArmor_ProcoptodonSaddle_C,Y,N,Equipment,EPrimalItemType:Equipment; EPrimalMilestoneType:Craft,Y,
item,/Game/PrimalEarth/CoreBlueprints/Items/Armor/Saddles/PrimalItemArmor_PteroSaddle,PrimalItemArmor_PteroSaddle,PrimalItemArmor_PteroSaddle_C,Y,N,Equipment,EPrimalItemType:Equipment; EPrimalMilestoneType:Craft,Y,
item,/Game/PrimalEarth/CoreBlueprints/Items/Armor/Saddles/PrimalItemArmor_QuetzSaddle,PrimalItemArmor_QuetzSaddle,PrimalItemArmor_QuetzSaddle_C,Y,N,Equipment,EPrimalItemType:Equipment; EPrimalMilestoneType:Craft,Y,
item,/Game/PrimalEarth/CoreBlueprints/Items/Armor/Saddles/PrimalItemArmor_QuetzSaddle_Platform,PrimalItemArmor_QuetzSaddle_Platform,PrimalItemArmor_QuetzSaddle_Platform_C,Y,N,Equipment,EPrimalItemType:Equipment; EPrimalMilestoneType:Craft,Y,
item,/Game/PrimalEarth/CoreBlueprints/Items/Armor/Saddles/PrimalItemArmor_RaptorSaddle,PrimalItemArmor_RaptorSaddle,PrimalItemArmor_RaptorSaddle_C,Y,N,Equipment,EPrimalItemType:Equipment; EPrimalMilestoneType:Craft,Y,
item,/Game/PrimalEarth/CoreBlueprints/Items/Armor/Saddles/PrimalItemArmor_RexSaddle,PrimalItemArmor_RexSaddle,PrimalItemArmor_RexSaddle_C,Y,N,Equipment,EPrimalItemType:Equipment; EPrimalMilestoneType:Craft,Y,
item,/Game/PrimalEarth/CoreBlueprints/Items/Armor/Saddles/PrimalItemArmor_RexSaddle_StompedGlasses,PrimalItemArmor_RexSaddle_StompedGlasses,PrimalItemArmor_RexSaddle_StompedGlasses_C,N,N,Equipment,EPrimalItemType:Equipment; EPrimalMilestoneType:Craft,Y,
item,/Game/PrimalEarth/CoreBlueprints/Items/Armor/Saddles/PrimalItemArmor_RexSaddle_Tek,PrimalItemArmor_RexSaddle_Tek,PrimalItemArmor_RexSaddle_Tek_C,Y,N,Equipment,EPrimalItemType:Equipment; EPrimalMilestoneType:Craft,Y,
item,/Game/PrimalEarth/CoreBlueprints/Items/Armor/Saddles/PrimalItemArmor_RhinoSaddle,PrimalItemArmor_RhinoSaddle,PrimalItemArmor_RhinoSaddle_C,Y,N,Equipment,EPrimalItemType:Equipment; EPrimalMilestoneType:Craft,Y,
item,/Game/PrimalEarth/CoreBlueprints/Items/Armor/Saddles/PrimalItemArmor_RhynioSaddle,PrimalItemArmor_RhynioSaddle,PrimalItemArmor_RhynioSaddle_C,Y,N,Equipment,EPrimalItemType:Equipment; EPrimalMilestoneType:Craft,Y,
item,/Game/PrimalEarth/CoreBlueprints/Items/Armor/Saddles/PrimalItemArmor_SaberSaddle,PrimalItemArmor_SaberSaddle,PrimalItemArmor_SaberSaddle_C,Y,N,Equipment,EPrimalItemType:Equipment; EPrimalMilestoneType:Craft,Y,
item,/Game/PrimalEarth/CoreBlueprints/Items/Armor/Saddles/PrimalItemArmor_SarcoSaddle,PrimalItemArmor_SarcoSaddle,PrimalItemArmor_SarcoSaddle_C,Y,N,Equipment,EPrimalItemType:Equipment; EPrimalMilestoneType:Craft,Y,
item,/Game/PrimalEarth/CoreBlueprints/Items/Armor/Saddles/PrimalItemArmor_SauroSaddle,PrimalItemArmor_SauroSaddle,PrimalItemArmor_SauroSaddle_C,Y,N,Equipment,EPrimalItemType:Equipment; EPrimalMilestoneType:Craft,Y,
item,/Game/PrimalEarth/CoreBlueprints/Items/Armor/Saddles/PrimalItemArmor_SauroSaddle_Platform,PrimalItemArmor_SauroSaddle_Platform,PrimalItemArmor_SauroSaddle_Platform_C,Y,N,Equipment,EPrimalItemType:Equipment; EPrimalMilestoneType:Craft,Y,
item,/Game/PrimalEarth/CoreBlueprints/Items/Armor/Saddles/PrimalItemArmor_ScorpionSaddle,PrimalItemArmor_ScorpionSaddle,PrimalItemArmor_ScorpionSaddle_C,Y,N,Equipment,EPrimalItemType:Equipment; EPrimalMilestoneType:Craft,Y,
item,/Game/PrimalEarth/CoreBlueprints/Items/Armor/Saddles/PrimalItemArmor_SpiderSaddle,PrimalItemArmor_SpiderSaddle,PrimalItemArmor_SpiderSaddle_C,Y,N,Equipment,EPrimalItemType:Equipment; EPrimalMilestoneType:Craft,Y,
item,/Game/PrimalEarth/CoreBlueprints/Items/Armor/Saddles/PrimalItemArmor_SpinoSaddle,PrimalItemArmor_SpinoSaddle,PrimalItemArmor_SpinoSaddle_C,Y,N,Equipment,EPrimalItemType:Equipment; EPrimalMilestoneType:Craft,Y,
item,/Game/PrimalEarth/CoreBlueprints/Items/Armor/Saddles/PrimalItemArmor_StagSaddle,PrimalItemArmor_StagSaddle,PrimalItemArmor_StagSaddle_C,Y,N,Equipment,EPrimalItemType:Equipment; EPrimalMilestoneType:Craft,Y,
item,/Game/PrimalEarth/CoreBlueprints/Items/Armor/Saddles/PrimalItemArmor_StegoSaddle,PrimalItemArmor_StegoSaddle,PrimalItemArmor_StegoSaddle_C,Y,N,Equipment,EPrimalItemType:Equipment; EPrimalMilestoneType:Craft,Y,
item,/Game/PrimalEarth/CoreBlueprints/Items/Armor/Saddles/PrimalItemArmor_Tapejara_Tek,PrimalItemArmor_Tapejara_Tek,PrimalItemArmor_Tapejara_Tek_C,Y,N,Equipment,EPrimalItemType:Equipment; EPrimalMilestoneType:Craft,Y,
item,/Game/PrimalEarth/CoreBlueprints/Items/Armor/Saddles/PrimalItemArmor_TapejaraSaddle,PrimalItemArmor_TapejaraSaddle,PrimalItemArmor_TapejaraSaddle_C,Y,N,Equipment,EPrimalItemType:Equipment; EPrimalMilestoneType:Craft,Y,
item,/Game/PrimalEarth/CoreBlueprints/Items/Armor/Saddles/PrimalItemArmor_TerrorBirdSaddle,PrimalItemArmor_TerrorBirdSaddle,PrimalItemArmor_TerrorBirdSaddle_C,Y,N,Equipment,EPrimalItemType:Equipment; EPrimalMilestoneType:Craft,Y,
item,/Game/PrimalEarth/CoreBlueprints/Items/Armor/Saddles/PrimalItemArmor_TherizinosaurusSaddle,PrimalItemArmor_TherizinosaurusSaddle,PrimalItemArmor_TherizinosaurusSaddle_C,Y,N,Equipment,EPrimalItemType:Equipment; EPrimalMilestoneType:Craft,Y,
item,/Game/PrimalEarth/CoreBlueprints/Items/Armor/Saddles/PrimalItemArmor_ThylacoSaddle,PrimalItemArmor_ThylacoSaddle,PrimalItemArmor_ThylacoSaddle_C,Y,N,Equipment,EPrimalItemType:Equipment; EPrimalMilestoneType:Craft,Y,
item,/Game/PrimalEarth/CoreBlueprints/Items/Armor/Saddles/PrimalItemArmor_TitanSaddle_Platform,PrimalItemArmor_TitanSaddle_Platform,PrimalItemArmor_TitanSaddle_Platform_C,Y,N,Equipment,EPrimalItemType:Equipment; EPrimalMilestoneType:Craft,Y,
item,/Game/PrimalEarth/CoreBlueprints/Items/Armor/Saddles/PrimalItemArmor_ToadSaddle,PrimalItemArmor_ToadSaddle,PrimalItemArmor_ToadSaddle_C,Y,N,Equipment,EPrimalItemType:Equipment; EPrimalMilestoneType:Craft,Y,
item,/Game/PrimalEarth/CoreBlueprints/Items/Armor/Saddles/PrimalItemArmor_TrikeSaddle,PrimalItemArmor_TrikeSaddle,PrimalItemArmor_TrikeSaddle_C,Y,N,Equipment,EPrimalItemType:Equipment; EPrimalMilestoneType:Craft,Y,
item,/Game/PrimalEarth/CoreBlueprints/Items/Armor/Saddles/PrimalItemArmor_TurtleSaddle,PrimalItemArmor_TurtleSaddle,PrimalItemArmor_TurtleSaddle_C,Y,N,Equipment,EPrimalItemType:Equipment; EPrimalMilestoneType:Craft,Y,
item,/Game/PrimalEarth/CoreBlueprints/Items/Armor/Saddles/PrimalItemArmor_TusoSaddle,PrimalItemArmor_TusoSaddle,PrimalItemArmor_TusoSaddle_C,Y,N,Equipment,EPrimalItemType:Equipment; EPrimalMilestoneType:Craft,Y,
item,/Game/PrimalEarth/CoreBlueprints/Items/Armor/Saddles/PrimalItemArmor_YutySaddle,PrimalItemArmor_YutySaddle,PrimalItemArmor_YutySaddle_C,Y,N,Equipment,EPrimalItemType:Equipment; EPrimalMilestoneType:Craft,Y,
item,/Game/PrimalEarth/CoreBlueprints/Items/Armor/Saddles/PrimalItemCostume_AnimeParasaur,PrimalItemCostume_AnimeParasaur,PrimalItemCostume_AnimeParasaur_C,N,N,Equipment,EPrimalItemType:Equipment; EPrimalMilestoneType:Craft,Y,
item,/Game/PrimalEarth/CoreBlueprints/Items/Armor/Saddles/PrimalItemCostume_AnimeRaptor,PrimalItemCostume_AnimeRaptor,PrimalItemCostume_AnimeRaptor_C,N,N,Equipment,EPrimalItemType:Equipment; EPrimalMilestoneType:Craft,Y,
item,/Game/PrimalEarth/CoreBlueprints/Items/Armor/Saddles/PrimalItemCostume_BionicGigant,PrimalItemCostume_BionicGigant,PrimalItemCostume_BionicGigant_C,N,N,Equipment,EPrimalItemType:Equipment; EPrimalMilestoneType:Craft,Y,
item,/Game/PrimalEarth/CoreBlueprints/Items/Armor/Saddles/PrimalItemCostume_BionicMosa,PrimalItemCostume_BionicMosa,PrimalItemCostume_BionicMosa_C,N,N,Equipment,EPrimalItemType:Equipment; EPrimalMilestoneType:Craft,Y,
item,/Game/PrimalEarth/CoreBlueprints/Items/Armor/Saddles/PrimalItemCostume_BionicParasaur,PrimalItemCostume_BionicParasaur,PrimalItemCostume_BionicParasaur_C,N,N,Equipment,EPrimalItemType:Equipment; EPrimalMilestoneType:Craft,Y,
item,/Game/PrimalEarth/CoreBlueprints/Items/Armor/Saddles/PrimalItemCostume_BionicQuetzal,PrimalItemCostume_BionicQuetzal,PrimalItemCostume_BionicQuetzal_C,N,N,Equipment,EPrimalItemType:Equipment; EPrimalMilestoneType:Craft,Y,
item,/Game/PrimalEarth/CoreBlueprints/Items/Armor/Saddles/PrimalItemCostume_BionicRaptor,PrimalItemCostume_BionicRaptor,PrimalItemCostume_BionicRaptor_C,N,N,Equipment,EPrimalItemType:Equipment; EPrimalMilestoneType:Craft,Y,
item,/Game/PrimalEarth/CoreBlueprints/Items/Armor/Saddles/PrimalItemCostume_BionicRex,PrimalItemCostume_BionicRex,PrimalItemCostume_BionicRex_C,N,N,Equipment,EPrimalItemType:Equipment; EPrimalMilestoneType:Craft,Y,
item,/Game/PrimalEarth/CoreBlueprints/Items/Armor/Saddles/PrimalItemCostume_BionicStego,PrimalItemCostume_BionicStego,PrimalItemCostume_BionicStego_C,N,N,Equipment,EPrimalItemType:Equipment; EPrimalMilestoneType:Craft,Y,
item,/Game/PrimalEarth/CoreBlueprints/Items/Armor/Saddles/PrimalItemCostume_BionicTrike,PrimalItemCostume_BionicTrike,PrimalItemCostume_BionicTrike_C,N,N,Equipment,EPrimalItemType:Equipment; EPrimalMilestoneType:Craft,Y,
item,/Game/PrimalEarth/CoreBlueprints/Items/Armor/Saddles/PrimalItemCostume_BoneCarno,PrimalItemCostume_BoneCarno,PrimalItemCostume_BoneCarno_C,N,N,Equipment,EPrimalItemType:Equipment; EPrimalMilestoneType:Craft,Y,
item,/Game/PrimalEarth/CoreBlueprints/Items/Armor/Saddles/PrimalItemCostume_BoneGigant,PrimalItemCostume_BoneGigant,PrimalItemCostume_BoneGigant_C,N,N,Equipment,EPrimalItemType:Equipment; EPrimalMilestoneType:Craft,Y,
item,/Game/PrimalEarth/CoreBlueprints/Items/Armor/Saddles/PrimalItemCostume_BoneJerboa,PrimalItemCostume_BoneJerboa,PrimalItemCostume_BoneJerboa_C,N,N,Equipment,EPrimalItemType:Equipment; EPrimalMilestoneType:Craft,Y,
item,/Game/PrimalEarth/CoreBlueprints/Items/Armor/Saddles/PrimalItemCostume_BoneQuetz,PrimalItemCostume_BoneQuetz,PrimalItemCostume_BoneQuetz_C,N,N,Equipment,EPrimalItemType:Equipment; EPrimalMilestoneType:Craft,Y,
item,/Game/PrimalEarth/CoreBlueprints/Items/Armor/Saddles/PrimalItemCostume_BoneRaptor,PrimalItemCostume_BoneRaptor,PrimalItemCostume_BoneRaptor_C,N,N,Equipment,EPrimalItemType:Equipment; EPrimalMilestoneType:Craft,Y,
item,/Game/PrimalEarth/CoreBlueprints/Items/Armor/Saddles/PrimalItemCostume_BoneRex,PrimalItemCostume_BoneRex,PrimalItemCostume_BoneRex_C,N,N,Equipment,EPrimalItemType:Equipment; EPrimalMilestoneType:Craft,Y,
item,/Game/PrimalEarth/CoreBlueprints/Items/Armor/Saddles/PrimalItemCostume_BoneSauro,PrimalItemCostume_BoneSauro,PrimalItemCostume_BoneSauro_C,N,N,Equipment,EPrimalItemType:Equipment; EPrimalMilestoneType:Craft,Y,
item,/Game/PrimalEarth/CoreBlueprints/Items/Armor/Saddles/PrimalItemCostume_BoneStego,PrimalItemCostume_BoneStego,PrimalItemCostume_BoneStego_C,N,N,Equipment,EPrimalItemType:Equipment; EPrimalMilestoneType:Craft,Y,
item,/Game/PrimalEarth/CoreBlueprints/Items/Armor/Saddles/PrimalItemCostume_BoneTrike,PrimalItemCostume_BoneTrike,PrimalItemCostume_BoneTrike_C,N,N,Equipment,EPrimalItemType:Equipment; EPrimalMilestoneType:Craft,Y,
item,/Game/PrimalEarth/CoreBlueprints/Items/Armor/Saddles/PrimalItemCostume_BoneWyvern,PrimalItemCostume_BoneWyvern,PrimalItemCostume_BoneWyvern_C,N,N,Equipment,EPrimalItemType:Equipment; EPrimalMilestoneType:Craft,Y,
item,/Game/PrimalEarth/CoreBlueprints/Items/Armor/Saddles/PrimalItemCostume_GhostBasilisk,PrimalItemCostume_GhostBasilisk,PrimalItemCostume_GhostBasilisk_C,N,N,Equipment,EPrimalItemType:Equipment; EPrimalMilestoneType:Craft,Y,
item,/Game/PrimalEarth/CoreBlueprints/Items/Armor/Saddles/PrimalItemCostume_GhostDirewolf,PrimalItemCostume_GhostDirewolf,PrimalItemCostume_GhostDirewolf_C,N,N,Equipment,EPrimalItemType:Equipment; EPrimalMilestoneType:Craft,Y,
item,/Game/PrimalEarth/CoreBlueprints/Items/Armor/Saddles/PrimalItemCostume_GhostLanternPug,PrimalItemCostume_GhostLanternPug,PrimalItemCostume_GhostLanternPug_C,N,N,Equipment,EPrimalItemType:Equipment; EPrimalMilestoneType:Craft,Y,
item,/Game/PrimalEarth/CoreBlueprints/Items/Armor/Saddles/PrimalItemCostume_GhostMantis,PrimalItemCostume_GhostMantis,PrimalItemCostume_GhostMantis_C,N,N,Equipment,EPrimalItemType:Equipment; EPrimalMilestoneType:Craft,Y,
item,/Game/PrimalEarth/CoreBlueprints/Items/Armor/Saddles/PrimalItemCostume_GhostOwl,PrimalItemCostume_GhostOwl,PrimalItemCostume_GhostOwl_C,N,N,Equipment,EPrimalItemType:Equipment; EPrimalMilestoneType:Craft,Y,
item,/Game/PrimalEarth/CoreBlueprints/Items/Armor/Saddles/PrimalItemCostume_GhostReaper,PrimalItemCostume_GhostReaper,PrimalItemCostume_GhostReaper_C,N,N,Equipment,EPrimalItemType:Equipment; EPrimalMilestoneType:Craft,Y,
item,/Game/PrimalEarth/CoreBlueprints/Items/Armor/Saddles/PrimalItemCostume_GhostRex,PrimalItemCostume_GhostRex,PrimalItemCostume_GhostRex_C,N,N,Equipment,EPrimalItemType:Equipment; EPrimalMilestoneType:Craft,Y,
item,/Game/PrimalEarth/CoreBlueprints/Items/Armor/Saddles/PrimalItemCostume_ProcopBunny,PrimalItemCostume_ProcopBunny,PrimalItemCostume_ProcopBunny_C,N,N,Equipment,EPrimalItemType:Equipment; EPrimalMilestoneType:Craft,Y,
item,/Game/PrimalEarth/CoreBlueprints/Items/Armor/Saddles/PrimalItemCostume_ReindeerStag,PrimalItemCostume_ReindeerStag,PrimalItemCostume_ReindeerStag_C,N,N,Equipment,EPrimalItemType:Equipment; EPrimalMilestoneType:Craft,Y,
item,/Game/PrimalEarth/CoreBlueprints/Items/Armor/SCUBA/PrimalItemArmor_GasMask,PrimalItemArmor_GasMask,PrimalItemArmor_GasMask_C,Y,N,Equipment,EPrimalItemType:Equipment; EPrimalMilestoneType:Craft,Y,
item,/Game/PrimalEarth/CoreBlueprints/Items/Armor/SCUBA/PrimalItemArmor_NightVisionGoggles,PrimalItemArmor_NightVisionGoggles,PrimalItemArmor_NightVisionGoggles_C,Y,N,Equipment,EPrimalItemType:Equipment; EPrimalMilestoneType:Craft,Y,
item,/Game/PrimalEarth/CoreBlueprints/Items/Armor/SCUBA/PrimalItemArmor_ScubaBoots_Flippers,PrimalItemArmor_ScubaBoots_Flippers,PrimalItemArmor_ScubaBoots_Flippers_C,Y,N,Equipment,EPrimalItemType:Equipment; EPrimalMilestoneType:Craft,Y,
item,/Game/PrimalEarth/CoreBlueprints/Items/Armor/SCUBA/PrimalItemArmor_ScubaHelmet_Goggles,PrimalItemArmor_ScubaHelmet_Goggles,PrimalItemArmor_ScubaHelmet_Goggles_C,Y,N,Equipment,EPrimalItemType:Equipment; EPrimalMilestoneType:Craft,Y,
item,/Game/PrimalEarth/CoreBlueprints/Items/Armor/SCUBA/PrimalItemArmor_ScubaPants,PrimalItemArmor_ScubaPants,PrimalItemArmor_ScubaPants_C,Y,N,Equipment,EPrimalItemType:Equipment; EPrimalMilestoneType:Craft,Y,
item,/Game/PrimalEarth/CoreBlueprints/Items/Armor/SCUBA/PrimalItemArmor_ScubaShirt_SuitWithTank,PrimalItemArmor_ScubaShirt_SuitWithTank,PrimalItemArmor_ScubaShirt_SuitWithTank_C,Y,N,Equipment,EPrimalItemType:Equipment; EPrimalMilestoneType:Craft,Y,
item,/Game/PrimalEarth/CoreBlueprints/Items/Armor/Shields/PrimalItemArmor_MetalShield,PrimalItemArmor_MetalShield,PrimalItemArmor_MetalShield_C,Y,N,Equipment,EPrimalItemType:Equipment; EPrimalMilestoneType:Craft,Y,
item,/Game/PrimalEarth/CoreBlueprints/Items/Armor/Shields/PrimalItemArmor_Shield,PrimalItemArmor_Shield,PrimalItemArmor_Shield_C,N,N,Equipment,EPrimalItemType:Equipment; EPrimalMilestoneType:Craft,Y,
item,/Game/PrimalEarth/CoreBlueprints/Items/Armor/Shields/PrimalItemArmor_ShieldTek,PrimalItemArmor_ShieldTek,PrimalItemArmor_ShieldTek_C,Y,N,Equipment,EPrimalItemType:Equipment; EPrimalMilestoneType:Craft,Y,
item,/Game/PrimalEarth/CoreBlueprints/Items/Armor/Shields/PrimalItemArmor_TransparentRiotShield,PrimalItemArmor_TransparentRiotShield,PrimalItemArmor_TransparentRiotShield_C,Y,N,Equipment,EPrimalItemType:Equipment; EPrimalMilestoneType:Craft,Y,
item,/Game/PrimalEarth/CoreBlueprints/Items/Armor/Shields/PrimalItemArmor_WoodShield,PrimalItemArmor_WoodShield,PrimalItemArmor_WoodShield_C,Y,N,Equipment,EPrimalItemType:Equipment; EPrimalMilestoneType:Craft,Y,
item,/Game/PrimalEarth/CoreBlueprints/Items/Armor/Skin/ChibiDinos/PrimalItemSkin_ChibiDino_Achatina,PrimalItemSkin_ChibiDino_Achatina,PrimalItemSkin_ChibiDino_Achatina_C,N,N,Equipment,EPrimalItemType:Equipment; EPrimalMilestoneType:Craft,Y,
item,/Game/PrimalEarth/CoreBlueprints/Items/Armor/Skin/ChibiDinos/PrimalItemSkin_ChibiDino_Allosaurus,PrimalItemSkin_ChibiDino_Allosaurus,PrimalItemSkin_ChibiDino_Allosaurus_C,N,N,Equipment,EPrimalItemType:Equipment; EPrimalMilestoneType:Craft,Y,
item,/Game/PrimalEarth/CoreBlueprints/Items/Armor/Skin/ChibiDinos/PrimalItemSkin_ChibiDino_Amarga,PrimalItemSkin_ChibiDino_Amarga,PrimalItemSkin_ChibiDino_Amarga_C,N,N,Equipment,EPrimalItemType:Equipment; EPrimalMilestoneType:Craft,Y,
item,/Game/PrimalEarth/CoreBlueprints/Items/Armor/Skin/ChibiDinos/PrimalItemSkin_ChibiDino_Ammonite,PrimalItemSkin_ChibiDino_Ammonite,PrimalItemSkin_ChibiDino_Ammonite_C,N,N,Equipment,EPrimalItemType:Equipment; EPrimalMilestoneType:Craft,Y,
item,/Game/PrimalEarth/CoreBlueprints/Items/Armor/Skin/ChibiDinos/PrimalItemSkin_ChibiDino_Anglerfish,PrimalItemSkin_ChibiDino_Anglerfish,PrimalItemSkin_ChibiDino_Anglerfish_C,N,N,Equipment,EPrimalItemType:Equipment; EPrimalMilestoneType:Craft,Y,
item,/Game/PrimalEarth/CoreBlueprints/Items/Armor/Skin/ChibiDinos/PrimalItemSkin_ChibiDino_Ankylosaurus,PrimalItemSkin_ChibiDino_Ankylosaurus,PrimalItemSkin_ChibiDino_Ankylosaurus_C,N,N,Equipment,EPrimalItemType:Equipment; EPrimalMilestoneType:Craft,Y,
item,/Game/PrimalEarth/CoreBlueprints/Items/Armor/Skin/ChibiDinos/PrimalItemSkin_ChibiDino_Ankylosaurus_Party,PrimalItemSkin_ChibiDino_Ankylosaurus_Party,PrimalItemSkin_ChibiDino_Ankylosaurus_Party_C,N,N,Equipment,EPrimalItemType:Equipment; EPrimalMilestoneType:Craft,Y,
item,/Game/PrimalEarth/CoreBlueprints/Items/Armor/Skin/ChibiDinos/PrimalItemSkin_ChibiDino_Araneo,PrimalItemSkin_ChibiDino_Araneo,PrimalItemSkin_ChibiDino_Araneo_C,N,N,Equipment,EPrimalItemType:Equipment; EPrimalMilestoneType:Craft,Y,
item,/Game/PrimalEarth/CoreBlueprints/Items/Armor/Skin/ChibiDinos/PrimalItemSkin_ChibiDino_Archaeopteryx,PrimalItemSkin_ChibiDino_Archaeopteryx,PrimalItemSkin_ChibiDino_Archaeopteryx_C,N,N,Equipment,EPrimalItemType:Equipment; EPrimalMilestoneType:Craft,Y,
item,/Game/PrimalEarth/CoreBlueprints/Items/Armor/Skin/ChibiDinos/PrimalItemSkin_ChibiDino_Argent,PrimalItemSkin_ChibiDino_Argent,PrimalItemSkin_ChibiDino_Argent_C,N,N,Equipment,EPrimalItemType:Equipment; EPrimalMilestoneType:Craft,Y,
item,/Game/PrimalEarth/CoreBlueprints/Items/Armor/Skin/ChibiDinos/PrimalItemSkin_ChibiDino_Baryonyx,PrimalItemSkin_ChibiDino_Baryonyx,PrimalItemSkin_ChibiDino_Baryonyx_C,N,N,Equipment,EPrimalItemType:Equipment; EPrimalMilestoneType:Craft,Y,
item,/Game/PrimalEarth/CoreBlueprints/Items/Armor/Skin/ChibiDinos/PrimalItemSkin_ChibiDino_Basilisk,PrimalItemSkin_ChibiDino_Basilisk,PrimalItemSkin_ChibiDino_Basilisk_C,N,N,Equipment,EPrimalItemType:Equipment; EPrimalMilestoneType:Craft,Y,
item,/Game/PrimalEarth/CoreBlueprints/Items/Armor/Skin/ChibiDinos/PrimalItemSkin_ChibiDino_Basilisk_Ghost,PrimalItemSkin_ChibiDino_Basilisk_Ghost,PrimalItemSkin_ChibiDino_Basilisk_Ghost_C,N,N,Equipment,EPrimalItemType:Equipment; EPrimalMilestoneType:Craft,Y,
item,/Game/PrimalEarth/CoreBlueprints/Items/Armor/Skin/ChibiDinos/PrimalItemSkin_ChibiDino_Beelzebufo,PrimalItemSkin_ChibiDino_Beelzebufo,PrimalItemSkin_ChibiDino_Beelzebufo_C,N,N,Equipment,EPrimalItemType:Equipment; EPrimalMilestoneType:Craft,Y,
item,/Game/PrimalEarth/CoreBlueprints/Items/Armor/Skin/ChibiDinos/PrimalItemSkin_ChibiDino_BrainSlug,PrimalItemSkin_ChibiDino_BrainSlug,PrimalItemSkin_ChibiDino_BrainSlug_C,N,N,Equipment,EPrimalItemType:Equipment; EPrimalMilestoneType:Craft,Y,
item,/Game/PrimalEarth/CoreBlueprints/Items/Armor/Skin/ChibiDinos/PrimalItemSkin_ChibiDino_Bronto,PrimalItemSkin_ChibiDino_Bronto,PrimalItemSkin_ChibiDino_Bronto_C,N,N,Equipment,EPrimalItemType:Equipment; EPrimalMilestoneType:Craft,Y,
item,/Game/PrimalEarth/CoreBlueprints/Items/Armor/Skin/ChibiDinos/PrimalItemSkin_ChibiDino_Bronto_Bone,PrimalItemSkin_ChibiDino_Bronto_Bone,PrimalItemSkin_ChibiDino_Bronto_Bone_C,N,N,Equipment,EPrimalItemType:Equipment; EPrimalMilestoneType:Craft,Y,
item,/Game/PrimalEarth/CoreBlueprints/Items/Armor/Skin/ChibiDinos/PrimalItemSkin_ChibiDino_BroodMother,PrimalItemSkin_ChibiDino_BroodMother,PrimalItemSkin_ChibiDino_BroodMother_C,N,N,Equipment,EPrimalItemType:Equipment; EPrimalMilestoneType:Craft,Y,
item,/Game/PrimalEarth/CoreBlueprints/Items/Armor/Skin/ChibiDinos/PrimalItemSkin_ChibiDino_Bulbdog_FestiveG,PrimalItemSkin_ChibiDino_Bulbdog_FestiveG,PrimalItemSkin_ChibiDino_Bulbdog_FestiveG_C,N,N,Equipment,EPrimalItemType:Equipment; EPrimalMilestoneType:Craft,Y,
item,/Game/PrimalEarth/CoreBlueprints/Items/Armor/Skin/ChibiDinos/PrimalItemSkin_ChibiDino_Bulbdog_FestiveR,PrimalItemSkin_ChibiDino_Bulbdog_FestiveR,PrimalItemSkin_ChibiDino_Bulbdog_FestiveR_C,N,N,Equipment,EPrimalItemType:Equipment; EPrimalMilestoneType:Craft,Y,
item,/Game/PrimalEarth/CoreBlueprints/Items/Armor/Skin/ChibiDinos/PrimalItemSkin_ChibiDino_Bulbdog_Ghost,PrimalItemSkin_ChibiDino_Bulbdog_Ghost,PrimalItemSkin_ChibiDino_Bulbdog_Ghost_C,N,N,Equipment,EPrimalItemType:Equipment; EPrimalMilestoneType:Craft,Y,
item,/Game/PrimalEarth/CoreBlueprints/Items/Armor/Skin/ChibiDinos/PrimalItemSkin_ChibiDino_Bulbdog_Pumpkin,PrimalItemSkin_ChibiDino_Bulbdog_Pumpkin,PrimalItemSkin_ChibiDino_Bulbdog_Pumpkin_C,N,N,Equipment,EPrimalItemType:Equipment; EPrimalMilestoneType:Craft,Y,
item,/Game/PrimalEarth/CoreBlueprints/Items/Armor/Skin/ChibiDinos/PrimalItemSkin_ChibiDino_Carbonemys,PrimalItemSkin_ChibiDino_Carbonemys,PrimalItemSkin_ChibiDino_Carbonemys_C,N,N,Equipment,EPrimalItemType:Equipment; EPrimalMilestoneType:Craft,Y,
item,/Game/PrimalEarth/CoreBlueprints/Items/Armor/Skin/ChibiDinos/PrimalItemSkin_ChibiDino_Carcha,PrimalItemSkin_ChibiDino_Carcha,PrimalItemSkin_ChibiDino_Carcha_C,N,N,Equipment,EPrimalItemType:Equipment; EPrimalMilestoneType:Craft,Y,
item,/Game/PrimalEarth/CoreBlueprints/Items/Armor/Skin/ChibiDinos/PrimalItemSkin_ChibiDino_Carnotaurus,PrimalItemSkin_ChibiDino_Carnotaurus,PrimalItemSkin_ChibiDino_Carnotaurus_C,N,N,Equipment,EPrimalItemType:Equipment; EPrimalMilestoneType:Craft,Y,
item,/Game/PrimalEarth/CoreBlueprints/Items/Armor/Skin/ChibiDinos/PrimalItemSkin_ChibiDino_Carnotaurus_Bone,PrimalItemSkin_ChibiDino_Carnotaurus_Bone,PrimalItemSkin_ChibiDino_Carnotaurus_Bone_C,N,N,Equipment,EPrimalItemType:Equipment; EPrimalMilestoneType:Craft,Y,
item,/Game/PrimalEarth/CoreBlueprints/Items/Armor/Skin/ChibiDinos/PrimalItemSkin_ChibiDino_Castroides,PrimalItemSkin_ChibiDino_Castroides,PrimalItemSkin_ChibiDino_Castroides_C,N,N,Equipment,EPrimalItemType:Equipment; EPrimalMilestoneType:Craft,Y,
item,/Game/PrimalEarth/CoreBlueprints/Items/Armor/Skin/ChibiDinos/PrimalItemSkin_ChibiDino_Cnidaria,PrimalItemSkin_ChibiDino_Cnidaria,PrimalItemSkin_ChibiDino_Cnidaria_C,N,N,Equipment,EPrimalItemType:Equipment; EPrimalMilestoneType:Craft,Y,
item,/Game/PrimalEarth/CoreBlueprints/Items/Armor/Skin/ChibiDinos/PrimalItemSkin_ChibiDino_Crab,PrimalItemSkin_ChibiDino_Crab,PrimalItemSkin_ChibiDino_Crab_C,N,N,Equipment,EPrimalItemType:Equipment; EPrimalMilestoneType:Craft,Y,
item,/Game/PrimalEarth/CoreBlueprints/Items/Armor/Skin/ChibiDinos/PrimalItemSkin_ChibiDino_Daeodon,PrimalItemSkin_ChibiDino_Daeodon,PrimalItemSkin_ChibiDino_Daeodon_C,N,N,Equipment,EPrimalItemType:Equipment; EPrimalMilestoneType:Craft,Y,
item,/Game/PrimalEarth/CoreBlueprints/Items/Armor/Skin/ChibiDinos/PrimalItemSkin_ChibiDino_Dilophosaur,PrimalItemSkin_ChibiDino_Dilophosaur,PrimalItemSkin_ChibiDino_Dilophosaur_C,N,N,Equipment,EPrimalItemType:Equipment; EPrimalMilestoneType:Craft,Y,
item,/Game/PrimalEarth/CoreBlueprints/Items/Armor/Skin/ChibiDinos/PrimalItemSkin_ChibiDino_Dinopithecus,PrimalItemSkin_ChibiDino_Dinopithecus,PrimalItemSkin_ChibiDino_Dinopithecus_C,N,N,Equipment,EPrimalItemType:Equipment; EPrimalMilestoneType:Craft,Y,
item,/Game/PrimalEarth/CoreBlueprints/Items/Armor/Skin/ChibiDinos/PrimalItemSkin_ChibiDino_Diplodocus,PrimalItemSkin_ChibiDino_Diplodocus,PrimalItemSkin_ChibiDino_Diplodocus_C,N,N,Equipment,EPrimalItemType:Equipment; EPrimalMilestoneType:Craft,Y,
item,/Game/PrimalEarth/CoreBlueprints/Items/Armor/Skin/ChibiDinos/PrimalItemSkin_ChibiDino_Direbear,PrimalItemSkin_ChibiDino_Direbear,PrimalItemSkin_ChibiDino_Direbear_C,N,N,Equipment,EPrimalItemType:Equipment; EPrimalMilestoneType:Craft,Y,
item,/Game/PrimalEarth/CoreBlueprints/Items/Armor/Skin/ChibiDinos/PrimalItemSkin_ChibiDino_Direwolf,PrimalItemSkin_ChibiDino_Direwolf,PrimalItemSkin_ChibiDino_Direwolf_C,N,N,Equipment,EPrimalItemType:Equipment; EPrimalMilestoneType:Craft,Y,
item,/Game/PrimalEarth/CoreBlueprints/Items/Armor/Skin/ChibiDinos/PrimalItemSkin_ChibiDino_DirewolfGhost,PrimalItemSkin_ChibiDino_DirewolfGhost,PrimalItemSkin_ChibiDino_DirewolfGhost_C,N,N,Equipment,EPrimalItemType:Equipment; EPrimalMilestoneType:Craft,Y,
item,/Game/PrimalEarth/CoreBlueprints/Items/Armor/Skin/ChibiDinos/PrimalItemSkin_ChibiDino_Dodo,PrimalItemSkin_ChibiDino_Dodo,PrimalItemSkin_ChibiDino_Dodo_C,N,N,Equipment,EPrimalItemType:Equipment; EPrimalMilestoneType:Craft,Y,
item,/Game/PrimalEarth/CoreBlueprints/Items/Armor/Skin/ChibiDinos/PrimalItemSkin_ChibiDino_Dodo_EasterChick,PrimalItemSkin_ChibiDino_Dodo_EasterChick,PrimalItemSkin_ChibiDino_Dodo_EasterChick_C,N,N,Equipment,EPrimalItemType:Equipment; EPrimalMilestoneType:Craft,Y,
item,/Game/PrimalEarth/CoreBlueprints/Items/Armor/Skin/ChibiDinos/PrimalItemSkin_ChibiDino_Dodo_Party,PrimalItemSkin_ChibiDino_Dodo_Party,PrimalItemSkin_ChibiDino_Dodo_Party_C,N,N,Equipment,EPrimalItemType:Equipment; EPrimalMilestoneType:Craft,Y,
item,/Game/PrimalEarth/CoreBlueprints/Items/Armor/Skin/ChibiDinos/PrimalItemSkin_ChibiDino_DodoDealWithIt,PrimalItemSkin_ChibiDino_DodoDealWithIt,PrimalItemSkin_ChibiDino_DodoDealWithIt_C,N,N,Equipment,EPrimalItemType:Equipment; EPrimalMilestoneType:Craft,Y,
item,/Game/PrimalEarth/CoreBlueprints/Items/Armor/Skin/ChibiDinos/PrimalItemSkin_ChibiDino_Doedicurus,PrimalItemSkin_ChibiDino_Doedicurus,PrimalItemSkin_ChibiDino_Doedicurus_C,N,N,Equipment,EPrimalItemType:Equipment; EPrimalMilestoneType:Craft,Y,
item,/Game/PrimalEarth/CoreBlueprints/Items/Armor/Skin/ChibiDinos/PrimalItemSkin_ChibiDino_Dunkleo,PrimalItemSkin_ChibiDino_Dunkleo,PrimalItemSkin_ChibiDino_Dunkleo_C,N,N,Equipment,EPrimalItemType:Equipment; EPrimalMilestoneType:Craft,Y,
item,/Game/PrimalEarth/CoreBlueprints/Items/Armor/Skin/ChibiDinos/PrimalItemSkin_ChibiDino_Enforcer,PrimalItemSkin_ChibiDino_Enforcer,PrimalItemSkin_ChibiDino_Enforcer_C,N,N,Equipment,EPrimalItemType:Equipment; EPrimalMilestoneType:Craft,Y,
item,/Game/PrimalEarth/CoreBlueprints/Items/Armor/Skin/ChibiDinos/PrimalItemSkin_ChibiDino_Equus,PrimalItemSkin_ChibiDino_Equus,PrimalItemSkin_ChibiDino_Equus_C,N,N,Equipment,EPrimalItemType:Equipment; EPrimalMilestoneType:Craft,Y,
item,/Game/PrimalEarth/CoreBlueprints/Items/Armor/Skin/ChibiDinos/PrimalItemSkin_ChibiDino_Featherlight_FestiveG,PrimalItemSkin_ChibiDino_Featherlight_FestiveG,PrimalItemSkin_ChibiDino_Featherlight_FestiveG_C,N,N,Equipment,EPrimalItemType:Equipment; EPrimalMilestoneType:Craft,Y,
item,/Game/PrimalEarth/CoreBlueprints/Items/Armor/Skin/ChibiDinos/PrimalItemSkin_ChibiDino_Featherlight_FestiveR,PrimalItemSkin_ChibiDino_Featherlight_FestiveR,PrimalItemSkin_ChibiDino_Featherlight_FestiveR_C,N,N,Equipment,EPrimalItemType:Equipment; EPrimalMilestoneType:Craft,Y,
item,/Game/PrimalEarth/CoreBlueprints/Items/Armor/Skin/ChibiDinos/PrimalItemSkin_ChibiDino_Gacha,PrimalItemSkin_ChibiDino_Gacha,PrimalItemSkin_ChibiDino_Gacha_C,N,N,Equipment,EPrimalItemType:Equipment; EPrimalMilestoneType:Craft,Y,
item,/Game/PrimalEarth/CoreBlueprints/Items/Armor/Skin/ChibiDinos/PrimalItemSkin_ChibiDino_GachaClaus,PrimalItemSkin_ChibiDino_GachaClaus,PrimalItemSkin_ChibiDino_GachaClaus_C,N,N,Equipment,EPrimalItemType:Equipment; EPrimalMilestoneType:Craft,Y,
item,/Game/PrimalEarth/CoreBlueprints/Items/Armor/Skin/ChibiDinos/PrimalItemSkin_ChibiDino_Gallimimus,PrimalItemSkin_ChibiDino_Gallimimus,PrimalItemSkin_ChibiDino_Gallimimus_C,N,N,Equipment,EPrimalItemType:Equipment; EPrimalMilestoneType:Craft,Y,
item,/Game/PrimalEarth/CoreBlueprints/Items/Armor/Skin/ChibiDinos/PrimalItemSkin_ChibiDino_GasBag,PrimalItemSkin_ChibiDino_GasBag,PrimalItemSkin_ChibiDino_GasBag_C,N,N,Equipment,EPrimalItemType:Equipment; EPrimalMilestoneType:Craft,Y,
item,/Game/PrimalEarth/CoreBlueprints/Items/Armor/Skin/ChibiDinos/PrimalItemSkin_ChibiDino_Gigant,PrimalItemSkin_ChibiDino_Gigant,PrimalItemSkin_ChibiDino_Gigant_C,N,N,Equipment,EPrimalItemType:Equipment; EPrimalMilestoneType:Craft,Y,
item,/Game/PrimalEarth/CoreBlueprints/Items/Armor/Skin/ChibiDinos/PrimalItemSkin_ChibiDino_Gigant_Bone,PrimalItemSkin_ChibiDino_Gigant_Bone,PrimalItemSkin_ChibiDino_Gigant_Bone_C,N,N,Equipment,EPrimalItemType:Equipment; EPrimalMilestoneType:Craft,Y,
item,/Game/PrimalEarth/CoreBlueprints/Items/Armor/Skin/ChibiDinos/PrimalItemSkin_ChibiDino_Gigantopithecus,PrimalItemSkin_ChibiDino_Gigantopithecus,PrimalItemSkin_ChibiDino_Gigantopithecus_C,N,N,Equipment,EPrimalItemType:Equipment; EPrimalMilestoneType:Craft,Y,
item,/Game/PrimalEarth/CoreBlueprints/Items/Armor/Skin/ChibiDinos/PrimalItemSkin_ChibiDino_Glowtail_FestiveG,PrimalItemSkin_ChibiDino_Glowtail_FestiveG,PrimalItemSkin_ChibiDino_Glowtail_FestiveG_C,N,N,Equipment,EPrimalItemType:Equipment; EPrimalMilestoneType:Craft,Y,
item,/Game/PrimalEarth/CoreBlueprints/Items/Armor/Skin/ChibiDinos/PrimalItemSkin_ChibiDino_Glowtail_FestiveR,PrimalItemSkin_ChibiDino_Glowtail_FestiveR,PrimalItemSkin_ChibiDino_Glowtail_FestiveR_C,N,N,Equipment,EPrimalItemType:Equipment; EPrimalMilestoneType:Craft,Y,
item,/Game/PrimalEarth/CoreBlueprints/Items/Armor/Skin/ChibiDinos/PrimalItemSkin_ChibiDino_Hyaenadeer,PrimalItemSkin_ChibiDino_Hyaenadeer,PrimalItemSkin_ChibiDino_Hyaenadeer_C,N,N,Equipment,EPrimalItemType:Equipment; EPrimalMilestoneType:Craft,Y,
item,/Game/PrimalEarth/CoreBlueprints/Items/Armor/Skin/ChibiDinos/PrimalItemSkin_ChibiDino_Iguanodon,PrimalItemSkin_ChibiDino_Iguanodon,PrimalItemSkin_ChibiDino_Iguanodon_C,N,N,Equipment,EPrimalItemType:Equipment; EPrimalMilestoneType:Craft,Y,
item,/Game/PrimalEarth/CoreBlueprints/Items/Armor/Skin/ChibiDinos/PrimalItemSkin_ChibiDino_Jerboa,PrimalItemSkin_ChibiDino_Jerboa,PrimalItemSkin_ChibiDino_Jerboa_C,N,N,Equipment,EPrimalItemType:Equipment; EPrimalMilestoneType:Craft,Y,
item,/Game/PrimalEarth/CoreBlueprints/Items/Armor/Skin/ChibiDinos/PrimalItemSkin_ChibiDino_Jerboa_Bone,PrimalItemSkin_ChibiDino_Jerboa_Bone,PrimalItemSkin_ChibiDino_Jerboa_Bone_C,N,N,Equipment,EPrimalItemType:Equipment; EPrimalMilestoneType:Craft,Y,
item,/Game/PrimalEarth/CoreBlueprints/Items/Armor/Skin/ChibiDinos/PrimalItemSkin_ChibiDino_Jerboa_Bunny,PrimalItemSkin_ChibiDino_Jerboa_Bunny,PrimalItemSkin_ChibiDino_Jerboa_Bunny_C,N,N,Equipment,EPrimalItemType:Equipment; EPrimalMilestoneType:Craft,Y,
item,/Game/PrimalEarth/CoreBlueprints/Items/Armor/Skin/ChibiDinos/PrimalItemSkin_ChibiDino_Kairuku,PrimalItemSkin_ChibiDino_Kairuku,PrimalItemSkin_ChibiDino_Kairuku_C,N,N,Equipment,EPrimalItemType:Equipment; EPrimalMilestoneType:Craft,Y,
item,/Game/PrimalEarth/CoreBlueprints/Items/Armor/Skin/ChibiDinos/PrimalItemSkin_ChibiDino_Kaprosuchus,PrimalItemSkin_ChibiDino_Kaprosuchus,PrimalItemSkin_ChibiDino_Kaprosuchus_C,N,N,Equipment,EPrimalItemType:Equipment; EPrimalMilestoneType:Craft,Y,
item,/Game/PrimalEarth/CoreBlueprints/Items/Armor/Skin/ChibiDinos/PrimalItemSkin_ChibiDino_Kentrosaurus,PrimalItemSkin_ChibiDino_Kentrosaurus,PrimalItemSkin_ChibiDino_Kentrosaurus_C,N,N,Equipment,EPrimalItemType:Equipment; EPrimalMilestoneType:Craft,Y,
item,/Game/PrimalEarth/CoreBlueprints/Items/Armor/Skin/ChibiDinos/PrimalItemSkin_ChibiDino_LanternBird,PrimalItemSkin_ChibiDino_LanternBird,PrimalItemSkin_ChibiDino_LanternBird_C,N,N,Equipment,EPrimalItemType:Equipment; EPrimalMilestoneType:Craft,Y,
item,/Game/PrimalEarth/CoreBlueprints/Items/Armor/Skin/ChibiDinos/PrimalItemSkin_ChibiDino_LanternGoat,PrimalItemSkin_ChibiDino_LanternGoat,PrimalItemSkin_ChibiDino_LanternGoat_C,N,N,Equipment,EPrimalItemType:Equipment; EPrimalMilestoneType:Craft,Y,
item,/Game/PrimalEarth/CoreBlueprints/Items/Armor/Skin/ChibiDinos/PrimalItemSkin_ChibiDino_LanternGoat_Bunny,PrimalItemSkin_ChibiDino_LanternGoat_Bunny,PrimalItemSkin_ChibiDino_LanternGoat_Bunny_C,N,N,Equipment,EPrimalItemType:Equipment; EPrimalMilestoneType:Craft,Y,
item,/Game/PrimalEarth/CoreBlueprints/Items/Armor/Skin/ChibiDinos/PrimalItemSkin_ChibiDino_LanternLizard,PrimalItemSkin_ChibiDino_LanternLizard,PrimalItemSkin_ChibiDino_LanternLizard_C,N,N,Equipment,EPrimalItemType:Equipment; EPrimalMilestoneType:Craft,Y,
item,/Game/PrimalEarth/CoreBlueprints/Items/Armor/Skin/ChibiDinos/PrimalItemSkin_ChibiDino_LanternPug,PrimalItemSkin_ChibiDino_LanternPug,PrimalItemSkin_ChibiDino_LanternPug_C,N,N,Equipment,EPrimalItemType:Equipment; EPrimalMilestoneType:Craft,Y,
item,/Game/PrimalEarth/CoreBlueprints/Items/Armor/Skin/ChibiDinos/PrimalItemSkin_ChibiDino_LoveBird,PrimalItemSkin_ChibiDino_LoveBird,PrimalItemSkin_ChibiDino_LoveBird_C,N,N,Equipment,EPrimalItemType:Equipment; EPrimalMilestoneType:Craft,Y,
item,/Game/PrimalEarth/CoreBlueprints/Items/Armor/Skin/ChibiDinos/PrimalItemSkin_ChibiDino_Lymantria,PrimalItemSkin_ChibiDino_Lymantria,PrimalItemSkin_ChibiDino_Lymantria_C,N,N,Equipment,EPrimalItemType:Equipment; EPrimalMilestoneType:Craft,Y,
item,/Game/PrimalEarth/CoreBlueprints/Items/Armor/Skin/ChibiDinos/PrimalItemSkin_ChibiDino_Mammoth,PrimalItemSkin_ChibiDino_Mammoth,PrimalItemSkin_ChibiDino_Mammoth_C,N,N,Equipment,EPrimalItemType:Equipment; EPrimalMilestoneType:Craft,Y,
item,/Game/PrimalEarth/CoreBlueprints/Items/Armor/Skin/ChibiDinos/PrimalItemSkin_ChibiDino_Managarmr,PrimalItemSkin_ChibiDino_Managarmr,PrimalItemSkin_ChibiDino_Managarmr_C,N,N,Equipment,EPrimalItemType:Equipment; EPrimalMilestoneType:Craft,Y,
item,/Game/PrimalEarth/CoreBlueprints/Items/Armor/Skin/ChibiDinos/PrimalItemSkin_ChibiDino_Manta,PrimalItemSkin_ChibiDino_Manta,PrimalItemSkin_ChibiDino_Manta_C,N,N,Equipment,EPrimalItemType:Equipment; EPrimalMilestoneType:Craft,Y,
item,/Game/PrimalEarth/CoreBlueprints/Items/Armor/Skin/ChibiDinos/PrimalItemSkin_ChibiDino_Mantis,PrimalItemSkin_ChibiDino_Mantis,PrimalItemSkin_ChibiDino_Mantis_C,N,N,Equipment,EPrimalItemType:Equipment; EPrimalMilestoneType:Craft,Y,
item,/Game/PrimalEarth/CoreBlueprints/Items/Armor/Skin/ChibiDinos/PrimalItemSkin_ChibiDino_Mantis_Ghost,PrimalItemSkin_ChibiDino_Mantis_Ghost,PrimalItemSkin_ChibiDino_Mantis_Ghost_C,N,N,Equipment,EPrimalItemType:Equipment; EPrimalMilestoneType:Craft,Y,
item,/Game/PrimalEarth/CoreBlueprints/Items/Armor/Skin/ChibiDinos/PrimalItemSkin_ChibiDino_Megalania,PrimalItemSkin_ChibiDino_Megalania,PrimalItemSkin_ChibiDino_Megalania_C,N,N,Equipment,EPrimalItemType:Equipment; EPrimalMilestoneType:Craft,Y,
item,/Game/PrimalEarth/CoreBlueprints/Items/Armor/Skin/ChibiDinos/PrimalItemSkin_ChibiDino_Megaloceros,PrimalItemSkin_ChibiDino_Megaloceros,PrimalItemSkin_ChibiDino_Megaloceros_C,N,N,Equipment,EPrimalItemType:Equipment; EPrimalMilestoneType:Craft,Y,
item,/Game/PrimalEarth/CoreBlueprints/Items/Armor/Skin/ChibiDinos/PrimalItemSkin_ChibiDino_Megalodon,PrimalItemSkin_ChibiDino_Megalodon,PrimalItemSkin_ChibiDino_Megalodon_C,N,N,Equipment,EPrimalItemType:Equipment; EPrimalMilestoneType:Craft,Y,
item,/Game/PrimalEarth/CoreBlueprints/Items/Armor/Skin/ChibiDinos/PrimalItemSkin_ChibiDino_Megatherium,PrimalItemSkin_ChibiDino_Megatherium,PrimalItemSkin_ChibiDino_Megatherium_C,N,N,Equipment,EPrimalItemType:Equipment; EPrimalMilestoneType:Craft,Y,
item,/Game/PrimalEarth/CoreBlueprints/Items/Armor/Skin/ChibiDinos/PrimalItemSkin_ChibiDino_Mesopithecus,PrimalItemSkin_ChibiDino_Mesopithecus,PrimalItemSkin_ChibiDino_Mesopithecus_C,N,N,Equipment,EPrimalItemType:Equipment; EPrimalMilestoneType:Craft,Y,
item,/Game/PrimalEarth/CoreBlueprints/Items/Armor/Skin/ChibiDinos/PrimalItemSkin_ChibiDino_Microraptor,PrimalItemSkin_ChibiDino_Microraptor,PrimalItemSkin_ChibiDino_Microraptor_C,N,N,Equipment,EPrimalItemType:Equipment; EPrimalMilestoneType:Craft,Y,
item,/Game/PrimalEarth/CoreBlueprints/Items/Armor/Skin/ChibiDinos/PrimalItemSkin_ChibiDino_MoleRat,PrimalItemSkin_ChibiDino_MoleRat,PrimalItemSkin_ChibiDino_MoleRat_C,N,N,Equipment,EPrimalItemType:Equipment; EPrimalMilestoneType:Craft,Y,
item,/Game/PrimalEarth/CoreBlueprints/Items/Armor/Skin/ChibiDinos/PrimalItemSkin_ChibiDino_Mosa,PrimalItemSkin_ChibiDino_Mosa,PrimalItemSkin_ChibiDino_Mosa_C,N,N,Equipment,EPrimalItemType:Equipment; EPrimalMilestoneType:Craft,Y,
item,/Game/PrimalEarth/CoreBlueprints/Items/Armor/Skin/ChibiDinos/PrimalItemSkin_ChibiDino_Moschops,PrimalItemSkin_ChibiDino_Moschops,PrimalItemSkin_ChibiDino_Moschops_C,N,N,Equipment,EPrimalItemType:Equipment; EPrimalMilestoneType:Craft,Y,
item,/Game/PrimalEarth/CoreBlueprints/Items/Armor/Skin/ChibiDinos/PrimalItemSkin_ChibiDino_Onyc,PrimalItemSkin_ChibiDino_Onyc,PrimalItemSkin_ChibiDino_Onyc_C,N,N,Equipment,EPrimalItemType:Equipment; EPrimalMilestoneType:Craft,Y,
item,/Game/PrimalEarth/CoreBlueprints/Items/Armor/Skin/ChibiDinos/PrimalItemSkin_ChibiDino_Otter,PrimalItemSkin_ChibiDino_Otter,PrimalItemSkin_ChibiDino_Otter_C,N,N,Equipment,EPrimalItemType:Equipment; EPrimalMilestoneType:Craft,Y,
item,/Game/PrimalEarth/CoreBlueprints/Items/Armor/Skin/ChibiDinos/PrimalItemSkin_ChibiDino_OtterStrawHat,PrimalItemSkin_ChibiDino_OtterStrawHat,PrimalItemSkin_ChibiDino_OtterStrawHat_C,N,N,Equipment,EPrimalItemType:Equipment; EPrimalMilestoneType:Craft,Y,
item,/Game/PrimalEarth/CoreBlueprints/Items/Armor/Skin/ChibiDinos/PrimalItemSkin_ChibiDino_Oviraptor,PrimalItemSkin_ChibiDino_Oviraptor,PrimalItemSkin_ChibiDino_Oviraptor_C,N,N,Equipment,EPrimalItemType:Equipment; EPrimalMilestoneType:Craft,Y,
item,/Game/PrimalEarth/CoreBlueprints/Items/Armor/Skin/ChibiDinos/PrimalItemSkin_ChibiDino_Pachy,PrimalItemSkin_ChibiDino_Pachy,PrimalItemSkin_ChibiDino_Pachy_C,N,N,Equipment,EPrimalItemType:Equipment; EPrimalMilestoneType:Craft,Y,
item,/Game/PrimalEarth/CoreBlueprints/Items/Armor/Skin/ChibiDinos/PrimalItemSkin_ChibiDino_Pairosaurs_VDay,PrimalItemSkin_ChibiDino_Pairosaurs_VDay,PrimalItemSkin_ChibiDino_Pairosaurs_VDay_C,N,N,Equipment,EPrimalItemType:Equipment; EPrimalMilestoneType:Craft,Y,
item,/Game/PrimalEarth/CoreBlueprints/Items/Armor/Skin/ChibiDinos/PrimalItemSkin_ChibiDino_Paraceratherium,PrimalItemSkin_ChibiDino_Paraceratherium,PrimalItemSkin_ChibiDino_Paraceratherium_C,N,N,Equipment,EPrimalItemType:Equipment; EPrimalMilestoneType:Craft,Y,
item,/Game/PrimalEarth/CoreBlueprints/Items/Armor/Skin/ChibiDinos/PrimalItemSkin_ChibiDino_Parasaur,PrimalItemSkin_ChibiDino_Parasaur,PrimalItemSkin_ChibiDino_Parasaur_C,N,N,Equipment,EPrimalItemType:Equipment; EPrimalMilestoneType:Craft,Y,
item,/Game/PrimalEarth/CoreBlueprints/Items/Armor/Skin/ChibiDinos/PrimalItemSkin_ChibiDino_Pego_Party,PrimalItemSkin_ChibiDino_Pego_Party,PrimalItemSkin_ChibiDino_Pego_Party_C,N,N,Equipment,EPrimalItemType:Equipment; EPrimalMilestoneType:Craft,Y,
item,/Game/PrimalEarth/CoreBlueprints/Items/Armor/Skin/ChibiDinos/PrimalItemSkin_ChibiDino_Pelagornis,PrimalItemSkin_ChibiDino_Pelagornis,PrimalItemSkin_ChibiDino_Pelagornis_C,N,N,Equipment,EPrimalItemType:Equipment; EPrimalMilestoneType:Craft,Y,
item,/Game/PrimalEarth/CoreBlueprints/Items/Armor/Skin/ChibiDinos/PrimalItemSkin_ChibiDino_Phiomia,PrimalItemSkin_ChibiDino_Phiomia,PrimalItemSkin_ChibiDino_Phiomia_C,N,N,Equipment,EPrimalItemType:Equipment; EPrimalMilestoneType:Craft,Y,
item,/Game/PrimalEarth/CoreBlueprints/Items/Armor/Skin/ChibiDinos/PrimalItemSkin_ChibiDino_Phoenix,PrimalItemSkin_ChibiDino_Phoenix,PrimalItemSkin_ChibiDino_Phoenix_C,N,N,Equipment,EPrimalItemType:Equipment; EPrimalMilestoneType:Craft,Y,
item,/Game/PrimalEarth/CoreBlueprints/Items/Armor/Skin/ChibiDinos/PrimalItemSkin_ChibiDino_Plesiosaur,PrimalItemSkin_ChibiDino_Plesiosaur,PrimalItemSkin_ChibiDino_Plesiosaur_C,N,N,Equipment,EPrimalItemType:Equipment; EPrimalMilestoneType:Craft,Y,
item,/Game/PrimalEarth/CoreBlueprints/Items/Armor/Skin/ChibiDinos/PrimalItemSkin_ChibiDino_Procoptodon,PrimalItemSkin_ChibiDino_Procoptodon,PrimalItemSkin_ChibiDino_Procoptodon_C,N,N,Equipment,EPrimalItemType:Equipment; EPrimalMilestoneType:Craft,Y,
item,/Game/PrimalEarth/CoreBlueprints/Items/Armor/Skin/ChibiDinos/PrimalItemSkin_ChibiDino_Procoptodon_Bunny,PrimalItemSkin_ChibiDino_Procoptodon_Bunny,PrimalItemSkin_ChibiDino_Procoptodon_Bunny_C,N,N,Equipment,EPrimalItemType:Equipment; EPrimalMilestoneType:Craft,Y,
item,/Game/PrimalEarth/CoreBlueprints/Items/Armor/Skin/ChibiDinos/PrimalItemSkin_ChibiDino_Pteranodon,PrimalItemSkin_ChibiDino_Pteranodon,PrimalItemSkin_ChibiDino_Pteranodon_C,N,N,Equipment,EPrimalItemType:Equipment; EPrimalMilestoneType:Craft,Y,
item,/Game/PrimalEarth/CoreBlueprints/Items/Armor/Skin/ChibiDinos/PrimalItemSkin_ChibiDino_Pulmonoscorpius,PrimalItemSkin_ChibiDino_Pulmonoscorpius,PrimalItemSkin_ChibiDino_Pulmonoscorpius_C,N,N,Equipment,EPrimalItemType:Equipment; EPrimalMilestoneType:Craft,Y,
item,/Game/PrimalEarth/CoreBlueprints/Items/Armor/Skin/ChibiDinos/PrimalItemSkin_ChibiDino_Purlovia,PrimalItemSkin_ChibiDino_Purlovia,PrimalItemSkin_ChibiDino_Purlovia_C,N,N,Equipment,EPrimalItemType:Equipment; EPrimalMilestoneType:Craft,Y,
item,/Game/PrimalEarth/CoreBlueprints/Items/Armor/Skin/ChibiDinos/PrimalItemSkin_ChibiDino_QueenBee,PrimalItemSkin_ChibiDino_QueenBee,PrimalItemSkin_ChibiDino_QueenBee_C,N,N,Equipment,EPrimalItemType:Equipment; EPrimalMilestoneType:Craft,Y,
item,/Game/PrimalEarth/CoreBlueprints/Items/Armor/Skin/ChibiDinos/PrimalItemSkin_ChibiDino_Quetzal,PrimalItemSkin_ChibiDino_Quetzal,PrimalItemSkin_ChibiDino_Quetzal_C,N,N,Equipment,EPrimalItemType:Equipment; EPrimalMilestoneType:Craft,Y,
item,/Game/PrimalEarth/CoreBlueprints/Items/Armor/Skin/ChibiDinos/PrimalItemSkin_ChibiDino_Quetzal_Bone,PrimalItemSkin_ChibiDino_Quetzal_Bone,PrimalItemSkin_ChibiDino_Quetzal_Bone_C,N,N,Equipment,EPrimalItemType:Equipment; EPrimalMilestoneType:Craft,Y,
item,/Game/PrimalEarth/CoreBlueprints/Items/Armor/Skin/ChibiDinos/PrimalItemSkin_ChibiDino_Raptor,PrimalItemSkin_ChibiDino_Raptor,PrimalItemSkin_ChibiDino_Raptor_C,N,N,Equipment,EPrimalItemType:Equipment; EPrimalMilestoneType:Craft,Y,
item,/Game/PrimalEarth/CoreBlueprints/Items/Armor/Skin/ChibiDinos/PrimalItemSkin_ChibiDino_Raptor_Bone,PrimalItemSkin_ChibiDino_Raptor_Bone,PrimalItemSkin_ChibiDino_Raptor_Bone_C,N,N,Equipment,EPrimalItemType:Equipment; EPrimalMilestoneType:Craft,Y,
item,/Game/PrimalEarth/CoreBlueprints/Items/Armor/Skin/ChibiDinos/PrimalItemSkin_ChibiDino_RaptorClaus,PrimalItemSkin_ChibiDino_RaptorClaus,PrimalItemSkin_ChibiDino_RaptorClaus_C,N,N,Equipment,EPrimalItemType:Equipment; EPrimalMilestoneType:Craft,Y,
item,/Game/PrimalEarth/CoreBlueprints/Items/Armor/Skin/ChibiDinos/PrimalItemSkin_ChibiDino_Reaper,PrimalItemSkin_ChibiDino_Reaper,PrimalItemSkin_ChibiDino_Reaper_C,N,N,Equipment,EPrimalItemType:Equipment; EPrimalMilestoneType:Craft,Y,
item,/Game/PrimalEarth/CoreBlueprints/Items/Armor/Skin/ChibiDinos/PrimalItemSkin_ChibiDino_Reindeer,PrimalItemSkin_ChibiDino_Reindeer,PrimalItemSkin_ChibiDino_Reindeer_C,N,N,Equipment,EPrimalItemType:Equipment; EPrimalMilestoneType:Craft,Y,
item,/Game/PrimalEarth/CoreBlueprints/Items/Armor/Skin/ChibiDinos/PrimalItemSkin_ChibiDino_Rex,PrimalItemSkin_ChibiDino_Rex,PrimalItemSkin_ChibiDino_Rex_C,N,N,Equipment,EPrimalItemType:Equipment; EPrimalMilestoneType:Craft,Y,
item,/Game/PrimalEarth/CoreBlueprints/Items/Armor/Skin/ChibiDinos/PrimalItemSkin_ChibiDino_Rex_Bone,PrimalItemSkin_ChibiDino_Rex_Bone,PrimalItemSkin_ChibiDino_Rex_Bone_C,N,N,Equipment,EPrimalItemType:Equipment; EPrimalMilestoneType:Craft,Y,
item,/Game/PrimalEarth/CoreBlueprints/Items/Armor/Skin/ChibiDinos/PrimalItemSkin_ChibiDino_Rex_Ghost,PrimalItemSkin_ChibiDino_Rex_Ghost,PrimalItemSkin_ChibiDino_Rex_Ghost_C,N,N,Equipment,EPrimalItemType:Equipment; EPrimalMilestoneType:Craft,Y,
item,/Game/PrimalEarth/CoreBlueprints/Items/Armor/Skin/ChibiDinos/PrimalItemSkin_ChibiDino_Rex_Party,PrimalItemSkin_ChibiDino_Rex_Party,PrimalItemSkin_ChibiDino_Rex_Party_C,N,N,Equipment,EPrimalItemType:Equipment; EPrimalMilestoneType:Craft,Y,
item,/Game/PrimalEarth/CoreBlueprints/Items/Armor/Skin/ChibiDinos/PrimalItemSkin_ChibiDino_RockDrake,PrimalItemSkin_ChibiDino_RockDrake,PrimalItemSkin_ChibiDino_RockDrake_C,N,N,Equipment,EPrimalItemType:Equipment; EPrimalMilestoneType:Craft,Y,
item,/Game/PrimalEarth/CoreBlueprints/Items/Armor/Skin/ChibiDinos/PrimalItemSkin_ChibiDino_RockGolem,PrimalItemSkin_ChibiDino_RockGolem,PrimalItemSkin_ChibiDino_RockGolem_C,N,N,Equipment,EPrimalItemType:Equipment; EPrimalMilestoneType:Craft,Y,
item,/Game/PrimalEarth/CoreBlueprints/Items/Armor/Skin/ChibiDinos/PrimalItemSkin_ChibiDino_Saber,PrimalItemSkin_ChibiDino_Saber,PrimalItemSkin_ChibiDino_Saber_C,N,N,Equipment,EPrimalItemType:Equipment; EPrimalMilestoneType:Craft,Y,
item,/Game/PrimalEarth/CoreBlueprints/Items/Armor/Skin/ChibiDinos/PrimalItemSkin_ChibiDino_Saber_Party,PrimalItemSkin_ChibiDino_Saber_Party,PrimalItemSkin_ChibiDino_Saber_Party_C,N,N,Equipment,EPrimalItemType:Equipment; EPrimalMilestoneType:Craft,Y,
item,/Game/PrimalEarth/CoreBlueprints/Items/Armor/Skin/ChibiDinos/PrimalItemSkin_ChibiDino_Sarco,PrimalItemSkin_ChibiDino_Sarco,PrimalItemSkin_ChibiDino_Sarco_C,N,N,Equipment,EPrimalItemType:Equipment; EPrimalMilestoneType:Craft,Y,
item,/Game/PrimalEarth/CoreBlueprints/Items/Armor/Skin/ChibiDinos/PrimalItemSkin_ChibiDino_Seeker,PrimalItemSkin_ChibiDino_Seeker,PrimalItemSkin_ChibiDino_Seeker_C,N,N,Equipment,EPrimalItemType:Equipment; EPrimalMilestoneType:Craft,Y,
item,/Game/PrimalEarth/CoreBlueprints/Items/Armor/Skin/ChibiDinos/PrimalItemSkin_ChibiDino_Sheep,PrimalItemSkin_ChibiDino_Sheep,PrimalItemSkin_ChibiDino_Sheep_C,N,N,Equipment,EPrimalItemType:Equipment; EPrimalMilestoneType:Craft,Y,
item,/Game/PrimalEarth/CoreBlueprints/Items/Armor/Skin/ChibiDinos/PrimalItemSkin_ChibiDino_Shinehorn_FestiveG,PrimalItemSkin_ChibiDino_Shinehorn_FestiveG,PrimalItemSkin_ChibiDino_Shinehorn_FestiveG_C,N,N,Equipment,EPrimalItemType:Equipment; EPrimalMilestoneType:Craft,Y,
item,/Game/PrimalEarth/CoreBlueprints/Items/Armor/Skin/ChibiDinos/PrimalItemSkin_ChibiDino_Shinehorn_FestiveR,PrimalItemSkin_ChibiDino_Shinehorn_FestiveR,PrimalItemSkin_ChibiDino_Shinehorn_FestiveR_C,N,N,Equipment,EPrimalItemType:Equipment; EPrimalMilestoneType:Craft,Y,
item,/Game/PrimalEarth/CoreBlueprints/Items/Armor/Skin/ChibiDinos/PrimalItemSkin_ChibiDino_SnowOwl,PrimalItemSkin_ChibiDino_SnowOwl,PrimalItemSkin_ChibiDino_SnowOwl_C,N,N,Equipment,EPrimalItemType:Equipment; EPrimalMilestoneType:Craft,Y,
item,/Game/PrimalEarth/CoreBlueprints/Items/Armor/Skin/ChibiDinos/PrimalItemSkin_ChibiDino_SpineyLizard,PrimalItemSkin_ChibiDino_SpineyLizard,PrimalItemSkin_ChibiDino_SpineyLizard_C,N,N,Equipment,EPrimalItemType:Equipment; EPrimalMilestoneType:Craft,Y,
item,/Game/PrimalEarth/CoreBlueprints/Items/Armor/Skin/ChibiDinos/PrimalItemSkin_ChibiDino_Spino,PrimalItemSkin_ChibiDino_Spino,PrimalItemSkin_ChibiDino_Spino_C,N,N,Equipment,EPrimalItemType:Equipment; EPrimalMilestoneType:Craft,Y,
item,/Game/PrimalEarth/CoreBlueprints/Items/Armor/Skin/ChibiDinos/PrimalItemSkin_ChibiDino_Stego,PrimalItemSkin_ChibiDino_Stego,PrimalItemSkin_ChibiDino_Stego_C,N,N,Equipment,EPrimalItemType:Equipment; EPrimalMilestoneType:Craft,Y,
item,/Game/PrimalEarth/CoreBlueprints/Items/Armor/Skin/ChibiDinos/PrimalItemSkin_ChibiDino_Stego_Bone,PrimalItemSkin_ChibiDino_Stego_Bone,PrimalItemSkin_ChibiDino_Stego_Bone_C,N,N,Equipment,EPrimalItemType:Equipment; EPrimalMilestoneType:Craft,Y,
item,/Game/PrimalEarth/CoreBlueprints/Items/Armor/Skin/ChibiDinos/PrimalItemSkin_ChibiDino_Tapejara,PrimalItemSkin_ChibiDino_Tapejara,PrimalItemSkin_ChibiDino_Tapejara_C,N,N,Equipment,EPrimalItemType:Equipment; EPrimalMilestoneType:Craft,Y,
item,/Game/PrimalEarth/CoreBlueprints/Items/Armor/Skin/ChibiDinos/PrimalItemSkin_ChibiDino_TEKRaptor,PrimalItemSkin_ChibiDino_TEKRaptor,PrimalItemSkin_ChibiDino_TEKRaptor_C,N,N,Equipment,EPrimalItemType:Equipment; EPrimalMilestoneType:Craft,Y,
item,/Game/PrimalEarth/CoreBlueprints/Items/Armor/Skin/ChibiDinos/PrimalItemSkin_ChibiDino_TerrorBird,PrimalItemSkin_ChibiDino_TerrorBird,PrimalItemSkin_ChibiDino_TerrorBird_C,N,N,Equipment,EPrimalItemType:Equipment; EPrimalMilestoneType:Craft,Y,
item,/Game/PrimalEarth/CoreBlueprints/Items/Armor/Skin/ChibiDinos/PrimalItemSkin_ChibiDino_Therizino,PrimalItemSkin_ChibiDino_Therizino,PrimalItemSkin_ChibiDino_Therizino_C,N,N,Equipment,EPrimalItemType:Equipment; EPrimalMilestoneType:Craft,Y,
item,/Game/PrimalEarth/CoreBlueprints/Items/Armor/Skin/ChibiDinos/PrimalItemSkin_ChibiDino_Thylacoleo,PrimalItemSkin_ChibiDino_Thylacoleo,PrimalItemSkin_ChibiDino_Thylacoleo_C,N,N,Equipment,EPrimalItemType:Equipment; EPrimalMilestoneType:Craft,Y,
item,/Game/PrimalEarth/CoreBlueprints/Items/Armor/Skin/ChibiDinos/PrimalItemSkin_ChibiDino_Titano,PrimalItemSkin_ChibiDino_Titano,PrimalItemSkin_ChibiDino_Titano_C,N,N,Equipment,EPrimalItemType:Equipment; EPrimalMilestoneType:Craft,Y,
item,/Game/PrimalEarth/CoreBlueprints/Items/Armor/Skin/ChibiDinos/PrimalItemSkin_ChibiDino_TophatKairuku,PrimalItemSkin_ChibiDino_TophatKairuku,PrimalItemSkin_ChibiDino_TophatKairuku_C,N,N,Equipment,EPrimalItemType:Equipment; EPrimalMilestoneType:Craft,Y,
item,/Game/PrimalEarth/CoreBlueprints/Items/Armor/Skin/ChibiDinos/PrimalItemSkin_ChibiDino_Trike,PrimalItemSkin_ChibiDino_Trike,PrimalItemSkin_ChibiDino_Trike_C,N,N,Equipment,EPrimalItemType:Equipment; EPrimalMilestoneType:Craft,Y,
item,/Game/PrimalEarth/CoreBlueprints/Items/Armor/Skin/ChibiDinos/PrimalItemSkin_ChibiDino_Trike_Bone,PrimalItemSkin_ChibiDino_Trike_Bone,PrimalItemSkin_ChibiDino_Trike_Bone_C,N,N,Equipment,EPrimalItemType:Equipment; EPrimalMilestoneType:Craft,Y,
item,/Game/PrimalEarth/CoreBlueprints/Items/Armor/Skin/ChibiDinos/PrimalItemSkin_ChibiDino_Troodon,PrimalItemSkin_ChibiDino_Troodon,PrimalItemSkin_ChibiDino_Troodon_C,N,N,Equipment,EPrimalItemType:Equipment; EPrimalMilestoneType:Craft,Y,
item,/Game/PrimalEarth/CoreBlueprints/Items/Armor/Skin/ChibiDinos/PrimalItemSkin_ChibiDino_Turkey,PrimalItemSkin_ChibiDino_Turkey,PrimalItemSkin_ChibiDino_Turkey_C,N,N,Equipment,EPrimalItemType:Equipment; EPrimalMilestoneType:Craft,Y,
item,/Game/PrimalEarth/CoreBlueprints/Items/Armor/Skin/ChibiDinos/PrimalItemSkin_ChibiDino_Tuso,PrimalItemSkin_ChibiDino_Tuso,PrimalItemSkin_ChibiDino_Tuso_C,N,N,Equipment,EPrimalItemType:Equipment; EPrimalMilestoneType:Craft,Y,
item,/Game/PrimalEarth/CoreBlueprints/Items/Armor/Skin/ChibiDinos/PrimalItemSkin_ChibiDino_Unicorn,PrimalItemSkin_ChibiDino_Unicorn,PrimalItemSkin_ChibiDino_Unicorn_C,N,N,Equipment,EPrimalItemType:Equipment; EPrimalMilestoneType:Craft,Y,
item,/Game/PrimalEarth/CoreBlueprints/Items/Armor/Skin/ChibiDinos/PrimalItemSkin_ChibiDino_Velonasaur,PrimalItemSkin_ChibiDino_Velonasaur,PrimalItemSkin_ChibiDino_Velonasaur_C,N,N,Equipment,EPrimalItemType:Equipment; EPrimalMilestoneType:Craft,Y,
item,/Game/PrimalEarth/CoreBlueprints/Items/Armor/Skin/ChibiDinos/PrimalItemSkin_ChibiDino_Vulture,PrimalItemSkin_ChibiDino_Vulture,PrimalItemSkin_ChibiDino_Vulture_C,N,N,Equipment,EPrimalItemType:Equipment; EPrimalMilestoneType:Craft,Y,
item,/Game/PrimalEarth/CoreBlueprints/Items/Armor/Skin/ChibiDinos/PrimalItemSkin_ChibiDino_WoollyRhino,PrimalItemSkin_ChibiDino_WoollyRhino,PrimalItemSkin_ChibiDino_WoollyRhino_C,N,N,Equipment,EPrimalItemType:Equipment; EPrimalMilestoneType:Craft,Y,
item,/Game/PrimalEarth/CoreBlueprints/Items/Armor/Skin/ChibiDinos/PrimalItemSkin_ChibiDino_Wyvern_Bone,PrimalItemSkin_ChibiDino_Wyvern_Bone,PrimalItemSkin_ChibiDino_Wyvern_Bone_C,N,N,Equipment,EPrimalItemType:Equipment; EPrimalMilestoneType:Craft,Y,
item,/Game/PrimalEarth/CoreBlueprints/Items/Armor/Skin/ChibiDinos/PrimalItemSkin_ChibiDino_WyvernFire,PrimalItemSkin_ChibiDino_WyvernFire,PrimalItemSkin_ChibiDino_WyvernFire_C,N,N,Equipment,EPrimalItemType:Equipment; EPrimalMilestoneType:Craft,Y,
item,/Game/PrimalEarth/CoreBlueprints/Items/Armor/Skin/ChibiDinos/PrimalItemSkin_ChibiDino_WyvernFire_Zombie,PrimalItemSkin_ChibiDino_WyvernFire_Zombie,PrimalItemSkin_ChibiDino_WyvernFire_Zombie_C,N,N,Equipment,EPrimalItemType:Equipment; EPrimalMilestoneType:Craft,Y,
item,/Game/PrimalEarth/CoreBlueprints/Items/Armor/Skin/ChibiDinos/PrimalItemSkin_ChibiDino_WyvernLighting,PrimalItemSkin_ChibiDino_WyvernLighting,PrimalItemSkin_ChibiDino_WyvernLighting_C,N,N,Equipment,EPrimalItemType:Equipment; EPrimalMilestoneType:Craft,Y,
item,/Game/PrimalEarth/CoreBlueprints/Items/Armor/Skin/ChibiDinos/PrimalItemSkin_ChibiDino_WyvernLighting_Zombie,PrimalItemSkin_ChibiDino_WyvernLighting_Zombie,PrimalItemSkin_ChibiDino_WyvernLighting_Zombie_C,N,N,Equipment,EPrimalItemType:Equipment; EPrimalMilestoneType:Craft,Y,
item,/Game/PrimalEarth/CoreBlueprints/Items/Armor/Skin/ChibiDinos/PrimalItemSkin_ChibiDino_WyvernPoison,PrimalItemSkin_ChibiDino_WyvernPoison,PrimalItemSkin_ChibiDino_WyvernPoison_C,N,N,Equipment,EPrimalItemType:Equipment; EPrimalMilestoneType:Craft,Y,
item,/Game/PrimalEarth/CoreBlueprints/Items/Armor/Skin/ChibiDinos/PrimalItemSkin_ChibiDino_WyvernPoison_Zombie,PrimalItemSkin_ChibiDino_WyvernPoison_Zombie,PrimalItemSkin_ChibiDino_WyvernPoison_Zombie_C,N,N,Equipment,EPrimalItemType:Equipment; EPrimalMilestoneType:Craft,Y,
item,/Game/PrimalEarth/CoreBlueprints/Items/Armor/Skin/ChibiDinos/PrimalItemSkin_ChibiDino_Yutyrannus,PrimalItemSkin_ChibiDino_Yutyrannus,PrimalItemSkin_ChibiDino_Yutyrannus_C,N,N,Equipment,EPrimalItemType:Equipment; EPrimalMilestoneType:Craft,Y,
item,/Game/PrimalEarth/CoreBlueprints/Items/Armor/Skin/DearJane/PrimalItemCostume_AAA_Ankylo,PrimalItemCostume_AAA_Ankylo,PrimalItemCostume_AAA_Ankylo_C,N,N,Equipment,EPrimalItemType:Equipment; EPrimalMilestoneType:Craft,Y,
item,/Game/PrimalEarth/CoreBlueprints/Items/Armor/Skin/DearJane/PrimalItemCostume_AAA_Argentavis,PrimalItemCostume_AAA_Argentavis,PrimalItemCostume_AAA_Argentavis_C,N,N,Equipment,EPrimalItemType:Equipment; EPrimalMilestoneType:Craft,Y,
item,/Game/PrimalEarth/CoreBlueprints/Items/Armor/Skin/DearJane/PrimalItemCostume_AAA_Daeodon,PrimalItemCostume_AAA_Daeodon,PrimalItemCostume_AAA_Daeodon_C,N,N,Equipment,EPrimalItemType:Equipment; EPrimalMilestoneType:Craft,Y,
item,/Game/PrimalEarth/CoreBlueprints/Items/Armor/Skin/DearJane/PrimalItemCostume_AAA_Dodo,PrimalItemCostume_AAA_Dodo,PrimalItemCostume_AAA_Dodo_C,Y,N,Equipment,EPrimalItemType:Equipment; EPrimalMilestoneType:Craft,Y,
item,/Game/PrimalEarth/CoreBlueprints/Items/Armor/Skin/DearJane/PrimalItemCostume_AAA_Doedicurus,PrimalItemCostume_AAA_Doedicurus,PrimalItemCostume_AAA_Doedicurus_C,N,N,Equipment,EPrimalItemType:Equipment; EPrimalMilestoneType:Craft,Y,
item,/Game/PrimalEarth/CoreBlueprints/Items/Armor/Skin/DearJane/PrimalItemCostume_AAA_Giganotosaurus,PrimalItemCostume_AAA_Giganotosaurus,PrimalItemCostume_AAA_Giganotosaurus_C,N,N,Equipment,EPrimalItemType:Equipment; EPrimalMilestoneType:Craft,Y,
item,/Game/PrimalEarth/CoreBlueprints/Items/Armor/Skin/DearJane/PrimalItemCostume_AAA_Megalania,PrimalItemCostume_AAA_Megalania,PrimalItemCostume_AAA_Megalania_C,N,N,Equipment,EPrimalItemType:Equipment; EPrimalMilestoneType:Craft,Y,
item,/Game/PrimalEarth/CoreBlueprints/Items/Armor/Skin/DearJane/PrimalItemCostume_AAA_Mesopithecus,PrimalItemCostume_AAA_Mesopithecus,PrimalItemCostume_AAA_Mesopithecus_C,N,N,Equipment,EPrimalItemType:Equipment; EPrimalMilestoneType:Craft,Y,
item,/Game/PrimalEarth/CoreBlueprints/Items/Armor/Skin/DearJane/PrimalItemCostume_AAA_Otter,PrimalItemCostume_AAA_Otter,PrimalItemCostume_AAA_Otter_C,N,N,Equipment,EPrimalItemType:Equipment; EPrimalMilestoneType:Craft,Y,
item,/Game/PrimalEarth/CoreBlueprints/Items/Armor/Skin/DearJane/PrimalItemCostume_AAA_Parasaur,PrimalItemCostume_AAA_Parasaur,PrimalItemCostume_AAA_Parasaur_C,Y,N,Equipment,EPrimalItemType:Equipment; EPrimalMilestoneType:Craft,Y,
item,/Game/PrimalEarth/CoreBlueprints/Items/Armor/Skin/DearJane/PrimalItemCostume_AAA_Ptero,PrimalItemCostume_AAA_Ptero,PrimalItemCostume_AAA_Ptero_C,N,N,Equipment,EPrimalItemType:Equipment; EPrimalMilestoneType:Craft,Y,
item,/Game/PrimalEarth/CoreBlueprints/Items/Armor/Skin/DearJane/PrimalItemCostume_AAA_Quetzal,PrimalItemCostume_AAA_Quetzal,PrimalItemCostume_AAA_Quetzal_C,N,N,Equipment,EPrimalItemType:Equipment; EPrimalMilestoneType:Craft,Y,
item,/Game/PrimalEarth/CoreBlueprints/Items/Armor/Skin/DearJane/PrimalItemCostume_AAA_Raptor,PrimalItemCostume_AAA_Raptor,PrimalItemCostume_AAA_Raptor_C,N,N,Equipment,EPrimalItemType:Equipment; EPrimalMilestoneType:Craft,Y,
item,/Game/PrimalEarth/CoreBlueprints/Items/Armor/Skin/DearJane/PrimalItemCostume_AAA_Rex,PrimalItemCostume_AAA_Rex,PrimalItemCostume_AAA_Rex_C,N,N,Equipment,EPrimalItemType:Equipment; EPrimalMilestoneType:Craft,Y,
item,/Game/PrimalEarth/CoreBlueprints/Items/Armor/Skin/DearJane/PrimalItemCostume_AAA_Saber,PrimalItemCostume_AAA_Saber,PrimalItemCostume_AAA_Saber_C,N,N,Equipment,EPrimalItemType:Equipment; EPrimalMilestoneType:Craft,Y,
item,/Game/PrimalEarth/CoreBlueprints/Items/Armor/Skin/DearJane/PrimalItemCostume_AAA_Sauropod,PrimalItemCostume_AAA_Sauropod,PrimalItemCostume_AAA_Sauropod_C,N,N,Equipment,EPrimalItemType:Equipment; EPrimalMilestoneType:Craft,Y,
item,/Game/PrimalEarth/CoreBlueprints/Items/Armor/Skin/DearJane/PrimalItemCostume_AAA_Stego,PrimalItemCostume_AAA_Stego,PrimalItemCostume_AAA_Stego_C,N,N,Equipment,EPrimalItemType:Equipment; EPrimalMilestoneType:Craft,Y,
item,/Game/PrimalEarth/CoreBlueprints/Items/Armor/Skin/DearJane/PrimalItemCostume_AAA_Trike,PrimalItemCostume_AAA_Trike,PrimalItemCostume_AAA_Trike_C,N,N,Equipment,EPrimalItemType:Equipment; EPrimalMilestoneType:Craft,Y,
item,/Game/PrimalEarth/CoreBlueprints/Items/Armor/Skin/DearJane/PrimalItemCostume_AAA_Yutyrannus,PrimalItemCostume_AAA_Yutyrannus,PrimalItemCostume_AAA_Yutyrannus_C,N,N,Equipment,EPrimalItemType:Equipment; EPrimalMilestoneType:Craft,Y,
item,/Game/PrimalEarth/CoreBlueprints/Items/Armor/Skin/DearJane/PrimalItemSkin_CharacterSkin_Alasie,PrimalItemSkin_CharacterSkin_Alasie,PrimalItemSkin_CharacterSkin_Alasie_C,N,N,Equipment,EPrimalItemType:Equipment; EPrimalMilestoneType:Craft,Y,
item,/Game/PrimalEarth/CoreBlueprints/Items/Armor/Skin/DearJane/PrimalItemSkin_CharacterSkin_Bob,PrimalItemSkin_CharacterSkin_Bob,PrimalItemSkin_CharacterSkin_Bob_C,Y,N,Equipment,EPrimalItemType:Equipment; EPrimalMilestoneType:Craft,Y,
item,/Game/PrimalEarth/CoreBlueprints/Items/Armor/Skin/DearJane/PrimalItemSkin_CharacterSkin_Gladiatrix,PrimalItemSkin_CharacterSkin_Gladiatrix,PrimalItemSkin_CharacterSkin_Gladiatrix_C,N,N,Equipment,EPrimalItemType:Equipment; EPrimalMilestoneType:Craft,Y,
item,/Game/PrimalEarth/CoreBlueprints/Items/Armor/Skin/DearJane/PrimalItemSkin_CharacterSkin_Helena,PrimalItemSkin_CharacterSkin_Helena,PrimalItemSkin_CharacterSkin_Helena_C,Y,N,Equipment,EPrimalItemType:Equipment; EPrimalMilestoneType:Craft,Y,
item,/Game/PrimalEarth/CoreBlueprints/Items/Armor/Skin/DearJane/PrimalItemSkin_CharacterSkin_Henry,PrimalItemSkin_CharacterSkin_Henry,PrimalItemSkin_CharacterSkin_Henry_C,N,N,Equipment,EPrimalItemType:Equipment; EPrimalMilestoneType:Craft,Y,
item,/Game/PrimalEarth/CoreBlueprints/Items/Armor/Skin/DearJane/PrimalItemSkin_CharacterSkin_John,PrimalItemSkin_CharacterSkin_John,PrimalItemSkin_CharacterSkin_John_C,N,N,Equipment,EPrimalItemType:Equipment; EPrimalMilestoneType:Craft,Y,
item,/Game/PrimalEarth/CoreBlueprints/Items/Armor/Skin/DearJane/PrimalItemSkin_CharacterSkin_Kor,PrimalItemSkin_CharacterSkin_Kor,PrimalItemSkin_CharacterSkin_Kor_C,N,N,Equipment,EPrimalItemType:Equipment; EPrimalMilestoneType:Craft,Y,
item,/Game/PrimalEarth/CoreBlueprints/Items/Armor/Skin/DearJane/PrimalItemSkin_CharacterSkin_Meiyin,PrimalItemSkin_CharacterSkin_Meiyin,PrimalItemSkin_CharacterSkin_Meiyin_C,N,N,Equipment,EPrimalItemType:Equipment; EPrimalMilestoneType:Craft,Y,
item,/Game/PrimalEarth/CoreBlueprints/Items/Armor/Skin/DearJane/PrimalItemSkin_CharacterSkin_Nerva,PrimalItemSkin_CharacterSkin_Nerva,PrimalItemSkin_CharacterSkin_Nerva_C,N,N,Equipment,EPrimalItemType:Equipment; EPrimalMilestoneType:Craft,Y,
item,/Game/PrimalEarth/CoreBlueprints/Items/Armor/Skin/DearJane/PrimalItemSkin_CharacterSkin_Rockwell,PrimalItemSkin_CharacterSkin_Rockwell,PrimalItemSkin_CharacterSkin_Rockwell_C,N,N,Equipment,EPrimalItemType:Equipment; EPrimalMilestoneType:Craft,Y,
item,/Game/PrimalEarth/CoreBlueprints/Items/Armor/Skin/GhostItemSkins/PrimalItemSkin_PlayerCosmetic_Boots,PrimalItemSkin_PlayerCosmetic_Boots,PrimalItemSkin_PlayerCosmetic_Boots_C,N,N,Equipment,EPrimalItemType:Equipment; EPrimalMilestoneType:Craft,Y,
item,/Game/PrimalEarth/CoreBlueprints/Items/Armor/Skin/GhostItemSkins/PrimalItemSkin_PlayerCosmetic_Costume,PrimalItemSkin_PlayerCosmetic_Costume,PrimalItemSkin_PlayerCosmetic_Costume_C,N,N,Equipment,EPrimalItemType:Equipment; EPrimalMilestoneType:Craft,Y,
item,/Game/PrimalEarth/CoreBlueprints/Items/Armor/Skin/GhostItemSkins/PrimalItemSkin_PlayerCosmetic_Gloves,PrimalItemSkin_PlayerCosmetic_Gloves,PrimalItemSkin_PlayerCosmetic_Gloves_C,N,N,Equipment,EPrimalItemType:Equipment; EPrimalMilestoneType:Craft,Y,
item,/Game/PrimalEarth/CoreBlueprints/Items/Armor/Skin/GhostItemSkins/PrimalItemSkin_PlayerCosmetic_Helmet,PrimalItemSkin_PlayerCosmetic_Helmet,PrimalItemSkin_PlayerCosmetic_Helmet_C,N,N,Equipment,EPrimalItemType:Equipment; EPrimalMilestoneType:Craft,Y,
item,/Game/PrimalEarth/CoreBlueprints/Items/Armor/Skin/GhostItemSkins/PrimalItemSkin_PlayerCosmetic_Pants,PrimalItemSkin_PlayerCosmetic_Pants,PrimalItemSkin_PlayerCosmetic_Pants_C,N,N,Equipment,EPrimalItemType:Equipment; EPrimalMilestoneType:Craft,Y,
item,/Game/PrimalEarth/CoreBlueprints/Items/Armor/Skin/GhostItemSkins/PrimalItemSkin_PlayerCosmetic_Shield,PrimalItemSkin_PlayerCosmetic_Shield,PrimalItemSkin_PlayerCosmetic_Shield_C,N,N,Equipment,EPrimalItemType:Equipment; EPrimalMilestoneType:Craft,Y,
item,/Game/PrimalEarth/CoreBlueprints/Items/Armor/Skin/GhostItemSkins/PrimalItemSkin_PlayerCosmetic_Shirt,PrimalItemSkin_PlayerCosmetic_Shirt,PrimalItemSkin_PlayerCosmetic_Shirt_C,N,N,Equipment,EPrimalItemType:Equipment; EPrimalMilestoneType:Craft,Y,
item,/Game/PrimalEarth/CoreBlueprints/Items/Armor/Skin/PrimalItemArmor_FilmingGoggles,PrimalItemArmor_FilmingGoggles,PrimalItemArmor_FilmingGoggles_C,N,N,Equipment,EPrimalItemType:Equipment; EPrimalMilestoneType:Craft,Y,
item,/Game/PrimalEarth/CoreBlueprints/Items/Armor/Skin/PrimalItemCostume_Brachiosaurus,PrimalItemCostume_Brachiosaurus,PrimalItemCostume_Brachiosaurus_C,N,N,Equipment,EPrimalItemType:Equipment; EPrimalMilestoneType:Craft,Y,
item,/Game/PrimalEarth/CoreBlueprints/Items/Armor/Skin/PrimalItemCostume_Stygimoloch,PrimalItemCostume_Stygimoloch,PrimalItemCostume_Stygimoloch_C,N,N,Equipment,EPrimalItemType:Equipment; EPrimalMilestoneType:Craft,Y,
item,/Game/PrimalEarth/CoreBlueprints/Items/Armor/Skin/PrimalItemCostume_Styracosaurus,PrimalItemCostume_Styracosaurus,PrimalItemCostume_Styracosaurus_C,N,N,Equipment,EPrimalItemType:Equipment; EPrimalMilestoneType:Craft,Y,
item,/Game/PrimalEarth/CoreBlueprints/Items/Armor/Skin/PrimalItemSkin_AberrationHelmet,PrimalItemSkin_AberrationHelmet,PrimalItemSkin_AberrationHelmet_C,N,N,Equipment,EPrimalItemType:Equipment; EPrimalMilestoneType:Craft,Y,
item,/Game/PrimalEarth/CoreBlueprints/Items/Armor/Skin/PrimalItemSkin_AnglerHat,PrimalItemSkin_AnglerHat,PrimalItemSkin_AnglerHat_C,N,N,Equipment,EPrimalItemType:Equipment; EPrimalMilestoneType:Craft,Y,
item,/Game/PrimalEarth/CoreBlueprints/Items/Armor/Skin/PrimalItemSkin_Boomerang_Frisbee,PrimalItemSkin_Boomerang_Frisbee,PrimalItemSkin_Boomerang_Frisbee_C,N,N,Equipment,EPrimalItemType:Equipment; EPrimalMilestoneType:Craft,Y,
item,/Game/PrimalEarth/CoreBlueprints/Items/Armor/Skin/PrimalItemSkin_BunnyHat,PrimalItemSkin_BunnyHat,PrimalItemSkin_BunnyHat_C,N,N,Equipment,EPrimalItemType:Equipment; EPrimalMilestoneType:Craft,Y,
item,/Game/PrimalEarth/CoreBlueprints/Items/Armor/Skin/PrimalItemSkin_BunnyTail,PrimalItemSkin_BunnyTail,PrimalItemSkin_BunnyTail_C,N,N,Equipment,EPrimalItemType:Equipment; EPrimalMilestoneType:Craft,Y,
item,/Game/PrimalEarth/CoreBlueprints/Items/Armor/Skin/PrimalItemSkin_CandySpear,PrimalItemSkin_CandySpear,PrimalItemSkin_CandySpear_C,N,N,Equipment,EPrimalItemType:Equipment; EPrimalMilestoneType:Craft,Y,
item,/Game/PrimalEarth/CoreBlueprints/Items/Armor/Skin/PrimalItemSkin_CaptainsHat,PrimalItemSkin_CaptainsHat,PrimalItemSkin_CaptainsHat_C,N,N,Equipment,EPrimalItemType:Equipment; EPrimalMilestoneType:Craft,Y,
item,/Game/PrimalEarth/CoreBlueprints/Items/Armor/Skin/PrimalItemSkin_Chili,PrimalItemSkin_Chili,PrimalItemSkin_Chili_C,N,N,Equipment,EPrimalItemType:Equipment; EPrimalMilestoneType:Craft,Y,
item,/Game/PrimalEarth/CoreBlueprints/Items/Armor/Skin/PrimalItemSkin_ClownMask,PrimalItemSkin_ClownMask,PrimalItemSkin_ClownMask_C,N,N,Equipment,EPrimalItemType:Equipment; EPrimalMilestoneType:Craft,Y,
item,/Game/PrimalEarth/CoreBlueprints/Items/Armor/Skin/PrimalItemSkin_Club_BBQSpatula,PrimalItemSkin_Club_BBQSpatula,PrimalItemSkin_Club_BBQSpatula_C,N,N,Equipment,EPrimalItemType:Equipment; EPrimalMilestoneType:Craft,Y,
item,/Game/PrimalEarth/CoreBlueprints/Items/Armor/Skin/PrimalItemSkin_Club_ChocolateRabbit,PrimalItemSkin_Club_ChocolateRabbit,PrimalItemSkin_Club_ChocolateRabbit_C,N,N,Equipment,EPrimalItemType:Equipment; EPrimalMilestoneType:Craft,Y,
item,/Game/PrimalEarth/CoreBlueprints/Items/Armor/Skin/PrimalItemSkin_CorruptedBoots,PrimalItemSkin_CorruptedBoots,PrimalItemSkin_CorruptedBoots_C,N,N,Equipment,EPrimalItemType:Equipment; EPrimalMilestoneType:Craft,Y,
item,/Game/PrimalEarth/CoreBlueprints/Items/Armor/Skin/PrimalItemSkin_CorruptedGloves,PrimalItemSkin_CorruptedGloves,PrimalItemSkin_CorruptedGloves_C,N,N,Equipment,EPrimalItemType:Equipment; EPrimalMilestoneType:Craft,Y,
item,/Game/PrimalEarth/CoreBlueprints/Items/Armor/Skin/PrimalItemSkin_CorruptedHelmet,PrimalItemSkin_CorruptedHelmet,PrimalItemSkin_CorruptedHelmet_C,N,N,Equipment,EPrimalItemType:Equipment; EPrimalMilestoneType:Craft,Y,
item,/Game/PrimalEarth/CoreBlueprints/Items/Armor/Skin/PrimalItemSkin_CorruptedPants,PrimalItemSkin_CorruptedPants,PrimalItemSkin_CorruptedPants_C,N,N,Equipment,EPrimalItemType:Equipment; EPrimalMilestoneType:Craft,Y,
item,/Game/PrimalEarth/CoreBlueprints/Items/Armor/Skin/PrimalItemSkin_CorruptedShirt,PrimalItemSkin_CorruptedShirt,PrimalItemSkin_CorruptedShirt_C,N,N,Equipment,EPrimalItemType:Equipment; EPrimalMilestoneType:Craft,Y,
item,/Game/PrimalEarth/CoreBlueprints/Items/Armor/Skin/PrimalItemSkin_Costume_Bunny,PrimalItemSkin_Costume_Bunny,PrimalItemSkin_Costume_Bunny_C,N,N,Equipment,EPrimalItemType:Equipment; EPrimalMilestoneType:Craft,Y,
item,/Game/PrimalEarth/CoreBlueprints/Items/Armor/Skin/PrimalItemSkin_Costume_Gingerbread,PrimalItemSkin_Costume_Gingerbread,PrimalItemSkin_Costume_Gingerbread_C,N,N,Equipment,EPrimalItemType:Equipment; EPrimalMilestoneType:Craft,Y,
item,/Game/PrimalEarth/CoreBlueprints/Items/Armor/Skin/PrimalItemSkin_Costume_InflatableRex,PrimalItemSkin_Costume_InflatableRex,PrimalItemSkin_Costume_InflatableRex_C,N,N,Equipment,EPrimalItemType:Equipment; EPrimalMilestoneType:Craft,Y,
item,/Game/PrimalEarth/CoreBlueprints/Items/Armor/Skin/PrimalItemSkin_Costume_Krampus,PrimalItemSkin_Costume_Krampus,PrimalItemSkin_Costume_Krampus_C,N,N,Equipment,EPrimalItemType:Equipment; EPrimalMilestoneType:Craft,Y,
item,/Game/PrimalEarth/CoreBlueprints/Items/Armor/Skin/PrimalItemSkin_Costume_Lamb,PrimalItemSkin_Costume_Lamb,PrimalItemSkin_Costume_Lamb_C,N,N,Equipment,EPrimalItemType:Equipment; EPrimalMilestoneType:Craft,Y,
item,/Game/PrimalEarth/CoreBlueprints/Items/Armor/Skin/PrimalItemSkin_Costume_Santa,PrimalItemSkin_Costume_Santa,PrimalItemSkin_Costume_Santa_C,N,N,Equipment,EPrimalItemType:Equipment; EPrimalMilestoneType:Craft,Y,
item,/Game/PrimalEarth/CoreBlueprints/Items/Armor/Skin/PrimalItemSkin_Costume_SharkSuit,PrimalItemSkin_Costume_SharkSuit,PrimalItemSkin_Costume_SharkSuit_C,N,N,Equipment,EPrimalItemType:Equipment; EPrimalMilestoneType:Craft,Y,
item,/Game/PrimalEarth/CoreBlueprints/Items/Armor/Skin/PrimalItemSkin_Costume_Skeleton,PrimalItemSkin_Costume_Skeleton,PrimalItemSkin_Costume_Skeleton_C,N,N,Equipment,EPrimalItemType:Equipment; EPrimalMilestoneType:Craft,Y,
item,/Game/PrimalEarth/CoreBlueprints/Items/Armor/Skin/PrimalItemSkin_Costume_Strawman,PrimalItemSkin_Costume_Strawman,PrimalItemSkin_Costume_Strawman_C,N,N,Equipment,EPrimalItemType:Equipment; EPrimalMilestoneType:Craft,Y,
item,/Game/PrimalEarth/CoreBlueprints/Items/Armor/Skin/PrimalItemSkin_Costume_Turkey,PrimalItemSkin_Costume_Turkey,PrimalItemSkin_Costume_Turkey_C,N,N,Equipment,EPrimalItemType:Equipment; EPrimalMilestoneType:Craft,Y,
item,/Game/PrimalEarth/CoreBlueprints/Items/Armor/Skin/PrimalItemSkin_Costume_Werewolf_FE,PrimalItemSkin_Costume_Werewolf_FE,PrimalItemSkin_Costume_Werewolf_FE_C,N,N,Equipment,EPrimalItemType:Equipment; EPrimalMilestoneType:Craft,Y,
item,/Game/PrimalEarth/CoreBlueprints/Items/Armor/Skin/PrimalItemSkin_CupidBow,PrimalItemSkin_CupidBow,PrimalItemSkin_CupidBow_C,N,N,Equipment,EPrimalItemType:Equipment; EPrimalMilestoneType:Craft,Y,
item,/Game/PrimalEarth/CoreBlueprints/Items/Armor/Skin/PrimalItemSkin_DiloMask,PrimalItemSkin_DiloMask,PrimalItemSkin_DiloMask_C,N,N,Equipment,EPrimalItemType:Equipment; EPrimalMilestoneType:Craft,Y,
item,/Game/PrimalEarth/CoreBlueprints/Items/Armor/Skin/PrimalItemSkin_DinoChickHat,PrimalItemSkin_DinoChickHat,PrimalItemSkin_DinoChickHat_C,N,N,Equipment,EPrimalItemType:Equipment; EPrimalMilestoneType:Craft,Y,
item,/Game/PrimalEarth/CoreBlueprints/Items/Armor/Skin/PrimalItemSkin_DinoCute,PrimalItemSkin_DinoCute,PrimalItemSkin_DinoCute_C,N,N,Equipment,EPrimalItemType:Equipment; EPrimalMilestoneType:Craft,Y,
item,/Game/PrimalEarth/CoreBlueprints/Items/Armor/Skin/PrimalItemSkin_DinoEasterEggHat,PrimalItemSkin_DinoEasterEggHat,PrimalItemSkin_DinoEasterEggHat_C,N,N,Equipment,EPrimalItemType:Equipment; EPrimalMilestoneType:Craft,Y,
item,/Game/PrimalEarth/CoreBlueprints/Items/Armor/Skin/PrimalItemSkin_DinoMarshmallowHat,PrimalItemSkin_DinoMarshmallowHat,PrimalItemSkin_DinoMarshmallowHat_C,N,N,Equipment,EPrimalItemType:Equipment; EPrimalMilestoneType:Craft,Y,
item,/Game/PrimalEarth/CoreBlueprints/Items/Armor/Skin/PrimalItemSkin_DinoSantaHat,PrimalItemSkin_DinoSantaHat,PrimalItemSkin_DinoSantaHat_C,N,N,Equipment,EPrimalItemType:Equipment; EPrimalMilestoneType:Craft,Y,
item,/Game/PrimalEarth/CoreBlueprints/Items/Armor/Skin/PrimalItemSkin_DodorexMask,PrimalItemSkin_DodorexMask,PrimalItemSkin_DodorexMask_C,N,N,Equipment,EPrimalItemType:Equipment; EPrimalMilestoneType:Craft,Y,
item,/Game/PrimalEarth/CoreBlueprints/Items/Armor/Skin/PrimalItemSkin_DodowyvernHat,PrimalItemSkin_DodowyvernHat,PrimalItemSkin_DodowyvernHat_C,N,N,Equipment,EPrimalItemType:Equipment; EPrimalMilestoneType:Craft,Y,
item,/Game/PrimalEarth/CoreBlueprints/Items/Armor/Skin/PrimalItemSkin_EasterBasket_C4,PrimalItemSkin_EasterBasket_C4,PrimalItemSkin_EasterBasket_C4_C,N,N,Equipment,EPrimalItemType:Equipment; EPrimalMilestoneType:Craft,Y,
item,/Game/PrimalEarth/CoreBlueprints/Items/Armor/Skin/PrimalItemSkin_EasterChick,PrimalItemSkin_EasterChick,PrimalItemSkin_EasterChick_C,N,N,Equipment,EPrimalItemType:Equipment; EPrimalMilestoneType:Craft,Y,
item,/Game/PrimalEarth/CoreBlueprints/Items/Armor/Skin/PrimalItemSkin_EasterEggHat,PrimalItemSkin_EasterEggHat,PrimalItemSkin_EasterEggHat_C,N,N,Equipment,EPrimalItemType:Equipment; EPrimalMilestoneType:Craft,Y,
item,/Game/PrimalEarth/CoreBlueprints/Items/Armor/Skin/PrimalItemSkin_EggNestHat,PrimalItemSkin_EggNestHat,PrimalItemSkin_EggNestHat_C,N,N,Equipment,EPrimalItemType:Equipment; EPrimalMilestoneType:Craft,Y,
item,/Game/PrimalEarth/CoreBlueprints/Items/Armor/Skin/PrimalItemSkin_ExplorerHat,PrimalItemSkin_ExplorerHat,PrimalItemSkin_ExplorerHat_C,N,N,Equipment,EPrimalItemType:Equipment; EPrimalMilestoneType:Craft,Y,
item,/Game/PrimalEarth/CoreBlueprints/Items/Armor/Skin/PrimalItemSkin_FE_ArrowHat,PrimalItemSkin_FE_ArrowHat,PrimalItemSkin_FE_ArrowHat_C,N,N,Equipment,EPrimalItemType:Equipment; EPrimalMilestoneType:Craft,Y,
item,/Game/PrimalEarth/CoreBlueprints/Items/Armor/Skin/PrimalItemSkin_FE_AxeHat,PrimalItemSkin_FE_AxeHat,PrimalItemSkin_FE_AxeHat_C,N,N,Equipment,EPrimalItemType:Equipment; EPrimalMilestoneType:Craft,Y,
item,/Game/PrimalEarth/CoreBlueprints/Items/Armor/Skin/PrimalItemSkin_FE_Hatchet_Cleaver,PrimalItemSkin_FE_Hatchet_Cleaver,PrimalItemSkin_FE_Hatchet_Cleaver_C,N,N,Equipment,EPrimalItemType:Equipment; EPrimalMilestoneType:Craft,Y,
item,/Game/PrimalEarth/CoreBlueprints/Items/Armor/Skin/PrimalItemSkin_FE_HeadlessHat,PrimalItemSkin_FE_HeadlessHat,PrimalItemSkin_FE_HeadlessHat_C,N,N,Equipment,EPrimalItemType:Equipment; EPrimalMilestoneType:Craft,Y,
item,/Game/PrimalEarth/CoreBlueprints/Items/Armor/Skin/PrimalItemSkin_FE_Pick_Crowbar,PrimalItemSkin_FE_Pick_Crowbar,PrimalItemSkin_FE_Pick_Crowbar_C,N,N,Equipment,EPrimalItemType:Equipment; EPrimalMilestoneType:Craft,Y,
item,/Game/PrimalEarth/CoreBlueprints/Items/Armor/Skin/PrimalItemSkin_FE_PumpkinHat,PrimalItemSkin_FE_PumpkinHat,PrimalItemSkin_FE_PumpkinHat_C,N,N,Equipment,EPrimalItemType:Equipment; EPrimalMilestoneType:Craft,Y,
item,/Game/PrimalEarth/CoreBlueprints/Items/Armor/Skin/PrimalItemSkin_FE_PumpkinHat_Dino,PrimalItemSkin_FE_PumpkinHat_Dino,PrimalItemSkin_FE_PumpkinHat_Dino_C,N,N,Equipment,EPrimalItemType:Equipment; EPrimalMilestoneType:Craft,Y,
item,/Game/PrimalEarth/CoreBlueprints/Items/Armor/Skin/PrimalItemSkin_FE_ScaryFaceMask,PrimalItemSkin_FE_ScaryFaceMask,PrimalItemSkin_FE_ScaryFaceMask_C,N,N,Equipment,EPrimalItemType:Equipment; EPrimalMilestoneType:Craft,Y,
item,/Game/PrimalEarth/CoreBlueprints/Items/Armor/Skin/PrimalItemSkin_FE_SwimShirt_Araneo,PrimalItemSkin_FE_SwimShirt_Araneo,PrimalItemSkin_FE_SwimShirt_Araneo_C,N,N,Equipment,EPrimalItemType:Equipment; EPrimalMilestoneType:Craft,Y,
item,/Game/PrimalEarth/CoreBlueprints/Items/Armor/Skin/PrimalItemSkin_FE_SwimShirt_Onyc,PrimalItemSkin_FE_SwimShirt_Onyc,PrimalItemSkin_FE_SwimShirt_Onyc_C,N,N,Equipment,EPrimalItemType:Equipment; EPrimalMilestoneType:Craft,Y,
item,/Game/PrimalEarth/CoreBlueprints/Items/Armor/Skin/PrimalItemSkin_FE_SwimShirt_Pumpkin,PrimalItemSkin_FE_SwimShirt_Pumpkin,PrimalItemSkin_FE_SwimShirt_Pumpkin_C,N,N,Equipment,EPrimalItemType:Equipment; EPrimalMilestoneType:Craft,Y,
item,/Game/PrimalEarth/CoreBlueprints/Items/Armor/Skin/PrimalItemSkin_FE_SwimShirt_Reaper,PrimalItemSkin_FE_SwimShirt_Reaper,PrimalItemSkin_FE_SwimShirt_Reaper_C,N,N,Equipment,EPrimalItemType:Equipment; EPrimalMilestoneType:Craft,Y,
item,/Game/PrimalEarth/CoreBlueprints/Items/Armor/Skin/PrimalItemSkin_FE_SwimShirt_VampireDodo,PrimalItemSkin_FE_SwimShirt_VampireDodo,PrimalItemSkin_FE_SwimShirt_VampireDodo_C,N,N,Equipment,EPrimalItemType:Equipment; EPrimalMilestoneType:Craft,Y,
item,/Game/PrimalEarth/CoreBlueprints/Items/Armor/Skin/PrimalItemSkin_FE_SwordHat,PrimalItemSkin_FE_SwordHat,PrimalItemSkin_FE_SwordHat_C,N,N,Equipment,EPrimalItemType:Equipment; EPrimalMilestoneType:Craft,Y,
item,/Game/PrimalEarth/CoreBlueprints/Items/Armor/Skin/PrimalItemSkin_FE_Underwear_Araneo,PrimalItemSkin_FE_Underwear_Araneo,PrimalItemSkin_FE_Underwear_Araneo_C,N,N,Equipment,EPrimalItemType:Equipment; EPrimalMilestoneType:Craft,Y,
item,/Game/PrimalEarth/CoreBlueprints/Items/Armor/Skin/PrimalItemSkin_FE_Underwear_Onyc,PrimalItemSkin_FE_Underwear_Onyc,PrimalItemSkin_FE_Underwear_Onyc_C,N,N,Equipment,EPrimalItemType:Equipment; EPrimalMilestoneType:Craft,Y,
item,/Game/PrimalEarth/CoreBlueprints/Items/Armor/Skin/PrimalItemSkin_FE_Underwear_Pumpkin,PrimalItemSkin_FE_Underwear_Pumpkin,PrimalItemSkin_FE_Underwear_Pumpkin_C,N,N,Equipment,EPrimalItemType:Equipment; EPrimalMilestoneType:Craft,Y,
item,/Game/PrimalEarth/CoreBlueprints/Items/Armor/Skin/PrimalItemSkin_FE_Underwear_Reaper,PrimalItemSkin_FE_Underwear_Reaper,PrimalItemSkin_FE_Underwear_Reaper_C,N,N,Equipment,EPrimalItemType:Equipment; EPrimalMilestoneType:Craft,Y,
item,/Game/PrimalEarth/CoreBlueprints/Items/Armor/Skin/PrimalItemSkin_FE_Underwear_VampireDodo,PrimalItemSkin_FE_Underwear_VampireDodo,PrimalItemSkin_FE_Underwear_VampireDodo_C,N,N,Equipment,EPrimalItemType:Equipment; EPrimalMilestoneType:Craft,Y,
item,/Game/PrimalEarth/CoreBlueprints/Items/Armor/Skin/PrimalItemSkin_FireworksHat,PrimalItemSkin_FireworksHat,PrimalItemSkin_FireworksHat_C,N,N,Equipment,EPrimalItemType:Equipment; EPrimalMilestoneType:Craft,Y,
item,/Game/PrimalEarth/CoreBlueprints/Items/Armor/Skin/PrimalItemSkin_Flamethrower_SuperSoaker,PrimalItemSkin_Flamethrower_SuperSoaker,PrimalItemSkin_Flamethrower_SuperSoaker_C,N,N,Equipment,EPrimalItemType:Equipment; EPrimalMilestoneType:Craft,Y,
item,/Game/PrimalEarth/CoreBlueprints/Items/Armor/Skin/PrimalItemSkin_FloppyStrawHat,PrimalItemSkin_FloppyStrawHat,PrimalItemSkin_FloppyStrawHat_C,N,N,Equipment,EPrimalItemType:Equipment; EPrimalMilestoneType:Craft,Y,
item,/Game/PrimalEarth/CoreBlueprints/Items/Armor/Skin/PrimalItemSkin_FlowerTiara,PrimalItemSkin_FlowerTiara,PrimalItemSkin_FlowerTiara_C,N,N,Equipment,EPrimalItemType:Equipment; EPrimalMilestoneType:Craft,Y,
item,/Game/PrimalEarth/CoreBlueprints/Items/Armor/Skin/PrimalItemSkin_FriendBracelet,PrimalItemSkin_FriendBracelet,PrimalItemSkin_FriendBracelet_C,N,N,Equipment,EPrimalItemType:Equipment; EPrimalMilestoneType:Craft,Y,
item,/Game/PrimalEarth/CoreBlueprints/Items/Armor/Skin/PrimalItemSkin_Gen1AvatarGloves,PrimalItemSkin_Gen1AvatarGloves,PrimalItemSkin_Gen1AvatarGloves_C,N,N,Equipment,EPrimalItemType:Equipment; EPrimalMilestoneType:Craft,Y,
item,/Game/PrimalEarth/CoreBlueprints/Items/Armor/Skin/PrimalItemSkin_Gen1AvatarHelmet,PrimalItemSkin_Gen1AvatarHelmet,PrimalItemSkin_Gen1AvatarHelmet_C,N,N,Equipment,EPrimalItemType:Equipment; EPrimalMilestoneType:Craft,Y,
item,/Game/PrimalEarth/CoreBlueprints/Items/Armor/Skin/PrimalItemSkin_Gen1AvatarPants,PrimalItemSkin_Gen1AvatarPants,PrimalItemSkin_Gen1AvatarPants_C,N,N,Equipment,EPrimalItemType:Equipment; EPrimalMilestoneType:Craft,Y,
item,/Game/PrimalEarth/CoreBlueprints/Items/Armor/Skin/PrimalItemSkin_Gen1AvatarShirt,PrimalItemSkin_Gen1AvatarShirt,PrimalItemSkin_Gen1AvatarShirt_C,N,N,Equipment,EPrimalItemType:Equipment; EPrimalMilestoneType:Craft,Y,
item,/Game/PrimalEarth/CoreBlueprints/Items/Armor/Skin/PrimalItemSkin_Gen1AvatartBoots,PrimalItemSkin_Gen1AvatartBoots,PrimalItemSkin_Gen1AvatartBoots_C,N,N,Equipment,EPrimalItemType:Equipment; EPrimalMilestoneType:Craft,Y,
item,/Game/PrimalEarth/CoreBlueprints/Items/Armor/Skin/PrimalItemSkin_Grenade_Egg,PrimalItemSkin_Grenade_Egg,PrimalItemSkin_Grenade_Egg_C,N,N,Equipment,EPrimalItemType:Equipment; EPrimalMilestoneType:Craft,Y,
item,/Game/PrimalEarth/CoreBlueprints/Items/Armor/Skin/PrimalItemSkin_HawaiianShirt_Bulbdog,PrimalItemSkin_HawaiianShirt_Bulbdog,PrimalItemSkin_HawaiianShirt_Bulbdog_C,N,N,Equipment,EPrimalItemType:Equipment; EPrimalMilestoneType:Craft,Y,
item,/Game/PrimalEarth/CoreBlueprints/Items/Armor/Skin/PrimalItemSkin_HawaiianShirt_CoolNoglin,PrimalItemSkin_HawaiianShirt_CoolNoglin,PrimalItemSkin_HawaiianShirt_CoolNoglin_C,N,N,Equipment,EPrimalItemType:Equipment; EPrimalMilestoneType:Craft,Y,
item,/Game/PrimalEarth/CoreBlueprints/Items/Armor/Skin/PrimalItemSkin_HawaiianShirt_Dodo,PrimalItemSkin_HawaiianShirt_Dodo,PrimalItemSkin_HawaiianShirt_Dodo_C,N,N,Equipment,EPrimalItemType:Equipment; EPrimalMilestoneType:Craft,Y,
item,/Game/PrimalEarth/CoreBlueprints/Items/Armor/Skin/PrimalItemSkin_HawaiianShirt_DodoZombies,PrimalItemSkin_HawaiianShirt_DodoZombies,PrimalItemSkin_HawaiianShirt_DodoZombies_C,N,N,Equipment,EPrimalItemType:Equipment; EPrimalMilestoneType:Craft,Y,
item,/Game/PrimalEarth/CoreBlueprints/Items/Armor/Skin/PrimalItemSkin_HawaiianShirt_Gasbags,PrimalItemSkin_HawaiianShirt_Gasbags,PrimalItemSkin_HawaiianShirt_Gasbags_C,N,N,Equipment,EPrimalItemType:Equipment; EPrimalMilestoneType:Craft,Y,
item,/Game/PrimalEarth/CoreBlueprints/Items/Armor/Skin/PrimalItemSkin_HawaiianShirt_Hoversail,PrimalItemSkin_HawaiianShirt_Hoversail,PrimalItemSkin_HawaiianShirt_Hoversail_C,N,N,Equipment,EPrimalItemType:Equipment; EPrimalMilestoneType:Craft,Y,
item,/Game/PrimalEarth/CoreBlueprints/Items/Armor/Skin/PrimalItemSkin_HawaiianShirt_Island,PrimalItemSkin_HawaiianShirt_Island,PrimalItemSkin_HawaiianShirt_Island_C,N,N,Equipment,EPrimalItemType:Equipment; EPrimalMilestoneType:Craft,Y,
item,/Game/PrimalEarth/CoreBlueprints/Items/Armor/Skin/PrimalItemSkin_HawaiianShirt_MurderTurkey,PrimalItemSkin_HawaiianShirt_MurderTurkey,PrimalItemSkin_HawaiianShirt_MurderTurkey_C,N,N,Equipment,EPrimalItemType:Equipment; EPrimalMilestoneType:Craft,Y,
item,/Game/PrimalEarth/CoreBlueprints/Items/Armor/Skin/PrimalItemSkin_HawaiianShirt_Pumpkin,PrimalItemSkin_HawaiianShirt_Pumpkin,PrimalItemSkin_HawaiianShirt_Pumpkin_C,N,N,Equipment,EPrimalItemType:Equipment; EPrimalMilestoneType:Craft,Y,
item,/Game/PrimalEarth/CoreBlueprints/Items/Armor/Skin/PrimalItemSkin_HawaiianShirt_Reaper,PrimalItemSkin_HawaiianShirt_Reaper,PrimalItemSkin_HawaiianShirt_Reaper_C,N,N,Equipment,EPrimalItemType:Equipment; EPrimalMilestoneType:Craft,Y,
item,/Game/PrimalEarth/CoreBlueprints/Items/Armor/Skin/PrimalItemSkin_HawaiianShirt_SeaStuff,PrimalItemSkin_HawaiianShirt_SeaStuff,PrimalItemSkin_HawaiianShirt_SeaStuff_C,N,N,Equipment,EPrimalItemType:Equipment; EPrimalMilestoneType:Craft,Y,
item,/Game/PrimalEarth/CoreBlueprints/Items/Armor/Skin/PrimalItemSkin_HawaiianShirt_ShadowmaneFishing,PrimalItemSkin_HawaiianShirt_ShadowmaneFishing,PrimalItemSkin_HawaiianShirt_ShadowmaneFishing_C,N,N,Equipment,EPrimalItemType:Equipment; EPrimalMilestoneType:Craft,Y,
item,/Game/PrimalEarth/CoreBlueprints/Items/Armor/Skin/PrimalItemSkin_HawaiianShirt_Skellies,PrimalItemSkin_HawaiianShirt_Skellies,PrimalItemSkin_HawaiianShirt_Skellies_C,N,N,Equipment,EPrimalItemType:Equipment; EPrimalMilestoneType:Craft,Y,
item,/Game/PrimalEarth/CoreBlueprints/Items/Armor/Skin/PrimalItemSkin_HawaiianShirt_Tentacles,PrimalItemSkin_HawaiianShirt_Tentacles,PrimalItemSkin_HawaiianShirt_Tentacles_C,N,N,Equipment,EPrimalItemType:Equipment; EPrimalMilestoneType:Craft,Y,
item,/Game/PrimalEarth/CoreBlueprints/Items/Armor/Skin/PrimalItemSkin_HawaiianShirt_ZombieWyvern,PrimalItemSkin_HawaiianShirt_ZombieWyvern,PrimalItemSkin_HawaiianShirt_ZombieWyvern_C,N,N,Equipment,EPrimalItemType:Equipment; EPrimalMilestoneType:Craft,Y,
item,/Game/PrimalEarth/CoreBlueprints/Items/Armor/Skin/PrimalItemSkin_HeartSpringsHat_Vday,PrimalItemSkin_HeartSpringsHat_Vday,PrimalItemSkin_HeartSpringsHat_Vday_C,N,N,Equipment,EPrimalItemType:Equipment; EPrimalMilestoneType:Craft,Y,
item,/Game/PrimalEarth/CoreBlueprints/Items/Armor/Skin/PrimalItemSkin_MachinedPistol_WaterGun,PrimalItemSkin_MachinedPistol_WaterGun,PrimalItemSkin_MachinedPistol_WaterGun_C,N,N,Equipment,EPrimalItemType:Equipment; EPrimalMilestoneType:Craft,Y,
item,/Game/PrimalEarth/CoreBlueprints/Items/Armor/Skin/PrimalItemSkin_ManticoreBoots,PrimalItemSkin_ManticoreBoots,PrimalItemSkin_ManticoreBoots_C,N,N,Equipment,EPrimalItemType:Equipment; EPrimalMilestoneType:Craft,Y,
item,/Game/PrimalEarth/CoreBlueprints/Items/Armor/Skin/PrimalItemSkin_ManticoreGloves,PrimalItemSkin_ManticoreGloves,PrimalItemSkin_ManticoreGloves_C,N,N,Equipment,EPrimalItemType:Equipment; EPrimalMilestoneType:Craft,Y,
item,/Game/PrimalEarth/CoreBlueprints/Items/Armor/Skin/PrimalItemSkin_ManticoreHelmet,PrimalItemSkin_ManticoreHelmet,PrimalItemSkin_ManticoreHelmet_C,N,N,Equipment,EPrimalItemType:Equipment; EPrimalMilestoneType:Craft,Y,
item,/Game/PrimalEarth/CoreBlueprints/Items/Armor/Skin/PrimalItemSkin_ManticorePants,PrimalItemSkin_ManticorePants,PrimalItemSkin_ManticorePants_C,N,N,Equipment,EPrimalItemType:Equipment; EPrimalMilestoneType:Craft,Y,
item,/Game/PrimalEarth/CoreBlueprints/Items/Armor/Skin/PrimalItemSkin_ManticoreShield,PrimalItemSkin_ManticoreShield,PrimalItemSkin_ManticoreShield_C,N,N,Equipment,EPrimalItemType:Equipment; EPrimalMilestoneType:Craft,Y,
item,/Game/PrimalEarth/CoreBlueprints/Items/Armor/Skin/PrimalItemSkin_ManticoreShirt,PrimalItemSkin_ManticoreShirt,PrimalItemSkin_ManticoreShirt_C,N,N,Equipment,EPrimalItemType:Equipment; EPrimalMilestoneType:Craft,Y,
item,/Game/PrimalEarth/CoreBlueprints/Items/Armor/Skin/PrimalItemSkin_MarshmallowHat,PrimalItemSkin_MarshmallowHat,PrimalItemSkin_MarshmallowHat_C,N,N,Equipment,EPrimalItemType:Equipment; EPrimalMilestoneType:Craft,Y,
item,/Game/PrimalEarth/CoreBlueprints/Items/Armor/Skin/PrimalItemSkin_MiniHLNA,PrimalItemSkin_MiniHLNA,PrimalItemSkin_MiniHLNA_C,N,N,Equipment,EPrimalItemType:Equipment; EPrimalMilestoneType:Craft,Y,
item,/Game/PrimalEarth/CoreBlueprints/Items/Armor/Skin/PrimalItemSkin_OtterMask,PrimalItemSkin_OtterMask,PrimalItemSkin_OtterMask_C,N,N,Equipment,EPrimalItemType:Equipment; EPrimalMilestoneType:Craft,Y,
item,/Game/PrimalEarth/CoreBlueprints/Items/Armor/Skin/PrimalItemSkin_PajamaPants,PrimalItemSkin_PajamaPants,PrimalItemSkin_PajamaPants_C,N,N,Equipment,EPrimalItemType:Equipment; EPrimalMilestoneType:Craft,Y,
item,/Game/PrimalEarth/CoreBlueprints/Items/Armor/Skin/PrimalItemSkin_PajamaShirt,PrimalItemSkin_PajamaShirt,PrimalItemSkin_PajamaShirt_C,N,N,Equipment,EPrimalItemType:Equipment; EPrimalMilestoneType:Craft,Y,
item,/Game/PrimalEarth/CoreBlueprints/Items/Armor/Skin/PrimalItemSkin_PartyHat,PrimalItemSkin_PartyHat,PrimalItemSkin_PartyHat_C,N,N,Equipment,EPrimalItemType:Equipment; EPrimalMilestoneType:Craft,Y,
item,/Game/PrimalEarth/CoreBlueprints/Items/Armor/Skin/PrimalItemSkin_PillowClub,PrimalItemSkin_PillowClub,PrimalItemSkin_PillowClub_C,N,N,Equipment,EPrimalItemType:Equipment; EPrimalMilestoneType:Craft,Y,
item,/Game/PrimalEarth/CoreBlueprints/Items/Armor/Skin/PrimalItemSkin_PoglinHat,PrimalItemSkin_PoglinHat,PrimalItemSkin_PoglinHat_C,N,N,Equipment,EPrimalItemType:Equipment; EPrimalMilestoneType:Craft,Y,
item,/Game/PrimalEarth/CoreBlueprints/Items/Armor/Skin/PrimalItemSkin_PugMask,PrimalItemSkin_PugMask,PrimalItemSkin_PugMask_C,N,N,Equipment,EPrimalItemType:Equipment; EPrimalMilestoneType:Craft,Y,
item,/Game/PrimalEarth/CoreBlueprints/Items/Armor/Skin/PrimalItemSkin_ReaperHelmet,PrimalItemSkin_ReaperHelmet,PrimalItemSkin_ReaperHelmet_C,N,N,Equipment,EPrimalItemType:Equipment; EPrimalMilestoneType:Craft,Y,
item,/Game/PrimalEarth/CoreBlueprints/Items/Armor/Skin/PrimalItemSkin_SantaHat,PrimalItemSkin_SantaHat,PrimalItemSkin_SantaHat_C,N,N,Equipment,EPrimalItemType:Equipment; EPrimalMilestoneType:Craft,Y,
item,/Game/PrimalEarth/CoreBlueprints/Items/Armor/Skin/PrimalItemSkin_ScarySkull,PrimalItemSkin_ScarySkull,PrimalItemSkin_ScarySkull_C,N,N,Equipment,EPrimalItemType:Equipment; EPrimalMilestoneType:Craft,Y,
item,/Game/PrimalEarth/CoreBlueprints/Items/Armor/Skin/PrimalItemSkin_ShepherdsCrook,PrimalItemSkin_ShepherdsCrook,PrimalItemSkin_ShepherdsCrook_C,N,N,Equipment,EPrimalItemType:Equipment; EPrimalMilestoneType:Craft,Y,
item,/Game/PrimalEarth/CoreBlueprints/Items/Armor/Skin/PrimalItemSkin_SleepingHat,PrimalItemSkin_SleepingHat,PrimalItemSkin_SleepingHat_C,N,N,Equipment,EPrimalItemType:Equipment; EPrimalMilestoneType:Craft,Y,
item,/Game/PrimalEarth/CoreBlueprints/Items/Armor/Skin/PrimalItemSkin_Slippers,PrimalItemSkin_Slippers,PrimalItemSkin_Slippers_C,N,N,Equipment,EPrimalItemType:Equipment; EPrimalMilestoneType:Craft,Y,
item,/Game/PrimalEarth/CoreBlueprints/Items/Armor/Skin/PrimalItemSkin_SnowmanHat,PrimalItemSkin_SnowmanHat,PrimalItemSkin_SnowmanHat_C,N,N,Equipment,EPrimalItemType:Equipment; EPrimalMilestoneType:Craft,Y,
item,/Game/PrimalEarth/CoreBlueprints/Items/Armor/Skin/PrimalItemSkin_Summer_Hatchet_Balloon,PrimalItemSkin_Summer_Hatchet_Balloon,PrimalItemSkin_Summer_Hatchet_Balloon_C,N,N,Equipment,EPrimalItemType:Equipment; EPrimalMilestoneType:Craft,Y,
item,/Game/PrimalEarth/CoreBlueprints/Items/Armor/Skin/PrimalItemSkin_Summer_Pick_Balloon,PrimalItemSkin_Summer_Pick_Balloon,PrimalItemSkin_Summer_Pick_Balloon_C,N,N,Equipment,EPrimalItemType:Equipment; EPrimalMilestoneType:Craft,Y,
item,/Game/PrimalEarth/CoreBlueprints/Items/Armor/Skin/PrimalItemSkin_Summer_PukaBracelet_Gloves,PrimalItemSkin_Summer_PukaBracelet_Gloves,PrimalItemSkin_Summer_PukaBracelet_Gloves_C,N,N,Equipment,EPrimalItemType:Equipment; EPrimalMilestoneType:Craft,Y,
item,/Game/PrimalEarth/CoreBlueprints/Items/Armor/Skin/PrimalItemSkin_Summer_SarcoShoes_Boots,PrimalItemSkin_Summer_SarcoShoes_Boots,PrimalItemSkin_Summer_SarcoShoes_Boots_C,N,N,Equipment,EPrimalItemType:Equipment; EPrimalMilestoneType:Craft,Y,
item,/Game/PrimalEarth/CoreBlueprints/Items/Armor/Skin/PrimalItemSkin_Summer_Sword_Balloon,PrimalItemSkin_Summer_Sword_Balloon,PrimalItemSkin_Summer_Sword_Balloon_C,N,N,Equipment,EPrimalItemType:Equipment; EPrimalMilestoneType:Craft,Y,
item,/Game/PrimalEarth/CoreBlueprints/Items/Armor/Skin/PrimalItemSkin_Summer_Sword_SteakKnife,PrimalItemSkin_Summer_Sword_SteakKnife,PrimalItemSkin_Summer_Sword_SteakKnife_C,N,N,Equipment,EPrimalItemType:Equipment; EPrimalMilestoneType:Craft,Y,
item,/Game/PrimalEarth/CoreBlueprints/Items/Armor/Skin/PrimalItemSkin_SummerSwimPants,PrimalItemSkin_SummerSwimPants,PrimalItemSkin_SummerSwimPants_C,N,N,Equipment,EPrimalItemType:Equipment; EPrimalMilestoneType:Craft,Y,
item,/Game/PrimalEarth/CoreBlueprints/Items/Armor/Skin/PrimalItemSkin_SummerSwimPants_Alpha,PrimalItemSkin_SummerSwimPants_Alpha,PrimalItemSkin_SummerSwimPants_Alpha_C,N,N,Equipment,EPrimalItemType:Equipment; EPrimalMilestoneType:Craft,Y,
item,/Game/PrimalEarth/CoreBlueprints/Items/Armor/Skin/PrimalItemSkin_SummerSwimPants_Arthro,PrimalItemSkin_SummerSwimPants_Arthro,PrimalItemSkin_SummerSwimPants_Arthro_C,N,N,Equipment,EPrimalItemType:Equipment; EPrimalMilestoneType:Craft,Y,
item,/Game/PrimalEarth/CoreBlueprints/Items/Armor/Skin/PrimalItemSkin_SummerSwimPants_Carno,PrimalItemSkin_SummerSwimPants_Carno,PrimalItemSkin_SummerSwimPants_Carno_C,N,N,Equipment,EPrimalItemType:Equipment; EPrimalMilestoneType:Craft,Y,
item,/Game/PrimalEarth/CoreBlueprints/Items/Armor/Skin/PrimalItemSkin_SummerSwimPants_CrabParty,PrimalItemSkin_SummerSwimPants_CrabParty,PrimalItemSkin_SummerSwimPants_CrabParty_C,N,N,Equipment,EPrimalItemType:Equipment; EPrimalMilestoneType:Craft,Y,
item,/Game/PrimalEarth/CoreBlueprints/Items/Armor/Skin/PrimalItemSkin_SummerSwimPants_Eels,PrimalItemSkin_SummerSwimPants_Eels,PrimalItemSkin_SummerSwimPants_Eels_C,N,N,Equipment,EPrimalItemType:Equipment; EPrimalMilestoneType:Craft,Y,
item,/Game/PrimalEarth/CoreBlueprints/Items/Armor/Skin/PrimalItemSkin_SummerSwimPants_FishBite,PrimalItemSkin_SummerSwimPants_FishBite,PrimalItemSkin_SummerSwimPants_FishBite_C,N,N,Equipment,EPrimalItemType:Equipment; EPrimalMilestoneType:Craft,Y,
item,/Game/PrimalEarth/CoreBlueprints/Items/Armor/Skin/PrimalItemSkin_SummerSwimPants_Floaties,PrimalItemSkin_SummerSwimPants_Floaties,PrimalItemSkin_SummerSwimPants_Floaties_C,N,N,Equipment,EPrimalItemType:Equipment; EPrimalMilestoneType:Craft,Y,
item,/Game/PrimalEarth/CoreBlueprints/Items/Armor/Skin/PrimalItemSkin_SummerSwimPants_Flowers,PrimalItemSkin_SummerSwimPants_Flowers,PrimalItemSkin_SummerSwimPants_Flowers_C,N,N,Equipment,EPrimalItemType:Equipment; EPrimalMilestoneType:Craft,Y,
item,/Game/PrimalEarth/CoreBlueprints/Items/Armor/Skin/PrimalItemSkin_SummerSwimPants_IslandRetreat,PrimalItemSkin_SummerSwimPants_IslandRetreat,PrimalItemSkin_SummerSwimPants_IslandRetreat_C,N,N,Equipment,EPrimalItemType:Equipment; EPrimalMilestoneType:Craft,Y,
item,/Game/PrimalEarth/CoreBlueprints/Items/Armor/Skin/PrimalItemSkin_SummerSwimPants_Jellyfish,PrimalItemSkin_SummerSwimPants_Jellyfish,PrimalItemSkin_SummerSwimPants_Jellyfish_C,N,N,Equipment,EPrimalItemType:Equipment; EPrimalMilestoneType:Craft,Y,
item,/Game/PrimalEarth/CoreBlueprints/Items/Armor/Skin/PrimalItemSkin_SummerSwimShirt_Alpha,PrimalItemSkin_SummerSwimShirt_Alpha,PrimalItemSkin_SummerSwimShirt_Alpha_C,N,N,Equipment,EPrimalItemType:Equipment; EPrimalMilestoneType:Craft,Y,
item,/Game/PrimalEarth/CoreBlueprints/Items/Armor/Skin/PrimalItemSkin_SummerSwimShirt_Arthro,PrimalItemSkin_SummerSwimShirt_Arthro,PrimalItemSkin_SummerSwimShirt_Arthro_C,N,N,Equipment,EPrimalItemType:Equipment; EPrimalMilestoneType:Craft,Y,
item,/Game/PrimalEarth/CoreBlueprints/Items/Armor/Skin/PrimalItemSkin_SummerSwimShirt_Carno,PrimalItemSkin_SummerSwimShirt_Carno,PrimalItemSkin_SummerSwimShirt_Carno_C,N,N,Equipment,EPrimalItemType:Equipment; EPrimalMilestoneType:Craft,Y,
item,/Game/PrimalEarth/CoreBlueprints/Items/Armor/Skin/PrimalItemSkin_SummerSwimShirt_CrabParty,PrimalItemSkin_SummerSwimShirt_CrabParty,PrimalItemSkin_SummerSwimShirt_CrabParty_C,N,N,Equipment,EPrimalItemType:Equipment; EPrimalMilestoneType:Craft,Y,
item,/Game/PrimalEarth/CoreBlueprints/Items/Armor/Skin/PrimalItemSkin_SummerSwimShirt_Eels,PrimalItemSkin_SummerSwimShirt_Eels,PrimalItemSkin_SummerSwimShirt_Eels_C,N,N,Equipment,EPrimalItemType:Equipment; EPrimalMilestoneType:Craft,Y,
item,/Game/PrimalEarth/CoreBlueprints/Items/Armor/Skin/PrimalItemSkin_SummerSwimShirt_FishBite,PrimalItemSkin_SummerSwimShirt_FishBite,PrimalItemSkin_SummerSwimShirt_FishBite_C,N,N,Equipment,EPrimalItemType:Equipment; EPrimalMilestoneType:Craft,Y,
item,/Game/PrimalEarth/CoreBlueprints/Items/Armor/Skin/PrimalItemSkin_SummerSwimShirt_Floaties,PrimalItemSkin_SummerSwimShirt_Floaties,PrimalItemSkin_SummerSwimShirt_Floaties_C,N,N,Equipment,EPrimalItemType:Equipment; EPrimalMilestoneType:Craft,Y,
item,/Game/PrimalEarth/CoreBlueprints/Items/Armor/Skin/PrimalItemSkin_SummerSwimShirt_Flowers,PrimalItemSkin_SummerSwimShirt_Flowers,PrimalItemSkin_SummerSwimShirt_Flowers_C,N,N,Equipment,EPrimalItemType:Equipment; EPrimalMilestoneType:Craft,Y,
item,/Game/PrimalEarth/CoreBlueprints/Items/Armor/Skin/PrimalItemSkin_SummerSwimShirt_IslandRetreat,PrimalItemSkin_SummerSwimShirt_IslandRetreat,PrimalItemSkin_SummerSwimShirt_IslandRetreat_C,N,N,Equipment,EPrimalItemType:Equipment; EPrimalMilestoneType:Craft,Y,
item,/Game/PrimalEarth/CoreBlueprints/Items/Armor/Skin/PrimalItemSkin_SummerSwimShirt_Jellyfish,PrimalItemSkin_SummerSwimShirt_Jellyfish,PrimalItemSkin_SummerSwimShirt_Jellyfish_C,N,N,Equipment,EPrimalItemType:Equipment; EPrimalMilestoneType:Craft,Y,
item,/Game/PrimalEarth/CoreBlueprints/Items/Armor/Skin/PrimalItemSkin_SunGlasses,PrimalItemSkin_SunGlasses,PrimalItemSkin_SunGlasses_C,N,N,Equipment,EPrimalItemType:Equipment; EPrimalMilestoneType:Craft,Y,
item,/Game/PrimalEarth/CoreBlueprints/Items/Armor/Skin/PrimalItemSkin_SunGlasses_Pineapple,PrimalItemSkin_SunGlasses_Pineapple,PrimalItemSkin_SunGlasses_Pineapple_C,N,N,Equipment,EPrimalItemType:Equipment; EPrimalMilestoneType:Craft,Y,
item,/Game/PrimalEarth/CoreBlueprints/Items/Armor/Skin/PrimalItemSkin_SunGlasses_Retro,PrimalItemSkin_SunGlasses_Retro,PrimalItemSkin_SunGlasses_Retro_C,N,N,Equipment,EPrimalItemType:Equipment; EPrimalMilestoneType:Craft,Y,
item,/Game/PrimalEarth/CoreBlueprints/Items/Armor/Skin/PrimalItemSkin_SunGlasses_Round,PrimalItemSkin_SunGlasses_Round,PrimalItemSkin_SunGlasses_Round_C,N,N,Equipment,EPrimalItemType:Equipment; EPrimalMilestoneType:Craft,Y,
item,/Game/PrimalEarth/CoreBlueprints/Items/Armor/Skin/PrimalItemSkin_SunGlasses_Vday,PrimalItemSkin_SunGlasses_Vday,PrimalItemSkin_SunGlasses_Vday_C,N,N,Equipment,EPrimalItemType:Equipment; EPrimalMilestoneType:Craft,Y,
item,/Game/PrimalEarth/CoreBlueprints/Items/Armor/Skin/PrimalItemSkin_SunVisor,PrimalItemSkin_SunVisor,PrimalItemSkin_SunVisor_C,N,N,Equipment,EPrimalItemType:Equipment; EPrimalMilestoneType:Craft,Y,
item,/Game/PrimalEarth/CoreBlueprints/Items/Armor/Skin/PrimalItemSkin_Sweater_Cornucopia,PrimalItemSkin_Sweater_Cornucopia,PrimalItemSkin_Sweater_Cornucopia_C,N,N,Equipment,EPrimalItemType:Equipment; EPrimalMilestoneType:Craft,Y,
item,/Game/PrimalEarth/CoreBlueprints/Items/Armor/Skin/PrimalItemSkin_Sweater_DodosRevenge,PrimalItemSkin_Sweater_DodosRevenge,PrimalItemSkin_Sweater_DodosRevenge_C,N,N,Equipment,EPrimalItemType:Equipment; EPrimalMilestoneType:Craft,Y,
item,/Game/PrimalEarth/CoreBlueprints/Items/Armor/Skin/PrimalItemSkin_Sweater_FallFun,PrimalItemSkin_Sweater_FallFun,PrimalItemSkin_Sweater_FallFun_C,N,N,Equipment,EPrimalItemType:Equipment; EPrimalMilestoneType:Craft,Y,
item,/Game/PrimalEarth/CoreBlueprints/Items/Armor/Skin/PrimalItemSkin_Sweater_TheHunted,PrimalItemSkin_Sweater_TheHunted,PrimalItemSkin_Sweater_TheHunted_C,N,N,Equipment,EPrimalItemType:Equipment; EPrimalMilestoneType:Craft,Y,
item,/Game/PrimalEarth/CoreBlueprints/Items/Armor/Skin/PrimalItemSkin_Sweater_Trike,PrimalItemSkin_Sweater_Trike,PrimalItemSkin_Sweater_Trike_C,N,N,Equipment,EPrimalItemType:Equipment; EPrimalMilestoneType:Craft,Y,
item,/Game/PrimalEarth/CoreBlueprints/Items/Armor/Skin/PrimalItemSkin_SwimPants_Dodo,PrimalItemSkin_SwimPants_Dodo,PrimalItemSkin_SwimPants_Dodo_C,N,N,Equipment,EPrimalItemType:Equipment; EPrimalMilestoneType:Craft,Y,
item,/Game/PrimalEarth/CoreBlueprints/Items/Armor/Skin/PrimalItemSkin_SwimPants_MurderTurkey,PrimalItemSkin_SwimPants_MurderTurkey,PrimalItemSkin_SwimPants_MurderTurkey_C,N,N,Equipment,EPrimalItemType:Equipment; EPrimalMilestoneType:Craft,Y,
item,/Game/PrimalEarth/CoreBlueprints/Items/Armor/Skin/PrimalItemSkin_SwimShirt_Dodo,PrimalItemSkin_SwimShirt_Dodo,PrimalItemSkin_SwimShirt_Dodo_C,N,N,Equipment,EPrimalItemType:Equipment; EPrimalMilestoneType:Craft,Y,
item,/Game/PrimalEarth/CoreBlueprints/Items/Armor/Skin/PrimalItemSkin_SwimShirt_MurderTurkey,PrimalItemSkin_SwimShirt_MurderTurkey,PrimalItemSkin_SwimShirt_MurderTurkey_C,N,N,Equipment,EPrimalItemType:Equipment; EPrimalMilestoneType:Craft,Y,
item,/Game/PrimalEarth/CoreBlueprints/Items/Armor/Skin/PrimalItemSkin_TekBoots_V2,PrimalItemSkin_TekBoots_V2,PrimalItemSkin_TekBoots_V2_C,N,N,Equipment,EPrimalItemType:Equipment; EPrimalMilestoneType:Craft,Y,
item,/Game/PrimalEarth/CoreBlueprints/Items/Armor/Skin/PrimalItemSkin_TekGloves_V2,PrimalItemSkin_TekGloves_V2,PrimalItemSkin_TekGloves_V2_C,N,N,Equipment,EPrimalItemType:Equipment; EPrimalMilestoneType:Craft,Y,
item,/Game/PrimalEarth/CoreBlueprints/Items/Armor/Skin/PrimalItemSkin_TekHelmet_V2,PrimalItemSkin_TekHelmet_V2,PrimalItemSkin_TekHelmet_V2_C,N,N,Equipment,EPrimalItemType:Equipment; EPrimalMilestoneType:Craft,Y,
item,/Game/PrimalEarth/CoreBlueprints/Items/Armor/Skin/PrimalItemSkin_TekPants_V2,PrimalItemSkin_TekPants_V2,PrimalItemSkin_TekPants_V2_C,N,N,Equipment,EPrimalItemType:Equipment; EPrimalMilestoneType:Craft,Y,
item,/Game/PrimalEarth/CoreBlueprints/Items/Armor/Skin/PrimalItemSkin_TekShirt_V2,PrimalItemSkin_TekShirt_V2,PrimalItemSkin_TekShirt_V2_C,N,N,Equipment,EPrimalItemType:Equipment; EPrimalMilestoneType:Craft,Y,
item,/Game/PrimalEarth/CoreBlueprints/Items/Armor/Skin/PrimalItemSkin_TopHat,PrimalItemSkin_TopHat,PrimalItemSkin_TopHat_C,N,N,Equipment,EPrimalItemType:Equipment; EPrimalMilestoneType:Craft,Y,
item,/Game/PrimalEarth/CoreBlueprints/Items/Armor/Skin/PrimalItemSkin_TopHat_Summer,PrimalItemSkin_TopHat_Summer,PrimalItemSkin_TopHat_Summer_C,N,N,Equipment,EPrimalItemType:Equipment; EPrimalMilestoneType:Craft,Y,
item,/Game/PrimalEarth/CoreBlueprints/Items/Armor/Skin/PrimalItemSkin_TopHat_Summer_Dino,PrimalItemSkin_TopHat_Summer_Dino,PrimalItemSkin_TopHat_Summer_Dino_C,N,N,Equipment,EPrimalItemType:Equipment; EPrimalMilestoneType:Craft,Y,
item,/Game/PrimalEarth/CoreBlueprints/Items/Armor/Skin/PrimalItemSkin_TT_ActualTurkeyHat,PrimalItemSkin_TT_ActualTurkeyHat,PrimalItemSkin_TT_ActualTurkeyHat_C,N,N,Equipment,EPrimalItemType:Equipment; EPrimalMilestoneType:Craft,Y,
item,/Game/PrimalEarth/CoreBlueprints/Items/Armor/Skin/PrimalItemSkin_TT_BonnetHat,PrimalItemSkin_TT_BonnetHat,PrimalItemSkin_TT_BonnetHat_C,N,N,Equipment,EPrimalItemType:Equipment; EPrimalMilestoneType:Craft,Y,
item,/Game/PrimalEarth/CoreBlueprints/Items/Armor/Skin/PrimalItemSkin_TT_Club_TurkeyLeg,PrimalItemSkin_TT_Club_TurkeyLeg,PrimalItemSkin_TT_Club_TurkeyLeg_C,N,N,Equipment,EPrimalItemType:Equipment; EPrimalMilestoneType:Craft,Y,
item,/Game/PrimalEarth/CoreBlueprints/Items/Armor/Skin/PrimalItemSkin_TT_CookedTurkeyHat,PrimalItemSkin_TT_CookedTurkeyHat,PrimalItemSkin_TT_CookedTurkeyHat_C,N,N,Equipment,EPrimalItemType:Equipment; EPrimalMilestoneType:Craft,Y,
item,/Game/PrimalEarth/CoreBlueprints/Items/Armor/Skin/PrimalItemSkin_TT_ForestCrown,PrimalItemSkin_TT_ForestCrown,PrimalItemSkin_TT_ForestCrown_C,N,N,Equipment,EPrimalItemType:Equipment; EPrimalMilestoneType:Craft,Y,
item,/Game/PrimalEarth/CoreBlueprints/Items/Armor/Skin/PrimalItemSkin_TT_Pike_Pitchfork,PrimalItemSkin_TT_Pike_Pitchfork,PrimalItemSkin_TT_Pike_Pitchfork_C,N,N,Equipment,EPrimalItemType:Equipment; EPrimalMilestoneType:Craft,Y,
item,/Game/PrimalEarth/CoreBlueprints/Items/Armor/Skin/PrimalItemSkin_TT_PilgrimHat,PrimalItemSkin_TT_PilgrimHat,PrimalItemSkin_TT_PilgrimHat_C,N,N,Equipment,EPrimalItemType:Equipment; EPrimalMilestoneType:Craft,Y,
item,/Game/PrimalEarth/CoreBlueprints/Items/Armor/Skin/PrimalItemSkin_TT_PumpkinPieHat,PrimalItemSkin_TT_PumpkinPieHat,PrimalItemSkin_TT_PumpkinPieHat_C,N,N,Equipment,EPrimalItemType:Equipment; EPrimalMilestoneType:Craft,Y,
item,/Game/PrimalEarth/CoreBlueprints/Items/Armor/Skin/PrimalItemSkin_TT_SwimPants_DodoPie,PrimalItemSkin_TT_SwimPants_DodoPie,PrimalItemSkin_TT_SwimPants_DodoPie_C,N,N,Equipment,EPrimalItemType:Equipment; EPrimalMilestoneType:Craft,Y,
item,/Game/PrimalEarth/CoreBlueprints/Items/Armor/Skin/PrimalItemSkin_TT_SwimPants_Meat,PrimalItemSkin_TT_SwimPants_Meat,PrimalItemSkin_TT_SwimPants_Meat_C,N,N,Equipment,EPrimalItemType:Equipment; EPrimalMilestoneType:Craft,Y,
item,/Game/PrimalEarth/CoreBlueprints/Items/Armor/Skin/PrimalItemSkin_TT_SwimPants_TurkeyBerry,PrimalItemSkin_TT_SwimPants_TurkeyBerry,PrimalItemSkin_TT_SwimPants_TurkeyBerry_C,N,N,Equipment,EPrimalItemType:Equipment; EPrimalMilestoneType:Craft,Y,
item,/Game/PrimalEarth/CoreBlueprints/Items/Armor/Skin/PrimalItemSkin_TT_SwimShirt_DodoPie,PrimalItemSkin_TT_SwimShirt_DodoPie,PrimalItemSkin_TT_SwimShirt_DodoPie_C,N,N,Equipment,EPrimalItemType:Equipment; EPrimalMilestoneType:Craft,Y,
item,/Game/PrimalEarth/CoreBlueprints/Items/Armor/Skin/PrimalItemSkin_TT_SwimShirt_Meat,PrimalItemSkin_TT_SwimShirt_Meat,PrimalItemSkin_TT_SwimShirt_Meat_C,N,N,Equipment,EPrimalItemType:Equipment; EPrimalMilestoneType:Craft,Y,
item,/Game/PrimalEarth/CoreBlueprints/Items/Armor/Skin/PrimalItemSkin_TT_SwimShirt_TurkeyBerry,PrimalItemSkin_TT_SwimShirt_TurkeyBerry,PrimalItemSkin_TT_SwimShirt_TurkeyBerry_C,N,N,Equipment,EPrimalItemType:Equipment; EPrimalMilestoneType:Craft,Y,
item,/Game/PrimalEarth/CoreBlueprints/Items/Armor/Skin/PrimalItemSkin_TurkeyHat,PrimalItemSkin_TurkeyHat,PrimalItemSkin_TurkeyHat_C,N,N,Equipment,EPrimalItemType:Equipment; EPrimalMilestoneType:Craft,Y,
item,/Game/PrimalEarth/CoreBlueprints/Items/Armor/Skin/PrimalItemSkin_ValentineHaloHat,PrimalItemSkin_ValentineHaloHat,PrimalItemSkin_ValentineHaloHat_C,N,N,Equipment,EPrimalItemType:Equipment; EPrimalMilestoneType:Craft,Y,
item,/Game/PrimalEarth/CoreBlueprints/Items/Armor/Skin/PrimalItemSkin_ValentinePants,PrimalItemSkin_ValentinePants,PrimalItemSkin_ValentinePants_C,N,N,Equipment,EPrimalItemType:Equipment; EPrimalMilestoneType:Craft,Y,
item,/Game/PrimalEarth/CoreBlueprints/Items/Armor/Skin/PrimalItemSkin_ValentineShirt,PrimalItemSkin_ValentineShirt,PrimalItemSkin_ValentineShirt_C,N,N,Equipment,EPrimalItemType:Equipment; EPrimalMilestoneType:Craft,Y,
item,/Game/PrimalEarth/CoreBlueprints/Items/Armor/Skin/PrimalItemSkin_VampireEyes,PrimalItemSkin_VampireEyes,PrimalItemSkin_VampireEyes_C,N,N,Equipment,EPrimalItemType:Equipment; EPrimalMilestoneType:Craft,Y,
item,/Game/PrimalEarth/CoreBlueprints/Items/Armor/Skin/PrimalItemSkin_VDay_Grenade_ValentineBear,PrimalItemSkin_VDay_Grenade_ValentineBear,PrimalItemSkin_VDay_Grenade_ValentineBear_C,N,N,Equipment,EPrimalItemType:Equipment; EPrimalMilestoneType:Craft,Y,
item,/Game/PrimalEarth/CoreBlueprints/Items/Armor/Skin/PrimalItemSkin_Vday_Handcuffs,PrimalItemSkin_Vday_Handcuffs,PrimalItemSkin_Vday_Handcuffs_C,N,N,Equipment,EPrimalItemType:Equipment; EPrimalMilestoneType:Craft,Y,
item,/Game/PrimalEarth/CoreBlueprints/Items/Armor/Skin/PrimalItemSkin_Vday_Shield,PrimalItemSkin_Vday_Shield,PrimalItemSkin_Vday_Shield_C,N,N,Equipment,EPrimalItemType:Equipment; EPrimalMilestoneType:Craft,Y,
item,/Game/PrimalEarth/CoreBlueprints/Items/Armor/Skin/PrimalItemSkin_Vday_SwimPants_BearHug,PrimalItemSkin_Vday_SwimPants_BearHug,PrimalItemSkin_Vday_SwimPants_BearHug_C,N,N,Equipment,EPrimalItemType:Equipment; EPrimalMilestoneType:Craft,Y,
item,/Game/PrimalEarth/CoreBlueprints/Items/Armor/Skin/PrimalItemSkin_Vday_SwimPants_OddCouple,PrimalItemSkin_Vday_SwimPants_OddCouple,PrimalItemSkin_Vday_SwimPants_OddCouple_C,N,N,Equipment,EPrimalItemType:Equipment; EPrimalMilestoneType:Craft,Y,
item,/Game/PrimalEarth/CoreBlueprints/Items/Armor/Skin/PrimalItemSkin_Vday_SwimPants_SauropodHeart,PrimalItemSkin_Vday_SwimPants_SauropodHeart,PrimalItemSkin_Vday_SwimPants_SauropodHeart_C,N,N,Equipment,EPrimalItemType:Equipment; EPrimalMilestoneType:Craft,Y,
item,/Game/PrimalEarth/CoreBlueprints/Items/Armor/Skin/PrimalItemSkin_Vday_SwimPants_SmallHearts,PrimalItemSkin_Vday_SwimPants_SmallHearts,PrimalItemSkin_Vday_SwimPants_SmallHearts_C,N,N,Equipment,EPrimalItemType:Equipment; EPrimalMilestoneType:Craft,Y,
item,/Game/PrimalEarth/CoreBlueprints/Items/Armor/Skin/PrimalItemSkin_Vday_SwimShirt_Bearhug,PrimalItemSkin_Vday_SwimShirt_Bearhug,PrimalItemSkin_Vday_SwimShirt_Bearhug_C,N,N,Equipment,EPrimalItemType:Equipment; EPrimalMilestoneType:Craft,Y,
item,/Game/PrimalEarth/CoreBlueprints/Items/Armor/Skin/PrimalItemSkin_Vday_SwimShirt_OddCouple,PrimalItemSkin_Vday_SwimShirt_OddCouple,PrimalItemSkin_Vday_SwimShirt_OddCouple_C,N,N,Equipment,EPrimalItemType:Equipment; EPrimalMilestoneType:Craft,Y,
item,/Game/PrimalEarth/CoreBlueprints/Items/Armor/Skin/PrimalItemSkin_Vday_SwimShirt_SauropodHeart,PrimalItemSkin_Vday_SwimShirt_SauropodHeart,PrimalItemSkin_Vday_SwimShirt_SauropodHeart_C,N,N,Equipment,EPrimalItemType:Equipment; EPrimalMilestoneType:Craft,Y,
item,/Game/PrimalEarth/CoreBlueprints/Items/Armor/Skin/PrimalItemSkin_Vday_SwimShirt_SmallHearts,PrimalItemSkin_Vday_SwimShirt_SmallHearts,PrimalItemSkin_Vday_SwimShirt_SmallHearts_C,N,N,Equipment,EPrimalItemType:Equipment; EPrimalMilestoneType:Craft,Y,
item,/Game/PrimalEarth/CoreBlueprints/Items/Armor/Skin/PrimalItemSkin_Vday_XmasSweater_CuddleRex,PrimalItemSkin_Vday_XmasSweater_CuddleRex,PrimalItemSkin_Vday_XmasSweater_CuddleRex_C,N,N,Equipment,EPrimalItemType:Equipment; EPrimalMilestoneType:Craft,Y,
item,/Game/PrimalEarth/CoreBlueprints/Items/Armor/Skin/PrimalItemSkin_WerewolfHat,PrimalItemSkin_WerewolfHat,PrimalItemSkin_WerewolfHat_C,N,N,Equipment,EPrimalItemType:Equipment; EPrimalMilestoneType:Craft,Y,
item,/Game/PrimalEarth/CoreBlueprints/Items/Armor/Skin/PrimalItemSkin_WinterGloves,PrimalItemSkin_WinterGloves,PrimalItemSkin_WinterGloves_C,N,N,Equipment,EPrimalItemType:Equipment; EPrimalMilestoneType:Craft,Y,
item,/Game/PrimalEarth/CoreBlueprints/Items/Armor/Skin/PrimalItemSkin_WitchHat,PrimalItemSkin_WitchHat,PrimalItemSkin_WitchHat_C,N,N,Equipment,EPrimalItemType:Equipment; EPrimalMilestoneType:Craft,Y,
item,/Game/PrimalEarth/CoreBlueprints/Items/Armor/Skin/PrimalItemSkin_WW_Nutcracker_Slingshot,PrimalItemSkin_WW_Nutcracker_Slingshot,PrimalItemSkin_WW_Nutcracker_Slingshot_C,N,N,Equipment,EPrimalItemType:Equipment; EPrimalMilestoneType:Craft,Y,
item,/Game/PrimalEarth/CoreBlueprints/Items/Armor/Skin/PrimalItemSkin_WW_ReindeerAntlersHat,PrimalItemSkin_WW_ReindeerAntlersHat,PrimalItemSkin_WW_ReindeerAntlersHat_C,N,N,Equipment,EPrimalItemType:Equipment; EPrimalMilestoneType:Craft,Y,
item,/Game/PrimalEarth/CoreBlueprints/Items/Armor/Skin/PrimalItemSkin_WW_SwimShirt_DinoOrnaments,PrimalItemSkin_WW_SwimShirt_DinoOrnaments,PrimalItemSkin_WW_SwimShirt_DinoOrnaments_C,N,N,Equipment,EPrimalItemType:Equipment; EPrimalMilestoneType:Craft,Y,
item,/Game/PrimalEarth/CoreBlueprints/Items/Armor/Skin/PrimalItemSkin_WW_SwimShirt_JerboaWreath,PrimalItemSkin_WW_SwimShirt_JerboaWreath,PrimalItemSkin_WW_SwimShirt_JerboaWreath_C,N,N,Equipment,EPrimalItemType:Equipment; EPrimalMilestoneType:Craft,Y,
item,/Game/PrimalEarth/CoreBlueprints/Items/Armor/Skin/PrimalItemSkin_WW_SwimShirt_Noglin,PrimalItemSkin_WW_SwimShirt_Noglin,PrimalItemSkin_WW_SwimShirt_Noglin_C,N,N,Equipment,EPrimalItemType:Equipment; EPrimalMilestoneType:Craft,Y,
item,/Game/PrimalEarth/CoreBlueprints/Items/Armor/Skin/PrimalItemSkin_WW_SwimShirt_Yeti,PrimalItemSkin_WW_SwimShirt_Yeti,PrimalItemSkin_WW_SwimShirt_Yeti_C,N,N,Equipment,EPrimalItemType:Equipment; EPrimalMilestoneType:Craft,Y,
item,/Game/PrimalEarth/CoreBlueprints/Items/Armor/Skin/PrimalItemSkin_WW_Underwear_DinoOrnaments,PrimalItemSkin_WW_Underwear_DinoOrnaments,PrimalItemSkin_WW_Underwear_DinoOrnaments_C,N,N,Equipment,EPrimalItemType:Equipment; EPrimalMilestoneType:Craft,Y,
item,/Game/PrimalEarth/CoreBlueprints/Items/Armor/Skin/PrimalItemSkin_WW_Underwear_JerboaWreath,PrimalItemSkin_WW_Underwear_JerboaWreath,PrimalItemSkin_WW_Underwear_JerboaWreath_C,N,N,Equipment,EPrimalItemType:Equipment; EPrimalMilestoneType:Craft,Y,
item,/Game/PrimalEarth/CoreBlueprints/Items/Armor/Skin/PrimalItemSkin_WW_Underwear_Noglin,PrimalItemSkin_WW_Underwear_Noglin,PrimalItemSkin_WW_Underwear_Noglin_C,N,N,Equipment,EPrimalItemType:Equipment; EPrimalMilestoneType:Craft,Y,
item,/Game/PrimalEarth/CoreBlueprints/Items/Armor/Skin/PrimalItemSkin_WW_Underwear_Yeti,PrimalItemSkin_WW_Underwear_Yeti,PrimalItemSkin_WW_Underwear_Yeti_C,N,N,Equipment,EPrimalItemType:Equipment; EPrimalMilestoneType:Craft,Y,
item,/Game/PrimalEarth/CoreBlueprints/Items/Armor/Skin/PrimalItemSkin_WW_WinterHatA,PrimalItemSkin_WW_WinterHatA,PrimalItemSkin_WW_WinterHatA_C,N,N,Equipment,EPrimalItemType:Equipment; EPrimalMilestoneType:Craft,Y,
item,/Game/PrimalEarth/CoreBlueprints/Items/Armor/Skin/PrimalItemSkin_WW_WinterHatB,PrimalItemSkin_WW_WinterHatB,PrimalItemSkin_WW_WinterHatB_C,N,N,Equipment,EPrimalItemType:Equipment; EPrimalMilestoneType:Craft,Y,
item,/Game/PrimalEarth/CoreBlueprints/Items/Armor/Skin/PrimalItemSkin_WW_WinterHatC,PrimalItemSkin_WW_WinterHatC,PrimalItemSkin_WW_WinterHatC_C,N,N,Equipment,EPrimalItemType:Equipment; EPrimalMilestoneType:Craft,Y,
item,/Game/PrimalEarth/CoreBlueprints/Items/Armor/Skin/PrimalItemSkin_WW_WinterHatD,PrimalItemSkin_WW_WinterHatD,PrimalItemSkin_WW_WinterHatD_C,N,N,Equipment,EPrimalItemType:Equipment; EPrimalMilestoneType:Craft,Y,
item,/Game/PrimalEarth/CoreBlueprints/Items/Armor/Skin/PrimalItemSkin_WW_WinterHatE,PrimalItemSkin_WW_WinterHatE,PrimalItemSkin_WW_WinterHatE_C,N,N,Equipment,EPrimalItemType:Equipment; EPrimalMilestoneType:Craft,Y,
item,/Game/PrimalEarth/CoreBlueprints/Items/Armor/Skin/PrimalItemSkin_WW_WinterHatF,PrimalItemSkin_WW_WinterHatF,PrimalItemSkin_WW_WinterHatF_C,N,N,Equipment,EPrimalItemType:Equipment; EPrimalMilestoneType:Craft,Y,
item,/Game/PrimalEarth/CoreBlueprints/Items/Armor/Skin/PrimalItemSkin_WW_WinterHatG,PrimalItemSkin_WW_WinterHatG,PrimalItemSkin_WW_WinterHatG_C,N,N,Equipment,EPrimalItemType:Equipment; EPrimalMilestoneType:Craft,Y,
item,/Game/PrimalEarth/CoreBlueprints/Items/Armor/Skin/PrimalItemSkin_WW_WinterHatH,PrimalItemSkin_WW_WinterHatH,PrimalItemSkin_WW_WinterHatH_C,N,N,Equipment,EPrimalItemType:Equipment; EPrimalMilestoneType:Craft,Y,
item,/Game/PrimalEarth/CoreBlueprints/Items/Armor/Skin/PrimalItemSkin_WW_WinterHatI,PrimalItemSkin_WW_WinterHatI,PrimalItemSkin_WW_WinterHatI_C,N,N,Equipment,EPrimalItemType:Equipment; EPrimalMilestoneType:Craft,Y,
item,/Game/PrimalEarth/CoreBlueprints/Items/Armor/Skin/PrimalItemSkin_WW_WinterHatJ,PrimalItemSkin_WW_WinterHatJ,PrimalItemSkin_WW_WinterHatJ_C,N,N,Equipment,EPrimalItemType:Equipment; EPrimalMilestoneType:Craft,Y,
item,/Game/PrimalEarth/CoreBlueprints/Items/Armor/Skin/PrimalItemSkin_WW_Xmas_Bola,PrimalItemSkin_WW_Xmas_Bola,PrimalItemSkin_WW_Xmas_Bola_C,N,N,Equipment,EPrimalItemType:Equipment; EPrimalMilestoneType:Craft,Y,
item,/Game/PrimalEarth/CoreBlueprints/Items/Armor/Skin/PrimalItemSkin_WW_XmasSweater_Bulbdog,PrimalItemSkin_WW_XmasSweater_Bulbdog,PrimalItemSkin_WW_XmasSweater_Bulbdog_C,N,N,Equipment,EPrimalItemType:Equipment; EPrimalMilestoneType:Craft,Y,
item,/Game/PrimalEarth/CoreBlueprints/Items/Armor/Skin/PrimalItemSkin_WW_XmasSweater_Carolers,PrimalItemSkin_WW_XmasSweater_Carolers,PrimalItemSkin_WW_XmasSweater_Carolers_C,N,N,Equipment,EPrimalItemType:Equipment; EPrimalMilestoneType:Craft,Y,
item,/Game/PrimalEarth/CoreBlueprints/Items/Armor/Skin/PrimalItemSkin_WW_XmasSweater_Noglin,PrimalItemSkin_WW_XmasSweater_Noglin,PrimalItemSkin_WW_XmasSweater_Noglin_C,N,N,Equipment,EPrimalItemType:Equipment; EPrimalMilestoneType:Craft,Y,
item,/Game/PrimalEarth/CoreBlueprints/Items/Armor/Skin/PrimalItemSkin_WW_XmasSweater_RaptorClaws,PrimalItemSkin_WW_XmasSweater_RaptorClaws,PrimalItemSkin_WW_XmasSweater_RaptorClaws_C,N,N,Equipment,EPrimalItemType:Equipment; EPrimalMilestoneType:Craft,Y,
item,/Game/PrimalEarth/CoreBlueprints/Items/Armor/Skin/PrimalItemSkin_WW_XmasSweater_Rex,PrimalItemSkin_WW_XmasSweater_Rex,PrimalItemSkin_WW_XmasSweater_Rex_C,N,N,Equipment,EPrimalItemType:Equipment; EPrimalMilestoneType:Craft,Y,
item,/Game/PrimalEarth/CoreBlueprints/Items/Armor/Skin/PrimalItemSkin_WW_XmasSweater_Rockwell,PrimalItemSkin_WW_XmasSweater_Rockwell,PrimalItemSkin_WW_XmasSweater_Rockwell_C,N,N,Equipment,EPrimalItemType:Equipment; EPrimalMilestoneType:Craft,Y,
item,/Game/PrimalEarth/CoreBlueprints/Items/Armor/Skin/PrimalItemSkin_WW_XmasSweaterBronto,PrimalItemSkin_WW_XmasSweaterBronto,PrimalItemSkin_WW_XmasSweaterBronto_C,N,N,Equipment,EPrimalItemType:Equipment; EPrimalMilestoneType:Craft,Y,
item,/Game/PrimalEarth/CoreBlueprints/Items/Armor/Skin/PrimalItemSkin_WW_XmasSweaterCarno,PrimalItemSkin_WW_XmasSweaterCarno,PrimalItemSkin_WW_XmasSweaterCarno_C,N,N,Equipment,EPrimalItemType:Equipment; EPrimalMilestoneType:Craft,Y,
item,/Game/PrimalEarth/CoreBlueprints/Items/Armor/Skin/PrimalItemSkin_WW_XmasSweaterChibi,PrimalItemSkin_WW_XmasSweaterChibi,PrimalItemSkin_WW_XmasSweaterChibi_C,N,N,Equipment,EPrimalItemType:Equipment; EPrimalMilestoneType:Craft,Y,
item,/Game/PrimalEarth/CoreBlueprints/Items/Armor/Skin/PrimalItemSkin_WyvernGloves,PrimalItemSkin_WyvernGloves,PrimalItemSkin_WyvernGloves_C,N,N,Equipment,EPrimalItemType:Equipment; EPrimalMilestoneType:Craft,Y,
item,/Game/PrimalEarth/CoreBlueprints/Items/Armor/TEK/PrimalItemArmor_TekBoots,PrimalItemArmor_TekBoots,PrimalItemArmor_TekBoots_C,Y,N,Equipment,EPrimalItemType:Equipment; EPrimalMilestoneType:Craft,Y,
item,/Game/PrimalEarth/CoreBlueprints/Items/Armor/TEK/PrimalItemArmor_TekGloves,PrimalItemArmor_TekGloves,PrimalItemArmor_TekGloves_C,Y,N,Equipment,EPrimalItemType:Equipment; EPrimalMilestoneType:Craft,Y,
item,/Game/PrimalEarth/CoreBlueprints/Items/Armor/TEK/PrimalItemArmor_TekHelmet,PrimalItemArmor_TekHelmet,PrimalItemArmor_TekHelmet_C,Y,N,Equipment,EPrimalItemType:Equipment; EPrimalMilestoneType:Craft,Y,
item,/Game/PrimalEarth/CoreBlueprints/Items/Armor/TEK/PrimalItemArmor_TekPants,PrimalItemArmor_TekPants,PrimalItemArmor_TekPants_C,Y,N,Equipment,EPrimalItemType:Equipment; EPrimalMilestoneType:Craft,Y,
item,/Game/PrimalEarth/CoreBlueprints/Items/Armor/TEK/PrimalItemArmor_TekShirt,PrimalItemArmor_TekShirt,PrimalItemArmor_TekShirt_C,Y,N,Equipment,EPrimalItemType:Equipment; EPrimalMilestoneType:Craft,Y,
item,/Game/PrimalEarth/CoreBlueprints/Items/Artifacts/PrimalItem_Bonus,PrimalItem_Bonus,PrimalItem_Bonus_C,N,N,Artifact,EPrimalItemType:Artifact; EPrimalMilestoneType:Craft,Y,
item,/Game/PrimalEarth/CoreBlueprints/Items/Artifacts/PrimalItem_Bonus2,PrimalItem_Bonus2,PrimalItem_Bonus2_C,N,N,Artifact,EPrimalItemType:Artifact; EPrimalMilestoneType:Craft,Y,
item,/Game/PrimalEarth/CoreBlueprints/Items/Artifacts/PrimalItemArtifact,PrimalItemArtifact,PrimalItemArtifact_C,N,N,Artifact,EPrimalItemType:Artifact; EPrimalMilestoneType:Craft,Y,
item,/Game/PrimalEarth/CoreBlueprints/Items/Artifacts/PrimalItemArtifact_01,PrimalItemArtifact_01,PrimalItemArtifact_01_C,N,N,Artifact,EPrimalItemType:Artifact; EPrimalMilestoneType:Craft,Y,
item,/Game/PrimalEarth/CoreBlueprints/Items/Artifacts/PrimalItemArtifact_02,PrimalItemArtifact_02,PrimalItemArtifact_02_C,N,N,Artifact,EPrimalItemType:Artifact; EPrimalMilestoneType:Craft,Y,
item,/Game/PrimalEarth/CoreBlueprints/Items/Artifacts/PrimalItemArtifact_03,PrimalItemArtifact_03,PrimalItemArtifact_03_C,N,N,Artifact,EPrimalItemType:Artifact; EPrimalMilestoneType:Craft,Y,
item,/Game/PrimalEarth/CoreBlueprints/Items/Artifacts/PrimalItemArtifact_04,PrimalItemArtifact_04,PrimalItemArtifact_04_C,N,N,Artifact,EPrimalItemType:Artifact; EPrimalMilestoneType:Craft,Y,
item,/Game/PrimalEarth/CoreBlueprints/Items/Artifacts/PrimalItemArtifact_05,PrimalItemArtifact_05,PrimalItemArtifact_05_C,N,N,Artifact,EPrimalItemType:Artifact; EPrimalMilestoneType:Craft,Y,
item,/Game/PrimalEarth/CoreBlueprints/Items/Artifacts/PrimalItemArtifact_06,PrimalItemArtifact_06,PrimalItemArtifact_06_C,N,N,Artifact,EPrimalItemType:Artifact; EPrimalMilestoneType:Craft,Y,
item,/Game/PrimalEarth/CoreBlueprints/Items/Artifacts/PrimalItemArtifact_07,PrimalItemArtifact_07,PrimalItemArtifact_07_C,N,N,Artifact,EPrimalItemType:Artifact; EPrimalMilestoneType:Craft,Y,
item,/Game/PrimalEarth/CoreBlueprints/Items/Artifacts/PrimalItemArtifact_08,PrimalItemArtifact_08,PrimalItemArtifact_08_C,N,N,Artifact,EPrimalItemType:Artifact; EPrimalMilestoneType:Craft,Y,
item,/Game/PrimalEarth/CoreBlueprints/Items/Artifacts/PrimalItemArtifact_09,PrimalItemArtifact_09,PrimalItemArtifact_09_C,N,N,Artifact,EPrimalItemType:Artifact; EPrimalMilestoneType:Craft,Y,
item,/Game/PrimalEarth/CoreBlueprints/Items/Artifacts/PrimalItemArtifactAB,PrimalItemArtifactAB,PrimalItemArtifactAB_C,N,N,Artifact,EPrimalItemType:Artifact; EPrimalMilestoneType:Craft,Y,
item,/Game/PrimalEarth/CoreBlueprints/Items/Artifacts/PrimalItemArtifactSE_01,PrimalItemArtifactSE_01,PrimalItemArtifactSE_01_C,N,N,Artifact,EPrimalItemType:Artifact; EPrimalMilestoneType:Craft,Y,
item,/Game/PrimalEarth/CoreBlueprints/Items/Artifacts/PrimalItemArtifactSE_02,PrimalItemArtifactSE_02,PrimalItemArtifactSE_02_C,N,N,Artifact,EPrimalItemType:Artifact; EPrimalMilestoneType:Craft,Y,
item,/Game/PrimalEarth/CoreBlueprints/Items/Artifacts/PrimalItemArtifactSE_03,PrimalItemArtifactSE_03,PrimalItemArtifactSE_03_C,N,N,Artifact,EPrimalItemType:Artifact; EPrimalMilestoneType:Craft,Y,
item,/Game/PrimalEarth/CoreBlueprints/Items/Consumables/BaseBPs/PrimalItemConsumable_CureLow,PrimalItemConsumable_CureLow,PrimalItemConsumable_CureLow_C,Y,N,MiscConsumable,EPrimalItemType:MiscConsumable; EPrimalMilestoneType:Craft,Y,
item,/Game/PrimalEarth/CoreBlueprints/Items/Consumables/BaseBPs/PrimalItemConsumable_WyvernMilk,PrimalItemConsumable_WyvernMilk,PrimalItemConsumable_WyvernMilk_C,Y,N,MiscConsumable,EPrimalItemType:MiscConsumable; EPrimalMilestoneType:Craft,Y,
item,/Game/PrimalEarth/CoreBlueprints/Items/Consumables/BaseBPs/PrimalItemConsumableBuff_Parachute,PrimalItemConsumableBuff_Parachute,PrimalItemConsumableBuff_Parachute_C,Y,N,MiscConsumable,EPrimalItemType:MiscConsumable; EPrimalMilestoneType:Craft,Y,
item,/Game/PrimalEarth/CoreBlueprints/Items/Consumables/BaseBPs/PrimalItemConsumableMiracleGro,PrimalItemConsumableMiracleGro,PrimalItemConsumableMiracleGro_C,Y,N,MiscConsumable,EPrimalItemType:MiscConsumable; EPrimalMilestoneType:Craft,Y,
item,/Game/PrimalEarth/CoreBlueprints/Items/Consumables/BaseBPs/PrimalItemConsumablePoop,PrimalItemConsumablePoop,PrimalItemConsumablePoop_C,N,N,MiscConsumable,EPrimalItemType:MiscConsumable; EPrimalMilestoneType:Craft,Y,
item,/Game/PrimalEarth/CoreBlueprints/Items/Consumables/BaseBPs/PrimalItemConsumableRespecSoup,PrimalItemConsumableRespecSoup,PrimalItemConsumableRespecSoup_C,Y,N,MiscConsumable,EPrimalItemType:MiscConsumable; EPrimalMilestoneType:Craft,Y,
item,/Game/PrimalEarth/CoreBlueprints/Items/Consumables/BaseBPs/PrimalItemConsumableSoap,PrimalItemConsumableSoap,PrimalItemConsumableSoap_C,Y,N,MiscConsumable,EPrimalItemType:MiscConsumable; EPrimalMilestoneType:Craft,Y,
item,/Game/PrimalEarth/CoreBlueprints/Items/Consumables/CakeSlices/PrimalItemConsumable_CakeSlice_Breeding,PrimalItemConsumable_CakeSlice_Breeding,PrimalItemConsumable_CakeSlice_Breeding_C,N,N,MiscConsumable,EPrimalItemType:MiscConsumable; EPrimalMilestoneType:Craft,Y,
item,/Game/PrimalEarth/CoreBlueprints/Items/Consumables/CakeSlices/PrimalItemConsumable_CakeSlice_Experience,PrimalItemConsumable_CakeSlice_Experience,PrimalItemConsumable_CakeSlice_Experience_C,N,N,MiscConsumable,EPrimalItemType:MiscConsumable; EPrimalMilestoneType:Craft,Y,
item,/Game/PrimalEarth/CoreBlueprints/Items/Consumables/CakeSlices/PrimalItemConsumable_CakeSlice_Harvest,PrimalItemConsumable_CakeSlice_Harvest,PrimalItemConsumable_CakeSlice_Harvest_C,N,N,MiscConsumable,EPrimalItemType:MiscConsumable; EPrimalMilestoneType:Craft,Y,
item,/Game/PrimalEarth/CoreBlueprints/Items/Consumables/CakeSlices/PrimalItemConsumable_CakeSlice_Imprint,PrimalItemConsumable_CakeSlice_Imprint,PrimalItemConsumable_CakeSlice_Imprint_C,N,N,MiscConsumable,EPrimalItemType:MiscConsumable; EPrimalMilestoneType:Craft,Y,
item,/Game/PrimalEarth/CoreBlueprints/Items/Consumables/CakeSlices/PrimalItemConsumable_CakeSlice_Taming,PrimalItemConsumable_CakeSlice_Taming,PrimalItemConsumable_CakeSlice_Taming_C,N,N,MiscConsumable,EPrimalItemType:MiscConsumable; EPrimalMilestoneType:Craft,Y,
item,/Game/PrimalEarth/CoreBlueprints/Items/Consumables/Emotes/Craftables/PrimalItemConsumable_UnlockEmote_DJ_Craftable,PrimalItemConsumable_UnlockEmote_DJ_Craftable,PrimalItemConsumable_UnlockEmote_DJ_Craftable_C,N,N,MiscConsumable,EPrimalItemType:MiscConsumable; EPrimalMilestoneType:Craft,Y,
item,/Game/PrimalEarth/CoreBlueprints/Items/Consumables/Emotes/Craftables/PrimalItemConsumable_UnlockEmote_Rave_Craftable,PrimalItemConsumable_UnlockEmote_Rave_Craftable,PrimalItemConsumable_UnlockEmote_Rave_Craftable_C,N,N,MiscConsumable,EPrimalItemType:MiscConsumable; EPrimalMilestoneType:Craft,Y,
item,/Game/PrimalEarth/CoreBlueprints/Items/Consumables/Emotes/PrimalItemConsumable_UnlockEmote_BunnyHops,PrimalItemConsumable_UnlockEmote_BunnyHops,PrimalItemConsumable_UnlockEmote_BunnyHops_C,N,N,MiscConsumable,EPrimalItemType:MiscConsumable; EPrimalMilestoneType:Craft,Y,
item,/Game/PrimalEarth/CoreBlueprints/Items/Consumables/Emotes/PrimalItemConsumable_UnlockEmote_Caroling,PrimalItemConsumable_UnlockEmote_Caroling,PrimalItemConsumable_UnlockEmote_Caroling_C,N,N,MiscConsumable,EPrimalItemType:MiscConsumable; EPrimalMilestoneType:Craft,Y,
item,/Game/PrimalEarth/CoreBlueprints/Items/Consumables/Emotes/PrimalItemConsumable_UnlockEmote_DJ,PrimalItemConsumable_UnlockEmote_DJ,PrimalItemConsumable_UnlockEmote_DJ_C,N,N,MiscConsumable,EPrimalItemType:MiscConsumable; EPrimalMilestoneType:Craft,Y,
item,/Game/PrimalEarth/CoreBlueprints/Items/Consumables/Emotes/PrimalItemConsumable_UnlockEmote_FE_Howl,PrimalItemConsumable_UnlockEmote_FE_Howl,PrimalItemConsumable_UnlockEmote_FE_Howl_C,N,N,MiscConsumable,EPrimalItemType:MiscConsumable; EPrimalMilestoneType:Craft,Y,
item,/Game/PrimalEarth/CoreBlueprints/Items/Consumables/Emotes/PrimalItemConsumable_UnlockEmote_FE_Sniff,PrimalItemConsumable_UnlockEmote_FE_Sniff,PrimalItemConsumable_UnlockEmote_FE_Sniff_C,N,N,MiscConsumable,EPrimalItemType:MiscConsumable; EPrimalMilestoneType:Craft,Y,
item,/Game/PrimalEarth/CoreBlueprints/Items/Consumables/Emotes/PrimalItemConsumable_UnlockEmote_FlowerToss,PrimalItemConsumable_UnlockEmote_FlowerToss,PrimalItemConsumable_UnlockEmote_FlowerToss_C,N,N,MiscConsumable,EPrimalItemType:MiscConsumable; EPrimalMilestoneType:Craft,Y,
item,/Game/PrimalEarth/CoreBlueprints/Items/Consumables/Emotes/PrimalItemConsumable_UnlockEmote_Gesture,PrimalItemConsumable_UnlockEmote_Gesture,PrimalItemConsumable_UnlockEmote_Gesture_C,N,N,MiscConsumable,EPrimalItemType:MiscConsumable; EPrimalMilestoneType:Craft,Y,
item,/Game/PrimalEarth/CoreBlueprints/Items/Consumables/Emotes/PrimalItemConsumable_UnlockEmote_JollyJump,PrimalItemConsumable_UnlockEmote_JollyJump,PrimalItemConsumable_UnlockEmote_JollyJump_C,N,N,MiscConsumable,EPrimalItemType:MiscConsumable; EPrimalMilestoneType:Craft,Y,
item,/Game/PrimalEarth/CoreBlueprints/Items/Consumables/Emotes/PrimalItemConsumable_UnlockEmote_Rave,PrimalItemConsumable_UnlockEmote_Rave,PrimalItemConsumable_UnlockEmote_Rave_C,N,N,MiscConsumable,EPrimalItemType:MiscConsumable; EPrimalMilestoneType:Craft,Y,
item,/Game/PrimalEarth/CoreBlueprints/Items/Consumables/Emotes/PrimalItemConsumable_UnlockEmote_SelfHug,PrimalItemConsumable_UnlockEmote_SelfHug,PrimalItemConsumable_UnlockEmote_SelfHug_C,N,N,MiscConsumable,EPrimalItemType:MiscConsumable; EPrimalMilestoneType:Craft,Y,
item,/Game/PrimalEarth/CoreBlueprints/Items/Consumables/Emotes/PrimalItemConsumable_UnlockEmote_Shiver,PrimalItemConsumable_UnlockEmote_Shiver,PrimalItemConsumable_UnlockEmote_Shiver_C,N,N,MiscConsumable,EPrimalItemType:MiscConsumable; EPrimalMilestoneType:Craft,Y,
item,/Game/PrimalEarth/CoreBlueprints/Items/Consumables/Emotes/PrimalItemConsumable_UnlockEmote_SnowAngel,PrimalItemConsumable_UnlockEmote_SnowAngel,PrimalItemConsumable_UnlockEmote_SnowAngel_C,N,N,MiscConsumable,EPrimalItemType:MiscConsumable; EPrimalMilestoneType:Craft,Y,
item,/Game/PrimalEarth/CoreBlueprints/Items/Consumables/Emotes/PrimalItemConsumable_UnlockEmote_Touchdown,PrimalItemConsumable_UnlockEmote_Touchdown,PrimalItemConsumable_UnlockEmote_Touchdown_C,N,N,MiscConsumable,EPrimalItemType:MiscConsumable; EPrimalMilestoneType:Craft,Y,
item,/Game/PrimalEarth/CoreBlueprints/Items/Consumables/PrimalItemConsumable_BeerJar,PrimalItemConsumable_BeerJar,PrimalItemConsumable_BeerJar_C,Y,N,MiscConsumable,EPrimalItemType:MiscConsumable; EPrimalMilestoneType:Craft,Y,
item,/Game/PrimalEarth/CoreBlueprints/Items/Consumables/PrimalItemConsumable_BeerJarAlt,PrimalItemConsumable_BeerJarAlt,PrimalItemConsumable_BeerJarAlt_C,Y,N,MiscConsumable,EPrimalItemType:MiscConsumable; EPrimalMilestoneType:Craft,Y,
item,/Game/PrimalEarth/CoreBlueprints/Items/Consumables/PrimalItemConsumable_Berry_Amarberry,PrimalItemConsumable_Berry_Amarberry,PrimalItemConsumable_Berry_Amarberry_C,Y,N,MiscConsumable,EPrimalItemType:MiscConsumable; EPrimalMilestoneType:Craft,Y,
item,/Game/PrimalEarth/CoreBlueprints/Items/Consumables/PrimalItemConsumable_Berry_Azulberry,PrimalItemConsumable_Berry_Azulberry,PrimalItemConsumable_Berry_Azulberry_C,Y,N,MiscConsumable,EPrimalItemType:MiscConsumable; EPrimalMilestoneType:Craft,Y,
item,/Game/PrimalEarth/CoreBlueprints/Items/Consumables/PrimalItemConsumable_Berry_Cianberry,PrimalItemConsumable_Berry_Cianberry,PrimalItemConsumable_Berry_Cianberry_C,Y,N,MiscConsumable,EPrimalItemType:MiscConsumable; EPrimalMilestoneType:Craft,Y,
item,/Game/PrimalEarth/CoreBlueprints/Items/Consumables/PrimalItemConsumable_Berry_Magenberry,PrimalItemConsumable_Berry_Magenberry,PrimalItemConsumable_Berry_Magenberry_C,Y,N,MiscConsumable,EPrimalItemType:MiscConsumable; EPrimalMilestoneType:Craft,Y,
item,/Game/PrimalEarth/CoreBlueprints/Items/Consumables/PrimalItemConsumable_Berry_Mejoberry,PrimalItemConsumable_Berry_Mejoberry,PrimalItemConsumable_Berry_Mejoberry_C,Y,N,MiscConsumable,EPrimalItemType:MiscConsumable; EPrimalMilestoneType:Craft,Y,
item,/Game/PrimalEarth/CoreBlueprints/Items/Consumables/PrimalItemConsumable_Berry_Narcoberry,PrimalItemConsumable_Berry_Narcoberry,PrimalItemConsumable_Berry_Narcoberry_C,N,N,MiscConsumable,EPrimalItemType:MiscConsumable; EPrimalMilestoneType:Craft,Y,
item,/Game/PrimalEarth/CoreBlueprints/Items/Consumables/PrimalItemConsumable_Berry_Stimberry,PrimalItemConsumable_Berry_Stimberry,PrimalItemConsumable_Berry_Stimberry_C,N,N,MiscConsumable,EPrimalItemType:MiscConsumable; EPrimalMilestoneType:Craft,Y,
item,/Game/PrimalEarth/CoreBlueprints/Items/Consumables/PrimalItemConsumable_Berry_Tintoberry,PrimalItemConsumable_Berry_Tintoberry,PrimalItemConsumable_Berry_Tintoberry_C,Y,N,MiscConsumable,EPrimalItemType:MiscConsumable; EPrimalMilestoneType:Craft,Y,
item,/Game/PrimalEarth/CoreBlueprints/Items/Consumables/PrimalItemConsumable_Berry_Verdberry,PrimalItemConsumable_Berry_Verdberry,PrimalItemConsumable_Berry_Verdberry_C,Y,N,MiscConsumable,EPrimalItemType:MiscConsumable; EPrimalMilestoneType:Craft,Y,
item,/Game/PrimalEarth/CoreBlueprints/Items/Consumables/PrimalItemConsumable_BloodPack,PrimalItemConsumable_BloodPack,PrimalItemConsumable_BloodPack_C,Y,N,MiscConsumable,EPrimalItemType:MiscConsumable; EPrimalMilestoneType:Craft,Y,
item,/Game/PrimalEarth/CoreBlueprints/Items/Consumables/PrimalItemConsumable_BugRepellant,PrimalItemConsumable_BugRepellant,PrimalItemConsumable_BugRepellant_C,Y,N,MiscConsumable,EPrimalItemType:MiscConsumable; EPrimalMilestoneType:Craft,Y,
item,/Game/PrimalEarth/CoreBlueprints/Items/Consumables/PrimalItemConsumable_CactusBuffSoup,PrimalItemConsumable_CactusBuffSoup,PrimalItemConsumable_CactusBuffSoup_C,Y,N,MiscConsumable,EPrimalItemType:MiscConsumable; EPrimalMilestoneType:Craft,Y,
item,/Game/PrimalEarth/CoreBlueprints/Items/Consumables/PrimalItemConsumable_CanteenCraftable,PrimalItemConsumable_CanteenCraftable,PrimalItemConsumable_CanteenCraftable_C,Y,N,MiscConsumable,EPrimalItemType:MiscConsumable; EPrimalMilestoneType:Craft,Y,
item,/Game/PrimalEarth/CoreBlueprints/Items/Consumables/PrimalItemConsumable_CanteenRefill,PrimalItemConsumable_CanteenRefill,PrimalItemConsumable_CanteenRefill_C,Y,N,MiscConsumable,EPrimalItemType:MiscConsumable; EPrimalMilestoneType:Craft,Y,
item,/Game/PrimalEarth/CoreBlueprints/Items/Consumables/PrimalItemConsumable_CookedLambChop,PrimalItemConsumable_CookedLambChop,PrimalItemConsumable_CookedLambChop_C,Y,N,MiscConsumable,EPrimalItemType:MiscConsumable; EPrimalMilestoneType:Craft,Y,
item,/Game/PrimalEarth/CoreBlueprints/Items/Consumables/PrimalItemConsumable_CookedMeat,PrimalItemConsumable_CookedMeat,PrimalItemConsumable_CookedMeat_C,Y,N,MiscConsumable,EPrimalItemType:MiscConsumable; EPrimalMilestoneType:Craft,Y,
item,/Game/PrimalEarth/CoreBlueprints/Items/Consumables/PrimalItemConsumable_CookedMeat_Fish,PrimalItemConsumable_CookedMeat_Fish,PrimalItemConsumable_CookedMeat_Fish_C,Y,N,MiscConsumable,EPrimalItemType:MiscConsumable; EPrimalMilestoneType:Craft,Y,
item,/Game/PrimalEarth/CoreBlueprints/Items/Consumables/PrimalItemConsumable_CookedMeat_Jerky,PrimalItemConsumable_CookedMeat_Jerky,PrimalItemConsumable_CookedMeat_Jerky_C,Y,N,MiscConsumable,EPrimalItemType:MiscConsumable; EPrimalMilestoneType:Craft,Y,
item,/Game/PrimalEarth/CoreBlueprints/Items/Consumables/PrimalItemConsumable_CookedPrimeMeat,PrimalItemConsumable_CookedPrimeMeat,PrimalItemConsumable_CookedPrimeMeat_C,Y,N,MiscConsumable,EPrimalItemType:MiscConsumable; EPrimalMilestoneType:Craft,Y,
item,/Game/PrimalEarth/CoreBlueprints/Items/Consumables/PrimalItemConsumable_CookedPrimeMeat_Fish,PrimalItemConsumable_CookedPrimeMeat_Fish,PrimalItemConsumable_CookedPrimeMeat_Fish_C,Y,N,MiscConsumable,EPrimalItemType:MiscConsumable; EPrimalMilestoneType:Craft,Y,
item,/Game/PrimalEarth/CoreBlueprints/Items/Consumables/PrimalItemConsumable_CookedPrimeMeat_Jerky,PrimalItemConsumable_CookedPrimeMeat_Jerky,PrimalItemConsumable_CookedPrimeMeat_Jerky_C,Y,N,MiscConsumable,EPrimalItemType:MiscConsumable; EPrimalMilestoneType:Craft,Y,
item,/Game/PrimalEarth/CoreBlueprints/Items/Consumables/PrimalItemConsumable_Craftable_FourthOfJulyDinoCandy,PrimalItemConsumable_Craftable_FourthOfJulyDinoCandy,PrimalItemConsumable_Craftable_FourthOfJulyDinoCandy_C,N,N,MiscConsumable,EPrimalItemType:MiscConsumable; EPrimalMilestoneType:Craft,Y,
item,/Game/PrimalEarth/CoreBlueprints/Items/Consumables/PrimalItemConsumable_Crafted_AnniversaryCandy,PrimalItemConsumable_Crafted_AnniversaryCandy,PrimalItemConsumable_Crafted_AnniversaryCandy_C,N,N,MiscConsumable,EPrimalItemType:MiscConsumable; EPrimalMilestoneType:Craft,Y,
item,/Game/PrimalEarth/CoreBlueprints/Items/Consumables/PrimalItemConsumable_Crafted_FourthOfJulyDinoCandy,PrimalItemConsumable_Crafted_FourthOfJulyDinoCandy,PrimalItemConsumable_Crafted_FourthOfJulyDinoCandy_C,N,N,MiscConsumable,EPrimalItemType:MiscConsumable; EPrimalMilestoneType:Craft,Y,
item,/Game/PrimalEarth/CoreBlueprints/Items/Consumables/PrimalItemConsumable_DinoPoop,PrimalItemConsumable_DinoPoop,PrimalItemConsumable_DinoPoop_C,N,N,MiscConsumable,EPrimalItemType:MiscConsumable; EPrimalMilestoneType:Craft,Y,
item,/Game/PrimalEarth/CoreBlueprints/Items/Consumables/PrimalItemConsumable_DinoPoopLarge,PrimalItemConsumable_DinoPoopLarge,PrimalItemConsumable_DinoPoopLarge_C,Y,N,MiscConsumable,EPrimalItemType:MiscConsumable; EPrimalMilestoneType:Craft,Y,
item,/Game/PrimalEarth/CoreBlueprints/Items/Consumables/PrimalItemConsumable_DinoPoopMassive,PrimalItemConsumable_DinoPoopMassive,PrimalItemConsumable_DinoPoopMassive_C,N,N,MiscConsumable,EPrimalItemType:MiscConsumable; EPrimalMilestoneType:Craft,Y,
item,/Game/PrimalEarth/CoreBlueprints/Items/Consumables/PrimalItemConsumable_DinoPoopMedium,PrimalItemConsumable_DinoPoopMedium,PrimalItemConsumable_DinoPoopMedium_C,N,N,MiscConsumable,EPrimalItemType:MiscConsumable; EPrimalMilestoneType:Craft,Y,
item,/Game/PrimalEarth/CoreBlueprints/Items/Consumables/PrimalItemConsumable_DinoPoopMedium_OnFire,PrimalItemConsumable_DinoPoopMedium_OnFire,PrimalItemConsumable_DinoPoopMedium_OnFire_C,N,N,MiscConsumable,EPrimalItemType:MiscConsumable; EPrimalMilestoneType:Craft,Y,
item,/Game/PrimalEarth/CoreBlueprints/Items/Consumables/PrimalItemConsumable_DinoPoopSmall,PrimalItemConsumable_DinoPoopSmall,PrimalItemConsumable_DinoPoopSmall_C,N,N,MiscConsumable,EPrimalItemType:MiscConsumable; EPrimalMilestoneType:Craft,Y,
item,/Game/PrimalEarth/CoreBlueprints/Items/Consumables/PrimalItemConsumable_Egg,PrimalItemConsumable_Egg,PrimalItemConsumable_Egg_C,N,N,MiscConsumable,EPrimalItemType:MiscConsumable; EPrimalMilestoneType:Craft,Y,
item,/Game/PrimalEarth/CoreBlueprints/Items/Consumables/PrimalItemConsumable_FE_Crafted_CandyCorn,PrimalItemConsumable_FE_Crafted_CandyCorn,PrimalItemConsumable_FE_Crafted_CandyCorn_C,N,N,MiscConsumable,EPrimalItemType:MiscConsumable; EPrimalMilestoneType:Craft,Y,
item,/Game/PrimalEarth/CoreBlueprints/Items/Consumables/PrimalItemConsumable_Fertilizer_Compost,PrimalItemConsumable_Fertilizer_Compost,PrimalItemConsumable_Fertilizer_Compost_C,Y,N,MiscConsumable,EPrimalItemType:MiscConsumable; EPrimalMilestoneType:Craft,Y,
item,/Game/PrimalEarth/CoreBlueprints/Items/Consumables/PrimalItemConsumable_FestiveDinoCandy,PrimalItemConsumable_FestiveDinoCandy,PrimalItemConsumable_FestiveDinoCandy_C,N,N,MiscConsumable,EPrimalItemType:MiscConsumable; EPrimalMilestoneType:Craft,Y,
item,/Game/PrimalEarth/CoreBlueprints/Items/Consumables/PrimalItemConsumable_HealSoup,PrimalItemConsumable_HealSoup,PrimalItemConsumable_HealSoup_C,Y,N,MiscConsumable,EPrimalItemType:MiscConsumable; EPrimalMilestoneType:Craft,Y,
item,/Game/PrimalEarth/CoreBlueprints/Items/Consumables/PrimalItemConsumable_Honey,PrimalItemConsumable_Honey,PrimalItemConsumable_Honey_C,Y,N,MiscConsumable,EPrimalItemType:MiscConsumable; EPrimalMilestoneType:Craft,Y,
item,/Game/PrimalEarth/CoreBlueprints/Items/Consumables/PrimalItemConsumable_HumanPoop,PrimalItemConsumable_HumanPoop,PrimalItemConsumable_HumanPoop_C,N,N,MiscConsumable,EPrimalItemType:MiscConsumable; EPrimalMilestoneType:Craft,Y,
item,/Game/PrimalEarth/CoreBlueprints/Items/Consumables/PrimalItemConsumable_IcedCanteen,PrimalItemConsumable_IcedCanteen,PrimalItemConsumable_IcedCanteen_C,Y,N,MiscConsumable,EPrimalItemType:MiscConsumable; EPrimalMilestoneType:Craft,Y,
item,/Game/PrimalEarth/CoreBlueprints/Items/Consumables/PrimalItemConsumable_IcedCanteenRefill,PrimalItemConsumable_IcedCanteenRefill,PrimalItemConsumable_IcedCanteenRefill_C,Y,N,MiscConsumable,EPrimalItemType:MiscConsumable; EPrimalMilestoneType:Craft,Y,
item,/Game/PrimalEarth/CoreBlueprints/Items/Consumables/PrimalItemConsumable_IcedWaterJar,PrimalItemConsumable_IcedWaterJar,PrimalItemConsumable_IcedWaterJar_C,Y,N,MiscConsumable,EPrimalItemType:MiscConsumable; EPrimalMilestoneType:Craft,Y,
item,/Game/PrimalEarth/CoreBlueprints/Items/Consumables/PrimalItemConsumable_IcedWaterJarRefill,PrimalItemConsumable_IcedWaterJarRefill,PrimalItemConsumable_IcedWaterJarRefill_C,Y,N,MiscConsumable,EPrimalItemType:MiscConsumable; EPrimalMilestoneType:Craft,Y,
item,/Game/PrimalEarth/CoreBlueprints/Items/Consumables/PrimalItemConsumable_JellyVenom,PrimalItemConsumable_JellyVenom,PrimalItemConsumable_JellyVenom_C,N,N,MiscConsumable,EPrimalItemType:MiscConsumable; EPrimalMilestoneType:Craft,Y,
item,/Game/PrimalEarth/CoreBlueprints/Items/Consumables/PrimalItemConsumable_Kibble_Allo,PrimalItemConsumable_Kibble_Allo,PrimalItemConsumable_Kibble_Allo_C,N,N,MiscConsumable,EPrimalItemType:MiscConsumable; EPrimalMilestoneType:Craft,Y,
item,/Game/PrimalEarth/CoreBlueprints/Items/Consumables/PrimalItemConsumable_Kibble_AnkyloEgg,PrimalItemConsumable_Kibble_AnkyloEgg,PrimalItemConsumable_Kibble_AnkyloEgg_C,N,N,MiscConsumable,EPrimalItemType:MiscConsumable; EPrimalMilestoneType:Craft,Y,
item,/Game/PrimalEarth/CoreBlueprints/Items/Consumables/PrimalItemConsumable_Kibble_ArchaEgg,PrimalItemConsumable_Kibble_ArchaEgg,PrimalItemConsumable_Kibble_ArchaEgg_C,N,N,MiscConsumable,EPrimalItemType:MiscConsumable; EPrimalMilestoneType:Craft,Y,
item,/Game/PrimalEarth/CoreBlueprints/Items/Consumables/PrimalItemConsumable_Kibble_ArgentEgg,PrimalItemConsumable_Kibble_ArgentEgg,PrimalItemConsumable_Kibble_ArgentEgg_C,N,N,MiscConsumable,EPrimalItemType:MiscConsumable; EPrimalMilestoneType:Craft,Y,
item,/Game/PrimalEarth/CoreBlueprints/Items/Consumables/PrimalItemConsumable_Kibble_BaryonyxEgg,PrimalItemConsumable_Kibble_BaryonyxEgg,PrimalItemConsumable_Kibble_BaryonyxEgg_C,N,N,MiscConsumable,EPrimalItemType:MiscConsumable; EPrimalMilestoneType:Craft,Y,
item,/Game/PrimalEarth/CoreBlueprints/Items/Consumables/PrimalItemConsumable_Kibble_Base_Large,PrimalItemConsumable_Kibble_Base_Large,PrimalItemConsumable_Kibble_Base_Large_C,Y,N,MiscConsumable,EPrimalItemType:MiscConsumable; EPrimalMilestoneType:Craft,Y,
item,/Game/PrimalEarth/CoreBlueprints/Items/Consumables/PrimalItemConsumable_Kibble_Base_Medium,PrimalItemConsumable_Kibble_Base_Medium,PrimalItemConsumable_Kibble_Base_Medium_C,Y,N,MiscConsumable,EPrimalItemType:MiscConsumable; EPrimalMilestoneType:Craft,Y,
item,/Game/PrimalEarth/CoreBlueprints/Items/Consumables/PrimalItemConsumable_Kibble_Base_Small,PrimalItemConsumable_Kibble_Base_Small,PrimalItemConsumable_Kibble_Base_Small_C,Y,N,MiscConsumable,EPrimalItemType:MiscConsumable; EPrimalMilestoneType:Craft,Y,
item,/Game/PrimalEarth/CoreBlueprints/Items/Consumables/PrimalItemConsumable_Kibble_Base_Special,PrimalItemConsumable_Kibble_Base_Special,PrimalItemConsumable_Kibble_Base_Special_C,Y,N,MiscConsumable,EPrimalItemType:MiscConsumable; EPrimalMilestoneType:Craft,Y,
item,/Game/PrimalEarth/CoreBlueprints/Items/Consumables/PrimalItemConsumable_Kibble_Base_XLarge,PrimalItemConsumable_Kibble_Base_XLarge,PrimalItemConsumable_Kibble_Base_XLarge_C,Y,N,MiscConsumable,EPrimalItemType:MiscConsumable; EPrimalMilestoneType:Craft,Y,
item,/Game/PrimalEarth/CoreBlueprints/Items/Consumables/PrimalItemConsumable_Kibble_Base_XSmall,PrimalItemConsumable_Kibble_Base_XSmall,PrimalItemConsumable_Kibble_Base_XSmall_C,Y,N,MiscConsumable,EPrimalItemType:MiscConsumable; EPrimalMilestoneType:Craft,Y,
item,/Game/PrimalEarth/CoreBlueprints/Items/Consumables/PrimalItemConsumable_Kibble_BoaEgg,PrimalItemConsumable_Kibble_BoaEgg,PrimalItemConsumable_Kibble_BoaEgg_C,N,N,MiscConsumable,EPrimalItemType:MiscConsumable; EPrimalMilestoneType:Craft,Y,
item,/Game/PrimalEarth/CoreBlueprints/Items/Consumables/PrimalItemConsumable_Kibble_CarnoEgg,PrimalItemConsumable_Kibble_CarnoEgg,PrimalItemConsumable_Kibble_CarnoEgg_C,N,N,MiscConsumable,EPrimalItemType:MiscConsumable; EPrimalMilestoneType:Craft,Y,
item,/Game/PrimalEarth/CoreBlueprints/Items/Consumables/PrimalItemConsumable_Kibble_Compy,PrimalItemConsumable_Kibble_Compy,PrimalItemConsumable_Kibble_Compy_C,N,N,MiscConsumable,EPrimalItemType:MiscConsumable; EPrimalMilestoneType:Craft,Y,
item,/Game/PrimalEarth/CoreBlueprints/Items/Consumables/PrimalItemConsumable_Kibble_DiloEgg,PrimalItemConsumable_Kibble_DiloEgg,PrimalItemConsumable_Kibble_DiloEgg_C,N,N,MiscConsumable,EPrimalItemType:MiscConsumable; EPrimalMilestoneType:Craft,Y,
item,/Game/PrimalEarth/CoreBlueprints/Items/Consumables/PrimalItemConsumable_Kibble_DimetroEgg,PrimalItemConsumable_Kibble_DimetroEgg,PrimalItemConsumable_Kibble_DimetroEgg_C,N,N,MiscConsumable,EPrimalItemType:MiscConsumable; EPrimalMilestoneType:Craft,Y,
item,/Game/PrimalEarth/CoreBlueprints/Items/Consumables/PrimalItemConsumable_Kibble_DimorphEgg,PrimalItemConsumable_Kibble_DimorphEgg,PrimalItemConsumable_Kibble_DimorphEgg_C,N,N,MiscConsumable,EPrimalItemType:MiscConsumable; EPrimalMilestoneType:Craft,Y,
item,/Game/PrimalEarth/CoreBlueprints/Items/Consumables/PrimalItemConsumable_Kibble_DiploEgg,PrimalItemConsumable_Kibble_DiploEgg,PrimalItemConsumable_Kibble_DiploEgg_C,N,N,MiscConsumable,EPrimalItemType:MiscConsumable; EPrimalMilestoneType:Craft,Y,
item,/Game/PrimalEarth/CoreBlueprints/Items/Consumables/PrimalItemConsumable_Kibble_DodoEgg,PrimalItemConsumable_Kibble_DodoEgg,PrimalItemConsumable_Kibble_DodoEgg_C,N,N,MiscConsumable,EPrimalItemType:MiscConsumable; EPrimalMilestoneType:Craft,Y,
item,/Game/PrimalEarth/CoreBlueprints/Items/Consumables/PrimalItemConsumable_Kibble_GalliEgg,PrimalItemConsumable_Kibble_GalliEgg,PrimalItemConsumable_Kibble_GalliEgg_C,N,N,MiscConsumable,EPrimalItemType:MiscConsumable; EPrimalMilestoneType:Craft,Y,
item,/Game/PrimalEarth/CoreBlueprints/Items/Consumables/PrimalItemConsumable_Kibble_HesperonisEgg,PrimalItemConsumable_Kibble_HesperonisEgg,PrimalItemConsumable_Kibble_HesperonisEgg_C,N,N,MiscConsumable,EPrimalItemType:MiscConsumable; EPrimalMilestoneType:Craft,Y,
item,/Game/PrimalEarth/CoreBlueprints/Items/Consumables/PrimalItemConsumable_Kibble_IchthyornisEgg,PrimalItemConsumable_Kibble_IchthyornisEgg,PrimalItemConsumable_Kibble_IchthyornisEgg_C,N,N,MiscConsumable,EPrimalItemType:MiscConsumable; EPrimalMilestoneType:Craft,Y,
item,/Game/PrimalEarth/CoreBlueprints/Items/Consumables/PrimalItemConsumable_Kibble_IguanodonEgg,PrimalItemConsumable_Kibble_IguanodonEgg,PrimalItemConsumable_Kibble_IguanodonEgg_C,N,N,MiscConsumable,EPrimalItemType:MiscConsumable; EPrimalMilestoneType:Craft,Y,
item,/Game/PrimalEarth/CoreBlueprints/Items/Consumables/PrimalItemConsumable_Kibble_KairukuEgg,PrimalItemConsumable_Kibble_KairukuEgg,PrimalItemConsumable_Kibble_KairukuEgg_C,N,N,MiscConsumable,EPrimalItemType:MiscConsumable; EPrimalMilestoneType:Craft,Y,
item,/Game/PrimalEarth/CoreBlueprints/Items/Consumables/PrimalItemConsumable_Kibble_KaproEgg,PrimalItemConsumable_Kibble_KaproEgg,PrimalItemConsumable_Kibble_KaproEgg_C,N,N,MiscConsumable,EPrimalItemType:MiscConsumable; EPrimalMilestoneType:Craft,Y,
item,/Game/PrimalEarth/CoreBlueprints/Items/Consumables/PrimalItemConsumable_Kibble_KentroEgg,PrimalItemConsumable_Kibble_KentroEgg,PrimalItemConsumable_Kibble_KentroEgg_C,N,N,MiscConsumable,EPrimalItemType:MiscConsumable; EPrimalMilestoneType:Craft,Y,
item,/Game/PrimalEarth/CoreBlueprints/Items/Consumables/PrimalItemConsumable_Kibble_LystroEgg,PrimalItemConsumable_Kibble_LystroEgg,PrimalItemConsumable_Kibble_LystroEgg_C,N,N,MiscConsumable,EPrimalItemType:MiscConsumable; EPrimalMilestoneType:Craft,Y,
item,/Game/PrimalEarth/CoreBlueprints/Items/Consumables/PrimalItemConsumable_Kibble_Megalania,PrimalItemConsumable_Kibble_Megalania,PrimalItemConsumable_Kibble_Megalania_C,N,N,MiscConsumable,EPrimalItemType:MiscConsumable; EPrimalMilestoneType:Craft,Y,
item,/Game/PrimalEarth/CoreBlueprints/Items/Consumables/PrimalItemConsumable_Kibble_MegalosaurusEgg,PrimalItemConsumable_Kibble_MegalosaurusEgg,PrimalItemConsumable_Kibble_MegalosaurusEgg_C,N,N,MiscConsumable,EPrimalItemType:MiscConsumable; EPrimalMilestoneType:Craft,Y,
item,/Game/PrimalEarth/CoreBlueprints/Items/Consumables/PrimalItemConsumable_Kibble_MicroraptorEgg,PrimalItemConsumable_Kibble_MicroraptorEgg,PrimalItemConsumable_Kibble_MicroraptorEgg_C,N,N,MiscConsumable,EPrimalItemType:MiscConsumable; EPrimalMilestoneType:Craft,Y,
item,/Game/PrimalEarth/CoreBlueprints/Items/Consumables/PrimalItemConsumable_Kibble_MoschopsEgg,PrimalItemConsumable_Kibble_MoschopsEgg,PrimalItemConsumable_Kibble_MoschopsEgg_C,N,N,MiscConsumable,EPrimalItemType:MiscConsumable; EPrimalMilestoneType:Craft,Y,
item,/Game/PrimalEarth/CoreBlueprints/Items/Consumables/PrimalItemConsumable_Kibble_OviraptorEgg,PrimalItemConsumable_Kibble_OviraptorEgg,PrimalItemConsumable_Kibble_OviraptorEgg_C,N,N,MiscConsumable,EPrimalItemType:MiscConsumable; EPrimalMilestoneType:Craft,Y,
item,/Game/PrimalEarth/CoreBlueprints/Items/Consumables/PrimalItemConsumable_Kibble_PachyEgg,PrimalItemConsumable_Kibble_PachyEgg,PrimalItemConsumable_Kibble_PachyEgg_C,N,N,MiscConsumable,EPrimalItemType:MiscConsumable; EPrimalMilestoneType:Craft,Y,
item,/Game/PrimalEarth/CoreBlueprints/Items/Consumables/PrimalItemConsumable_Kibble_PachyRhinoEgg,PrimalItemConsumable_Kibble_PachyRhinoEgg,PrimalItemConsumable_Kibble_PachyRhinoEgg_C,N,N,MiscConsumable,EPrimalItemType:MiscConsumable; EPrimalMilestoneType:Craft,Y,
item,/Game/PrimalEarth/CoreBlueprints/Items/Consumables/PrimalItemConsumable_Kibble_ParaEgg,PrimalItemConsumable_Kibble_ParaEgg,PrimalItemConsumable_Kibble_ParaEgg_C,N,N,MiscConsumable,EPrimalItemType:MiscConsumable; EPrimalMilestoneType:Craft,Y,
item,/Game/PrimalEarth/CoreBlueprints/Items/Consumables/PrimalItemConsumable_Kibble_PegomastaxEgg,PrimalItemConsumable_Kibble_PegomastaxEgg,PrimalItemConsumable_Kibble_PegomastaxEgg_C,N,N,MiscConsumable,EPrimalItemType:MiscConsumable; EPrimalMilestoneType:Craft,Y,
item,/Game/PrimalEarth/CoreBlueprints/Items/Consumables/PrimalItemConsumable_Kibble_Pela,PrimalItemConsumable_Kibble_Pela,PrimalItemConsumable_Kibble_Pela_C,N,N,MiscConsumable,EPrimalItemType:MiscConsumable; EPrimalMilestoneType:Craft,Y,
item,/Game/PrimalEarth/CoreBlueprints/Items/Consumables/PrimalItemConsumable_Kibble_PteroEgg,PrimalItemConsumable_Kibble_PteroEgg,PrimalItemConsumable_Kibble_PteroEgg_C,N,N,MiscConsumable,EPrimalItemType:MiscConsumable; EPrimalMilestoneType:Craft,Y,
item,/Game/PrimalEarth/CoreBlueprints/Items/Consumables/PrimalItemConsumable_Kibble_QuetzEgg,PrimalItemConsumable_Kibble_QuetzEgg,PrimalItemConsumable_Kibble_QuetzEgg_C,N,N,MiscConsumable,EPrimalItemType:MiscConsumable; EPrimalMilestoneType:Craft,Y,
item,/Game/PrimalEarth/CoreBlueprints/Items/Consumables/PrimalItemConsumable_Kibble_RaptorEgg,PrimalItemConsumable_Kibble_RaptorEgg,PrimalItemConsumable_Kibble_RaptorEgg_C,N,N,MiscConsumable,EPrimalItemType:MiscConsumable; EPrimalMilestoneType:Craft,Y,
item,/Game/PrimalEarth/CoreBlueprints/Items/Consumables/PrimalItemConsumable_Kibble_RexEgg,PrimalItemConsumable_Kibble_RexEgg,PrimalItemConsumable_Kibble_RexEgg_C,N,N,MiscConsumable,EPrimalItemType:MiscConsumable; EPrimalMilestoneType:Craft,Y,
item,/Game/PrimalEarth/CoreBlueprints/Items/Consumables/PrimalItemConsumable_Kibble_SarcoEgg,PrimalItemConsumable_Kibble_SarcoEgg,PrimalItemConsumable_Kibble_SarcoEgg_C,N,N,MiscConsumable,EPrimalItemType:MiscConsumable; EPrimalMilestoneType:Craft,Y,
item,/Game/PrimalEarth/CoreBlueprints/Items/Consumables/PrimalItemConsumable_Kibble_SauroEgg,PrimalItemConsumable_Kibble_SauroEgg,PrimalItemConsumable_Kibble_SauroEgg_C,N,N,MiscConsumable,EPrimalItemType:MiscConsumable; EPrimalMilestoneType:Craft,Y,
item,/Game/PrimalEarth/CoreBlueprints/Items/Consumables/PrimalItemConsumable_Kibble_ScorpionEgg,PrimalItemConsumable_Kibble_ScorpionEgg,PrimalItemConsumable_Kibble_ScorpionEgg_C,N,N,MiscConsumable,EPrimalItemType:MiscConsumable; EPrimalMilestoneType:Craft,Y,
item,/Game/PrimalEarth/CoreBlueprints/Items/Consumables/PrimalItemConsumable_Kibble_SpiderEgg,PrimalItemConsumable_Kibble_SpiderEgg,PrimalItemConsumable_Kibble_SpiderEgg_C,N,N,MiscConsumable,EPrimalItemType:MiscConsumable; EPrimalMilestoneType:Craft,Y,
item,/Game/PrimalEarth/CoreBlueprints/Items/Consumables/PrimalItemConsumable_Kibble_SpinoEgg,PrimalItemConsumable_Kibble_SpinoEgg,PrimalItemConsumable_Kibble_SpinoEgg_C,N,N,MiscConsumable,EPrimalItemType:MiscConsumable; EPrimalMilestoneType:Craft,Y,
item,/Game/PrimalEarth/CoreBlueprints/Items/Consumables/PrimalItemConsumable_Kibble_StegoEgg,PrimalItemConsumable_Kibble_StegoEgg,PrimalItemConsumable_Kibble_StegoEgg_C,N,N,MiscConsumable,EPrimalItemType:MiscConsumable; EPrimalMilestoneType:Craft,Y,
item,/Game/PrimalEarth/CoreBlueprints/Items/Consumables/PrimalItemConsumable_Kibble_TapejaraEgg,PrimalItemConsumable_Kibble_TapejaraEgg,PrimalItemConsumable_Kibble_TapejaraEgg_C,N,N,MiscConsumable,EPrimalItemType:MiscConsumable; EPrimalMilestoneType:Craft,Y,
item,/Game/PrimalEarth/CoreBlueprints/Items/Consumables/PrimalItemConsumable_Kibble_TerrorbirdEgg,PrimalItemConsumable_Kibble_TerrorbirdEgg,PrimalItemConsumable_Kibble_TerrorbirdEgg_C,N,N,MiscConsumable,EPrimalItemType:MiscConsumable; EPrimalMilestoneType:Craft,Y,
item,/Game/PrimalEarth/CoreBlueprints/Items/Consumables/PrimalItemConsumable_Kibble_TherizinoEgg,PrimalItemConsumable_Kibble_TherizinoEgg,PrimalItemConsumable_Kibble_TherizinoEgg_C,N,N,MiscConsumable,EPrimalItemType:MiscConsumable; EPrimalMilestoneType:Craft,Y,
item,/Game/PrimalEarth/CoreBlueprints/Items/Consumables/PrimalItemConsumable_Kibble_TrikeEgg,PrimalItemConsumable_Kibble_TrikeEgg,PrimalItemConsumable_Kibble_TrikeEgg_C,N,N,MiscConsumable,EPrimalItemType:MiscConsumable; EPrimalMilestoneType:Craft,Y,
item,/Game/PrimalEarth/CoreBlueprints/Items/Consumables/PrimalItemConsumable_Kibble_TroodonEgg,PrimalItemConsumable_Kibble_TroodonEgg,PrimalItemConsumable_Kibble_TroodonEgg_C,N,N,MiscConsumable,EPrimalItemType:MiscConsumable; EPrimalMilestoneType:Craft,Y,
item,/Game/PrimalEarth/CoreBlueprints/Items/Consumables/PrimalItemConsumable_Kibble_TurtleEgg,PrimalItemConsumable_Kibble_TurtleEgg,PrimalItemConsumable_Kibble_TurtleEgg_C,N,N,MiscConsumable,EPrimalItemType:MiscConsumable; EPrimalMilestoneType:Craft,Y,
item,/Game/PrimalEarth/CoreBlueprints/Items/Consumables/PrimalItemConsumable_Narcotic,PrimalItemConsumable_Narcotic,PrimalItemConsumable_Narcotic_C,Y,N,MiscConsumable,EPrimalItemType:MiscConsumable; EPrimalMilestoneType:Craft,Y,
item,/Game/PrimalEarth/CoreBlueprints/Items/Consumables/PrimalItemConsumable_RawMeat,PrimalItemConsumable_RawMeat,PrimalItemConsumable_RawMeat_C,Y,N,MiscConsumable,EPrimalItemType:MiscConsumable; EPrimalMilestoneType:Craft,Y,
item,/Game/PrimalEarth/CoreBlueprints/Items/Consumables/PrimalItemConsumable_RawMeat_Fish,PrimalItemConsumable_RawMeat_Fish,PrimalItemConsumable_RawMeat_Fish_C,N,N,MiscConsumable,EPrimalItemType:MiscConsumable; EPrimalMilestoneType:Craft,Y,
item,/Game/PrimalEarth/CoreBlueprints/Items/Consumables/PrimalItemConsumable_RawMutton,PrimalItemConsumable_RawMutton,PrimalItemConsumable_RawMutton_C,N,N,MiscConsumable,EPrimalItemType:MiscConsumable; EPrimalMilestoneType:Craft,Y,
item,/Game/PrimalEarth/CoreBlueprints/Items/Consumables/PrimalItemConsumable_RawPrimeMeat,PrimalItemConsumable_RawPrimeMeat,PrimalItemConsumable_RawPrimeMeat_C,Y,N,MiscConsumable,EPrimalItemType:MiscConsumable; EPrimalMilestoneType:Craft,Y,
item,/Game/PrimalEarth/CoreBlueprints/Items/Consumables/PrimalItemConsumable_RawPrimeMeat_Fish,PrimalItemConsumable_RawPrimeMeat_Fish,PrimalItemConsumable_RawPrimeMeat_Fish_C,N,N,MiscConsumable,EPrimalItemType:MiscConsumable; EPrimalMilestoneType:Craft,Y,
item,/Game/PrimalEarth/CoreBlueprints/Items/Consumables/PrimalItemConsumable_Soup_BattleTartare,PrimalItemConsumable_Soup_BattleTartare,PrimalItemConsumable_Soup_BattleTartare_C,Y,N,MiscConsumable,EPrimalItemType:MiscConsumable; EPrimalMilestoneType:Craft,Y,
item,/Game/PrimalEarth/CoreBlueprints/Items/Consumables/PrimalItemConsumable_Soup_CalienSoup,PrimalItemConsumable_Soup_CalienSoup,PrimalItemConsumable_Soup_CalienSoup_C,Y,N,MiscConsumable,EPrimalItemType:MiscConsumable; EPrimalMilestoneType:Craft,Y,
item,/Game/PrimalEarth/CoreBlueprints/Items/Consumables/PrimalItemConsumable_Soup_EnduroStew,PrimalItemConsumable_Soup_EnduroStew,PrimalItemConsumable_Soup_EnduroStew_C,Y,N,MiscConsumable,EPrimalItemType:MiscConsumable; EPrimalMilestoneType:Craft,Y,
item,/Game/PrimalEarth/CoreBlueprints/Items/Consumables/PrimalItemConsumable_Soup_FocalChili,PrimalItemConsumable_Soup_FocalChili,PrimalItemConsumable_Soup_FocalChili_C,Y,N,MiscConsumable,EPrimalItemType:MiscConsumable; EPrimalMilestoneType:Craft,Y,
item,/Game/PrimalEarth/CoreBlueprints/Items/Consumables/PrimalItemConsumable_Soup_FriaCurry,PrimalItemConsumable_Soup_FriaCurry,PrimalItemConsumable_Soup_FriaCurry_C,Y,N,MiscConsumable,EPrimalItemType:MiscConsumable; EPrimalMilestoneType:Craft,Y,
item,/Game/PrimalEarth/CoreBlueprints/Items/Consumables/PrimalItemConsumable_Soup_LazarusChowder,PrimalItemConsumable_Soup_LazarusChowder,PrimalItemConsumable_Soup_LazarusChowder_C,Y,N,MiscConsumable,EPrimalItemType:MiscConsumable; EPrimalMilestoneType:Craft,Y,
item,/Game/PrimalEarth/CoreBlueprints/Items/Consumables/PrimalItemConsumable_Soup_ShadowSteak,PrimalItemConsumable_Soup_ShadowSteak,PrimalItemConsumable_Soup_ShadowSteak_C,Y,N,MiscConsumable,EPrimalItemType:MiscConsumable; EPrimalMilestoneType:Craft,Y,
item,/Game/PrimalEarth/CoreBlueprints/Items/Consumables/PrimalItemConsumable_SpoiledMeat,PrimalItemConsumable_SpoiledMeat,PrimalItemConsumable_SpoiledMeat_C,N,N,MiscConsumable,EPrimalItemType:MiscConsumable; EPrimalMilestoneType:Craft,Y,
item,/Game/PrimalEarth/CoreBlueprints/Items/Consumables/PrimalItemConsumable_StaminaSoup,PrimalItemConsumable_StaminaSoup,PrimalItemConsumable_StaminaSoup_C,Y,N,MiscConsumable,EPrimalItemType:MiscConsumable; EPrimalMilestoneType:Craft,Y,
item,/Game/PrimalEarth/CoreBlueprints/Items/Consumables/PrimalItemConsumable_Stimulant,PrimalItemConsumable_Stimulant,PrimalItemConsumable_Stimulant_C,Y,N,MiscConsumable,EPrimalItemType:MiscConsumable; EPrimalMilestoneType:Craft,Y,
item,/Game/PrimalEarth/CoreBlueprints/Items/Consumables/PrimalItemConsumable_SuperTestMeat,PrimalItemConsumable_SuperTestMeat,PrimalItemConsumable_SuperTestMeat_C,N,N,MiscConsumable,EPrimalItemType:MiscConsumable; EPrimalMilestoneType:Craft,Y,
item,/Game/PrimalEarth/CoreBlueprints/Items/Consumables/PrimalItemConsumable_SweetVeggieCake,PrimalItemConsumable_SweetVeggieCake,PrimalItemConsumable_SweetVeggieCake_C,Y,N,MiscConsumable,EPrimalItemType:MiscConsumable; EPrimalMilestoneType:Craft,Y,
item,/Game/PrimalEarth/CoreBlueprints/Items/Consumables/PrimalItemConsumable_TheHorn,PrimalItemConsumable_TheHorn,PrimalItemConsumable_TheHorn_C,Y,N,MiscConsumable,EPrimalItemType:MiscConsumable; EPrimalMilestoneType:Craft,Y,
item,/Game/PrimalEarth/CoreBlueprints/Items/Consumables/PrimalItemConsumable_Veggie_Citronal,PrimalItemConsumable_Veggie_Citronal,PrimalItemConsumable_Veggie_Citronal_C,N,N,MiscConsumable,EPrimalItemType:MiscConsumable; EPrimalMilestoneType:Craft,Y,
item,/Game/PrimalEarth/CoreBlueprints/Items/Consumables/PrimalItemConsumable_Veggie_Longrass,PrimalItemConsumable_Veggie_Longrass,PrimalItemConsumable_Veggie_Longrass_C,N,N,MiscConsumable,EPrimalItemType:MiscConsumable; EPrimalMilestoneType:Craft,Y,
item,/Game/PrimalEarth/CoreBlueprints/Items/Consumables/PrimalItemConsumable_Veggie_Rockarrot,PrimalItemConsumable_Veggie_Rockarrot,PrimalItemConsumable_Veggie_Rockarrot_C,N,N,MiscConsumable,EPrimalItemType:MiscConsumable; EPrimalMilestoneType:Craft,Y,
item,/Game/PrimalEarth/CoreBlueprints/Items/Consumables/PrimalItemConsumable_Veggie_Savoroot,PrimalItemConsumable_Veggie_Savoroot,PrimalItemConsumable_Veggie_Savoroot_C,N,N,MiscConsumable,EPrimalItemType:MiscConsumable; EPrimalMilestoneType:Craft,Y,
item,/Game/PrimalEarth/CoreBlueprints/Items/Consumables/PrimalItemConsumable_WaterJarCraftable,PrimalItemConsumable_WaterJarCraftable,PrimalItemConsumable_WaterJarCraftable_C,Y,N,MiscConsumable,EPrimalItemType:MiscConsumable; EPrimalMilestoneType:Craft,Y,
item,/Game/PrimalEarth/CoreBlueprints/Items/Consumables/PrimalItemConsumable_WaterJarRefill,PrimalItemConsumable_WaterJarRefill,PrimalItemConsumable_WaterJarRefill_C,Y,N,MiscConsumable,EPrimalItemType:MiscConsumable; EPrimalMilestoneType:Craft,Y,
item,/Game/PrimalEarth/CoreBlueprints/Items/Consumables/PrimalItemConsumable_WaterskinCraftable,PrimalItemConsumable_WaterskinCraftable,PrimalItemConsumable_WaterskinCraftable_C,Y,N,Skin,EPrimalItemType:Skin; EPrimalMilestoneType:Craft,Y,
item,/Game/PrimalEarth/CoreBlueprints/Items/Consumables/PrimalItemConsumable_WaterskinRefill,PrimalItemConsumable_WaterskinRefill,PrimalItemConsumable_WaterskinRefill_C,Y,N,Skin,EPrimalItemType:Skin; EPrimalMilestoneType:Craft,Y,
item,/Game/PrimalEarth/CoreBlueprints/Items/Consumables/Seeds/PrimalItemConsumable_Seed_Amarberry,PrimalItemConsumable_Seed_Amarberry,PrimalItemConsumable_Seed_Amarberry_C,N,N,MiscConsumable,EPrimalItemType:MiscConsumable; EPrimalMilestoneType:Craft,Y,
item,/Game/PrimalEarth/CoreBlueprints/Items/Consumables/Seeds/PrimalItemConsumable_Seed_Amarberry_SpeedHack,PrimalItemConsumable_Seed_Amarberry_SpeedHack,PrimalItemConsumable_Seed_Amarberry_SpeedHack_C,N,N,MiscConsumable,EPrimalItemType:MiscConsumable; EPrimalMilestoneType:Craft,Y,
item,/Game/PrimalEarth/CoreBlueprints/Items/Consumables/Seeds/PrimalItemConsumable_Seed_Azulberry,PrimalItemConsumable_Seed_Azulberry,PrimalItemConsumable_Seed_Azulberry_C,N,N,MiscConsumable,EPrimalItemType:MiscConsumable; EPrimalMilestoneType:Craft,Y,
item,/Game/PrimalEarth/CoreBlueprints/Items/Consumables/Seeds/PrimalItemConsumable_Seed_Azulberry_SpeedHack,PrimalItemConsumable_Seed_Azulberry_SpeedHack,PrimalItemConsumable_Seed_Azulberry_SpeedHack_C,N,N,MiscConsumable,EPrimalItemType:MiscConsumable; EPrimalMilestoneType:Craft,Y,
item,/Game/PrimalEarth/CoreBlueprints/Items/Consumables/Seeds/PrimalItemConsumable_Seed_Cianberry,PrimalItemConsumable_Seed_Cianberry,PrimalItemConsumable_Seed_Cianberry_C,N,N,MiscConsumable,EPrimalItemType:MiscConsumable; EPrimalMilestoneType:Craft,Y,
item,/Game/PrimalEarth/CoreBlueprints/Items/Consumables/Seeds/PrimalItemConsumable_Seed_Cianberry_SpeedHack,PrimalItemConsumable_Seed_Cianberry_SpeedHack,PrimalItemConsumable_Seed_Cianberry_SpeedHack_C,N,N,MiscConsumable,EPrimalItemType:MiscConsumable; EPrimalMilestoneType:Craft,Y,
item,/Game/PrimalEarth/CoreBlueprints/Items/Consumables/Seeds/PrimalItemConsumable_Seed_Citronal,PrimalItemConsumable_Seed_Citronal,PrimalItemConsumable_Seed_Citronal_C,N,N,MiscConsumable,EPrimalItemType:MiscConsumable; EPrimalMilestoneType:Craft,Y,
item,/Game/PrimalEarth/CoreBlueprints/Items/Consumables/Seeds/PrimalItemConsumable_Seed_Citronal_SpeedHack,PrimalItemConsumable_Seed_Citronal_SpeedHack,PrimalItemConsumable_Seed_Citronal_SpeedHack_C,N,N,MiscConsumable,EPrimalItemType:MiscConsumable; EPrimalMilestoneType:Craft,Y,
item,/Game/PrimalEarth/CoreBlueprints/Items/Consumables/Seeds/PrimalItemConsumable_Seed_DefensePlant,PrimalItemConsumable_Seed_DefensePlant,PrimalItemConsumable_Seed_DefensePlant_C,Y,N,MiscConsumable,EPrimalItemType:MiscConsumable; EPrimalMilestoneType:Craft,Y,
item,/Game/PrimalEarth/CoreBlueprints/Items/Consumables/Seeds/PrimalItemConsumable_Seed_DefensePlant_SpeedHack,PrimalItemConsumable_Seed_DefensePlant_SpeedHack,PrimalItemConsumable_Seed_DefensePlant_SpeedHack_C,N,N,MiscConsumable,EPrimalItemType:MiscConsumable; EPrimalMilestoneType:Craft,Y,
item,/Game/PrimalEarth/CoreBlueprints/Items/Consumables/Seeds/PrimalItemConsumable_Seed_Longrass,PrimalItemConsumable_Seed_Longrass,PrimalItemConsumable_Seed_Longrass_C,N,N,MiscConsumable,EPrimalItemType:MiscConsumable; EPrimalMilestoneType:Craft,Y,
item,/Game/PrimalEarth/CoreBlueprints/Items/Consumables/Seeds/PrimalItemConsumable_Seed_Longrass_SpeedHack,PrimalItemConsumable_Seed_Longrass_SpeedHack,PrimalItemConsumable_Seed_Longrass_SpeedHack_C,N,N,MiscConsumable,EPrimalItemType:MiscConsumable; EPrimalMilestoneType:Craft,Y,
item,/Game/PrimalEarth/CoreBlueprints/Items/Consumables/Seeds/PrimalItemConsumable_Seed_Magenberry,PrimalItemConsumable_Seed_Magenberry,PrimalItemConsumable_Seed_Magenberry_C,N,N,MiscConsumable,EPrimalItemType:MiscConsumable; EPrimalMilestoneType:Craft,Y,
item,/Game/PrimalEarth/CoreBlueprints/Items/Consumables/Seeds/PrimalItemConsumable_Seed_Magenberry_SpeedHack,PrimalItemConsumable_Seed_Magenberry_SpeedHack,PrimalItemConsumable_Seed_Magenberry_SpeedHack_C,N,N,MiscConsumable,EPrimalItemType:MiscConsumable; EPrimalMilestoneType:Craft,Y,
item,/Game/PrimalEarth/CoreBlueprints/Items/Consumables/Seeds/PrimalItemConsumable_Seed_Mejoberry,PrimalItemConsumable_Seed_Mejoberry,PrimalItemConsumable_Seed_Mejoberry_C,N,N,MiscConsumable,EPrimalItemType:MiscConsumable; EPrimalMilestoneType:Craft,Y,
item,/Game/PrimalEarth/CoreBlueprints/Items/Consumables/Seeds/PrimalItemConsumable_Seed_Mejoberry_SpeedHack,PrimalItemConsumable_Seed_Mejoberry_SpeedHack,PrimalItemConsumable_Seed_Mejoberry_SpeedHack_C,N,N,MiscConsumable,EPrimalItemType:MiscConsumable; EPrimalMilestoneType:Craft,Y,
item,/Game/PrimalEarth/CoreBlueprints/Items/Consumables/Seeds/PrimalItemConsumable_Seed_Narcoberry,PrimalItemConsumable_Seed_Narcoberry,PrimalItemConsumable_Seed_Narcoberry_C,N,N,MiscConsumable,EPrimalItemType:MiscConsumable; EPrimalMilestoneType:Craft,Y,
item,/Game/PrimalEarth/CoreBlueprints/Items/Consumables/Seeds/PrimalItemConsumable_Seed_Narcoberry_SpeedHack,PrimalItemConsumable_Seed_Narcoberry_SpeedHack,PrimalItemConsumable_Seed_Narcoberry_SpeedHack_C,N,N,MiscConsumable,EPrimalItemType:MiscConsumable; EPrimalMilestoneType:Craft,Y,
item,/Game/PrimalEarth/CoreBlueprints/Items/Consumables/Seeds/PrimalItemConsumable_Seed_Rockarrot,PrimalItemConsumable_Seed_Rockarrot,PrimalItemConsumable_Seed_Rockarrot_C,N,N,MiscConsumable,EPrimalItemType:MiscConsumable; EPrimalMilestoneType:Craft,Y,
item,/Game/PrimalEarth/CoreBlueprints/Items/Consumables/Seeds/PrimalItemConsumable_Seed_Rockarrot_SpeedHack,PrimalItemConsumable_Seed_Rockarrot_SpeedHack,PrimalItemConsumable_Seed_Rockarrot_SpeedHack_C,N,N,MiscConsumable,EPrimalItemType:MiscConsumable; EPrimalMilestoneType:Craft,Y,
item,/Game/PrimalEarth/CoreBlueprints/Items/Consumables/Seeds/PrimalItemConsumable_Seed_Savoroot,PrimalItemConsumable_Seed_Savoroot,PrimalItemConsumable_Seed_Savoroot_C,N,N,MiscConsumable,EPrimalItemType:MiscConsumable; EPrimalMilestoneType:Craft,Y,
item,/Game/PrimalEarth/CoreBlueprints/Items/Consumables/Seeds/PrimalItemConsumable_Seed_Savoroot_SpeedHack,PrimalItemConsumable_Seed_Savoroot_SpeedHack,PrimalItemConsumable_Seed_Savoroot_SpeedHack_C,N,N,MiscConsumable,EPrimalItemType:MiscConsumable; EPrimalMilestoneType:Craft,Y,
item,/Game/PrimalEarth/CoreBlueprints/Items/Consumables/Seeds/PrimalItemConsumable_Seed_Stimberry,PrimalItemConsumable_Seed_Stimberry,PrimalItemConsumable_Seed_Stimberry_C,N,N,MiscConsumable,EPrimalItemType:MiscConsumable; EPrimalMilestoneType:Craft,Y,
item,/Game/PrimalEarth/CoreBlueprints/Items/Consumables/Seeds/PrimalItemConsumable_Seed_Stimberry_SpeedHack,PrimalItemConsumable_Seed_Stimberry_SpeedHack,PrimalItemConsumable_Seed_Stimberry_SpeedHack_C,N,N,MiscConsumable,EPrimalItemType:MiscConsumable; EPrimalMilestoneType:Craft,Y,
item,/Game/PrimalEarth/CoreBlueprints/Items/Consumables/Seeds/PrimalItemConsumable_Seed_Tintoberry,PrimalItemConsumable_Seed_Tintoberry,PrimalItemConsumable_Seed_Tintoberry_C,N,N,MiscConsumable,EPrimalItemType:MiscConsumable; EPrimalMilestoneType:Craft,Y,
item,/Game/PrimalEarth/CoreBlueprints/Items/Consumables/Seeds/PrimalItemConsumable_Seed_Tintoberry_SpeedHack,PrimalItemConsumable_Seed_Tintoberry_SpeedHack,PrimalItemConsumable_Seed_Tintoberry_SpeedHack_C,N,N,MiscConsumable,EPrimalItemType:MiscConsumable; EPrimalMilestoneType:Craft,Y,
item,/Game/PrimalEarth/CoreBlueprints/Items/Consumables/Seeds/PrimalItemConsumable_Seed_Verdberry,PrimalItemConsumable_Seed_Verdberry,PrimalItemConsumable_Seed_Verdberry_C,N,N,MiscConsumable,EPrimalItemType:MiscConsumable; EPrimalMilestoneType:Craft,Y,
item,/Game/PrimalEarth/CoreBlueprints/Items/Consumables/Seeds/PrimalItemConsumable_Seed_Verdberry_SpeedHack,PrimalItemConsumable_Seed_Verdberry_SpeedHack,PrimalItemConsumable_Seed_Verdberry_SpeedHack_C,N,N,MiscConsumable,EPrimalItemType:MiscConsumable; EPrimalMilestoneType:Craft,Y,
item,/Game/PrimalEarth/CoreBlueprints/Items/Consumables/Vday/PrimalItemConsumable_ValentinesChocolate,PrimalItemConsumable_ValentinesChocolate,PrimalItemConsumable_ValentinesChocolate_C,N,N,MiscConsumable,EPrimalItemType:MiscConsumable; EPrimalMilestoneType:Craft,Y,
item,/Game/PrimalEarth/CoreBlueprints/Items/Consumables/Vday/PrimalItemConsumable_ValentinesDinoCandy,PrimalItemConsumable_ValentinesDinoCandy,PrimalItemConsumable_ValentinesDinoCandy_C,N,N,MiscConsumable,EPrimalItemType:MiscConsumable; EPrimalMilestoneType:Craft,Y,
item,/Game/PrimalEarth/CoreBlueprints/Items/Dyes/PrimalItemDye_Azure_1_Cetacean,PrimalItemDye_Azure_1_Cetacean,PrimalItemDye_Azure_1_Cetacean_C,Y,N,,EPrimalMilestoneType:Craft,Y,
item,/Game/PrimalEarth/CoreBlueprints/Items/Dyes/PrimalItemDye_Azure_2_Prussian,PrimalItemDye_Azure_2_Prussian,PrimalItemDye_Azure_2_Prussian_C,Y,N,,EPrimalMilestoneType:Craft,Y,
item,/Game/PrimalEarth/CoreBlueprints/Items/Dyes/PrimalItemDye_Azure_3_Sapphire,PrimalItemDye_Azure_3_Sapphire,PrimalItemDye_Azure_3_Sapphire_C,Y,N,,EPrimalMilestoneType:Craft,Y,
item,/Game/PrimalEarth/CoreBlueprints/Items/Dyes/PrimalItemDye_Azure_4_Azure,PrimalItemDye_Azure_4_Azure,PrimalItemDye_Azure_4_Azure_C,Y,N,,EPrimalMilestoneType:Craft,Y,
item,/Game/PrimalEarth/CoreBlueprints/Items/Dyes/PrimalItemDye_Azure_5_Babyblue,PrimalItemDye_Azure_5_Babyblue,PrimalItemDye_Azure_5_Babyblue_C,Y,N,,EPrimalMilestoneType:Craft,Y,
item,/Game/PrimalEarth/CoreBlueprints/Items/Dyes/PrimalItemDye_Azure_6_Cornflower,PrimalItemDye_Azure_6_Cornflower,PrimalItemDye_Azure_6_Cornflower_C,Y,N,,EPrimalMilestoneType:Craft,Y,
item,/Game/PrimalEarth/CoreBlueprints/Items/Dyes/PrimalItemDye_Azure_7_Overcast,PrimalItemDye_Azure_7_Overcast,PrimalItemDye_Azure_7_Overcast_C,Y,N,,EPrimalMilestoneType:Craft,Y,
item,/Game/PrimalEarth/CoreBlueprints/Items/Dyes/PrimalItemDye_Azure_8_Moonstone,PrimalItemDye_Azure_8_Moonstone,PrimalItemDye_Azure_8_Moonstone_C,Y,N,,EPrimalMilestoneType:Craft,Y,
item,/Game/PrimalEarth/CoreBlueprints/Items/Dyes/PrimalItemDye_Blue_1_Midnight,PrimalItemDye_Blue_1_Midnight,PrimalItemDye_Blue_1_Midnight_C,Y,N,,EPrimalMilestoneType:Craft,Y,
item,/Game/PrimalEarth/CoreBlueprints/Items/Dyes/PrimalItemDye_Blue_2_Navy,PrimalItemDye_Blue_2_Navy,PrimalItemDye_Blue_2_Navy_C,Y,N,,EPrimalMilestoneType:Craft,Y,
item,/Game/PrimalEarth/CoreBlueprints/Items/Dyes/PrimalItemDye_Blue_3_Cobalt,PrimalItemDye_Blue_3_Cobalt,PrimalItemDye_Blue_3_Cobalt_C,Y,N,,EPrimalMilestoneType:Craft,Y,
item,/Game/PrimalEarth/CoreBlueprints/Items/Dyes/PrimalItemDye_Blue_4_Blue,PrimalItemDye_Blue_4_Blue,PrimalItemDye_Blue_4_Blue_C,Y,N,,EPrimalMilestoneType:Craft,Y,
item,/Game/PrimalEarth/CoreBlueprints/Items/Dyes/PrimalItemDye_Blue_5_Denim,PrimalItemDye_Blue_5_Denim,PrimalItemDye_Blue_5_Denim_C,Y,N,,EPrimalMilestoneType:Craft,Y,
item,/Game/PrimalEarth/CoreBlueprints/Items/Dyes/PrimalItemDye_Blue_6_Ice,PrimalItemDye_Blue_6_Ice,PrimalItemDye_Blue_6_Ice_C,Y,N,,EPrimalMilestoneType:Craft,Y,
item,/Game/PrimalEarth/CoreBlueprints/Items/Dyes/PrimalItemDye_Blue_7_Frost,PrimalItemDye_Blue_7_Frost,PrimalItemDye_Blue_7_Frost_C,Y,N,,EPrimalMilestoneType:Craft,Y,
item,/Game/PrimalEarth/CoreBlueprints/Items/Dyes/PrimalItemDye_Blue_8_Deepfreeze,PrimalItemDye_Blue_8_Deepfreeze,PrimalItemDye_Blue_8_Deepfreeze_C,Y,N,,EPrimalMilestoneType:Craft,Y,
item,/Game/PrimalEarth/CoreBlueprints/Items/Dyes/PrimalItemDye_Brown_1_Mud,PrimalItemDye_Brown_1_Mud,PrimalItemDye_Brown_1_Mud_C,Y,N,,EPrimalMilestoneType:Craft,Y,
item,/Game/PrimalEarth/CoreBlueprints/Items/Dyes/PrimalItemDye_Brown_2_Bark,PrimalItemDye_Brown_2_Bark,PrimalItemDye_Brown_2_Bark_C,Y,N,,EPrimalMilestoneType:Craft,Y,
item,/Game/PrimalEarth/CoreBlueprints/Items/Dyes/PrimalItemDye_Brown_3_Brown,PrimalItemDye_Brown_3_Brown,PrimalItemDye_Brown_3_Brown_C,Y,N,,EPrimalMilestoneType:Craft,Y,
item,/Game/PrimalEarth/CoreBlueprints/Items/Dyes/PrimalItemDye_Brown_4_Leather,PrimalItemDye_Brown_4_Leather,PrimalItemDye_Brown_4_Leather_C,Y,N,,EPrimalMilestoneType:Craft,Y,
item,/Game/PrimalEarth/CoreBlueprints/Items/Dyes/PrimalItemDye_Brown_5_Camel,PrimalItemDye_Brown_5_Camel,PrimalItemDye_Brown_5_Camel_C,Y,N,,EPrimalMilestoneType:Craft,Y,
item,/Game/PrimalEarth/CoreBlueprints/Items/Dyes/PrimalItemDye_Brown_6_Tan,PrimalItemDye_Brown_6_Tan,PrimalItemDye_Brown_6_Tan_C,Y,N,,EPrimalMilestoneType:Craft,Y,
item,/Game/PrimalEarth/CoreBlueprints/Items/Dyes/PrimalItemDye_Brown_7_Sand,PrimalItemDye_Brown_7_Sand,PrimalItemDye_Brown_7_Sand_C,Y,N,,EPrimalMilestoneType:Craft,Y,
item,/Game/PrimalEarth/CoreBlueprints/Items/Dyes/PrimalItemDye_Brown_8_Parchment,PrimalItemDye_Brown_8_Parchment,PrimalItemDye_Brown_8_Parchment_C,Y,N,,EPrimalMilestoneType:Craft,Y,
item,/Game/PrimalEarth/CoreBlueprints/Items/Dyes/PrimalItemDye_Brown_9_Cream,PrimalItemDye_Brown_9_Cream,PrimalItemDye_Brown_9_Cream_C,Y,N,,EPrimalMilestoneType:Craft,Y,
item,/Game/PrimalEarth/CoreBlueprints/Items/Dyes/PrimalItemDye_Chartreuse_1_Swamp,PrimalItemDye_Chartreuse_1_Swamp,PrimalItemDye_Chartreuse_1_Swamp_C,Y,N,,EPrimalMilestoneType:Craft,Y,
item,/Game/PrimalEarth/CoreBlueprints/Items/Dyes/PrimalItemDye_Chartreuse_2_Avocado,PrimalItemDye_Chartreuse_2_Avocado,PrimalItemDye_Chartreuse_2_Avocado_C,Y,N,,EPrimalMilestoneType:Craft,Y,
item,/Game/PrimalEarth/CoreBlueprints/Items/Dyes/PrimalItemDye_Chartreuse_3_Orc,PrimalItemDye_Chartreuse_3_Orc,PrimalItemDye_Chartreuse_3_Orc_C,Y,N,,EPrimalMilestoneType:Craft,Y,
item,/Game/PrimalEarth/CoreBlueprints/Items/Dyes/PrimalItemDye_Chartreuse_4_Chartreuse,PrimalItemDye_Chartreuse_4_Chartreuse,PrimalItemDye_Chartreuse_4_Chartreuse_C,Y,N,,EPrimalMilestoneType:Craft,Y,
item,/Game/PrimalEarth/CoreBlueprints/Items/Dyes/PrimalItemDye_Chartreuse_5_Menthol,PrimalItemDye_Chartreuse_5_Menthol,PrimalItemDye_Chartreuse_5_Menthol_C,Y,N,,EPrimalMilestoneType:Craft,Y,
item,/Game/PrimalEarth/CoreBlueprints/Items/Dyes/PrimalItemDye_Chartreuse_6_Nyanza,PrimalItemDye_Chartreuse_6_Nyanza,PrimalItemDye_Chartreuse_6_Nyanza_C,Y,N,,EPrimalMilestoneType:Craft,Y,
item,/Game/PrimalEarth/CoreBlueprints/Items/Dyes/PrimalItemDye_Chartreuse_7_Putrescence,PrimalItemDye_Chartreuse_7_Putrescence,PrimalItemDye_Chartreuse_7_Putrescence_C,Y,N,,EPrimalMilestoneType:Craft,Y,
item,/Game/PrimalEarth/CoreBlueprints/Items/Dyes/PrimalItemDye_Chartreuse_8_Filth,PrimalItemDye_Chartreuse_8_Filth,PrimalItemDye_Chartreuse_8_Filth_C,Y,N,,EPrimalMilestoneType:Craft,Y,
item,/Game/PrimalEarth/CoreBlueprints/Items/Dyes/PrimalItemDye_Cyan_1_Mariana,PrimalItemDye_Cyan_1_Mariana,PrimalItemDye_Cyan_1_Mariana_C,Y,N,,EPrimalMilestoneType:Craft,Y,
item,/Game/PrimalEarth/CoreBlueprints/Items/Dyes/PrimalItemDye_Cyan_2_Skobeloff,PrimalItemDye_Cyan_2_Skobeloff,PrimalItemDye_Cyan_2_Skobeloff_C,Y,N,,EPrimalMilestoneType:Craft,Y,
item,/Game/PrimalEarth/CoreBlueprints/Items/Dyes/PrimalItemDye_Cyan_3_Teal,PrimalItemDye_Cyan_3_Teal,PrimalItemDye_Cyan_3_Teal_C,Y,N,,EPrimalMilestoneType:Craft,Y,
item,/Game/PrimalEarth/CoreBlueprints/Items/Dyes/PrimalItemDye_Cyan_4_Cyan,PrimalItemDye_Cyan_4_Cyan,PrimalItemDye_Cyan_4_Cyan_C,Y,N,,EPrimalMilestoneType:Craft,Y,
item,/Game/PrimalEarth/CoreBlueprints/Items/Dyes/PrimalItemDye_Cyan_5_Electricity,PrimalItemDye_Cyan_5_Electricity,PrimalItemDye_Cyan_5_Electricity_C,Y,N,,EPrimalMilestoneType:Craft,Y,
item,/Game/PrimalEarth/CoreBlueprints/Items/Dyes/PrimalItemDye_Cyan_6_Celeste,PrimalItemDye_Cyan_6_Celeste,PrimalItemDye_Cyan_6_Celeste_C,Y,N,,EPrimalMilestoneType:Craft,Y,
item,/Game/PrimalEarth/CoreBlueprints/Items/Dyes/PrimalItemDye_Cyan_7_Crystal,PrimalItemDye_Cyan_7_Crystal,PrimalItemDye_Cyan_7_Crystal_C,Y,N,,EPrimalMilestoneType:Craft,Y,
item,/Game/PrimalEarth/CoreBlueprints/Items/Dyes/PrimalItemDye_Cyan_8_Ocean,PrimalItemDye_Cyan_8_Ocean,PrimalItemDye_Cyan_8_Ocean_C,Y,N,,EPrimalMilestoneType:Craft,Y,
item,/Game/PrimalEarth/CoreBlueprints/Items/Dyes/PrimalItemDye_Fuschia_1_Raisin,PrimalItemDye_Fuschia_1_Raisin,PrimalItemDye_Fuschia_1_Raisin_C,Y,N,,EPrimalMilestoneType:Craft,Y,
item,/Game/PrimalEarth/CoreBlueprints/Items/Dyes/PrimalItemDye_Fuschia_2_Tyrian,PrimalItemDye_Fuschia_2_Tyrian,PrimalItemDye_Fuschia_2_Tyrian_C,Y,N,,EPrimalMilestoneType:Craft,Y,
item,/Game/PrimalEarth/CoreBlueprints/Items/Dyes/PrimalItemDye_Fuschia_3_Lust,PrimalItemDye_Fuschia_3_Lust,PrimalItemDye_Fuschia_3_Lust_C,Y,N,,EPrimalMilestoneType:Craft,Y,
item,/Game/PrimalEarth/CoreBlueprints/Items/Dyes/PrimalItemDye_Fuschia_4_Fuschia,PrimalItemDye_Fuschia_4_Fuschia,PrimalItemDye_Fuschia_4_Fuschia_C,Y,N,,EPrimalMilestoneType:Craft,Y,
item,/Game/PrimalEarth/CoreBlueprints/Items/Dyes/PrimalItemDye_Fuschia_5_Flamingo,PrimalItemDye_Fuschia_5_Flamingo,PrimalItemDye_Fuschia_5_Flamingo_C,Y,N,,EPrimalMilestoneType:Craft,Y,
item,/Game/PrimalEarth/CoreBlueprints/Items/Dyes/PrimalItemDye_Fuschia_6_Valentine,PrimalItemDye_Fuschia_6_Valentine,PrimalItemDye_Fuschia_6_Valentine_C,Y,N,,EPrimalMilestoneType:Craft,Y,
item,/Game/PrimalEarth/CoreBlueprints/Items/Dyes/PrimalItemDye_Fuschia_7_Kobi,PrimalItemDye_Fuschia_7_Kobi,PrimalItemDye_Fuschia_7_Kobi_C,Y,N,,EPrimalMilestoneType:Craft,Y,
item,/Game/PrimalEarth/CoreBlueprints/Items/Dyes/PrimalItemDye_Fuschia_8_Rouge,PrimalItemDye_Fuschia_8_Rouge,PrimalItemDye_Fuschia_8_Rouge_C,Y,N,,EPrimalMilestoneType:Craft,Y,
item,/Game/PrimalEarth/CoreBlueprints/Items/Dyes/PrimalItemDye_Green_1_Nori,PrimalItemDye_Green_1_Nori,PrimalItemDye_Green_1_Nori_C,Y,N,,EPrimalMilestoneType:Craft,Y,
item,/Game/PrimalEarth/CoreBlueprints/Items/Dyes/PrimalItemDye_Green_2_Hunter,PrimalItemDye_Green_2_Hunter,PrimalItemDye_Green_2_Hunter_C,Y,N,,EPrimalMilestoneType:Craft,Y,
item,/Game/PrimalEarth/CoreBlueprints/Items/Dyes/PrimalItemDye_Green_3_Emerald,PrimalItemDye_Green_3_Emerald,PrimalItemDye_Green_3_Emerald_C,Y,N,,EPrimalMilestoneType:Craft,Y,
item,/Game/PrimalEarth/CoreBlueprints/Items/Dyes/PrimalItemDye_Green_4_Green,PrimalItemDye_Green_4_Green,PrimalItemDye_Green_4_Green_C,Y,N,,EPrimalMilestoneType:Craft,Y,
item,/Game/PrimalEarth/CoreBlueprints/Items/Dyes/PrimalItemDye_Green_5_Mint,PrimalItemDye_Green_5_Mint,PrimalItemDye_Green_5_Mint_C,Y,N,,EPrimalMilestoneType:Craft,Y,
item,/Game/PrimalEarth/CoreBlueprints/Items/Dyes/PrimalItemDye_Green_6_Pistachio,PrimalItemDye_Green_6_Pistachio,PrimalItemDye_Green_6_Pistachio_C,Y,N,,EPrimalMilestoneType:Craft,Y,
item,/Game/PrimalEarth/CoreBlueprints/Items/Dyes/PrimalItemDye_Green_7_Celadon,PrimalItemDye_Green_7_Celadon,PrimalItemDye_Green_7_Celadon_C,Y,N,,EPrimalMilestoneType:Craft,Y,
item,/Game/PrimalEarth/CoreBlueprints/Items/Dyes/PrimalItemDye_Green_8_Chateau,PrimalItemDye_Green_8_Chateau,PrimalItemDye_Green_8_Chateau_C,Y,N,,EPrimalMilestoneType:Craft,Y,
item,/Game/PrimalEarth/CoreBlueprints/Items/Dyes/PrimalItemDye_Greyscale_10_White,PrimalItemDye_Greyscale_10_White,PrimalItemDye_Greyscale_10_White_C,Y,N,,EPrimalMilestoneType:Craft,Y,
item,/Game/PrimalEarth/CoreBlueprints/Items/Dyes/PrimalItemDye_Greyscale_1_Black,PrimalItemDye_Greyscale_1_Black,PrimalItemDye_Greyscale_1_Black_C,Y,N,,EPrimalMilestoneType:Craft,Y,
item,/Game/PrimalEarth/CoreBlueprints/Items/Dyes/PrimalItemDye_Greyscale_2_Shadow,PrimalItemDye_Greyscale_2_Shadow,PrimalItemDye_Greyscale_2_Shadow_C,Y,N,,EPrimalMilestoneType:Craft,Y,
item,/Game/PrimalEarth/CoreBlueprints/Items/Dyes/PrimalItemDye_Greyscale_3_Charcoal,PrimalItemDye_Greyscale_3_Charcoal,PrimalItemDye_Greyscale_3_Charcoal_C,Y,N,,EPrimalMilestoneType:Craft,Y,
item,/Game/PrimalEarth/CoreBlueprints/Items/Dyes/PrimalItemDye_Greyscale_4_Gunmetal,PrimalItemDye_Greyscale_4_Gunmetal,PrimalItemDye_Greyscale_4_Gunmetal_C,Y,N,,EPrimalMilestoneType:Craft,Y,
item,/Game/PrimalEarth/CoreBlueprints/Items/Dyes/PrimalItemDye_Greyscale_5_Slate,PrimalItemDye_Greyscale_5_Slate,PrimalItemDye_Greyscale_5_Slate_C,Y,N,,EPrimalMilestoneType:Craft,Y,
item,/Game/PrimalEarth/CoreBlueprints/Items/Dyes/PrimalItemDye_Greyscale_6_Steel,PrimalItemDye_Greyscale_6_Steel,PrimalItemDye_Greyscale_6_Steel_C,Y,N,,EPrimalMilestoneType:Craft,Y,
item,/Game/PrimalEarth/CoreBlueprints/Items/Dyes/PrimalItemDye_Greyscale_7_Grey,PrimalItemDye_Greyscale_7_Grey,PrimalItemDye_Greyscale_7_Grey_C,Y,N,,EPrimalMilestoneType:Craft,Y,
item,/Game/PrimalEarth/CoreBlueprints/Items/Dyes/PrimalItemDye_Greyscale_8_Silver,PrimalItemDye_Greyscale_8_Silver,PrimalItemDye_Greyscale_8_Silver_C,Y,N,,EPrimalMilestoneType:Craft,Y,
item,/Game/PrimalEarth/CoreBlueprints/Items/Dyes/PrimalItemDye_Greyscale_9_Wisp,PrimalItemDye_Greyscale_9_Wisp,PrimalItemDye_Greyscale_9_Wisp_C,Y,N,,EPrimalMilestoneType:Craft,Y,
item,/Game/PrimalEarth/CoreBlueprints/Items/Dyes/PrimalItemDye_Magenta_1_Eggplant,PrimalItemDye_Magenta_1_Eggplant,PrimalItemDye_Magenta_1_Eggplant_C,Y,N,,EPrimalMilestoneType:Craft,Y,
item,/Game/PrimalEarth/CoreBlueprints/Items/Dyes/PrimalItemDye_Magenta_2_Plum,PrimalItemDye_Magenta_2_Plum,PrimalItemDye_Magenta_2_Plum_C,Y,N,,EPrimalMilestoneType:Craft,Y,
item,/Game/PrimalEarth/CoreBlueprints/Items/Dyes/PrimalItemDye_Magenta_3_Purple,PrimalItemDye_Magenta_3_Purple,PrimalItemDye_Magenta_3_Purple_C,Y,N,,EPrimalMilestoneType:Craft,Y,
item,/Game/PrimalEarth/CoreBlueprints/Items/Dyes/PrimalItemDye_Magenta_4_Magenta,PrimalItemDye_Magenta_4_Magenta,PrimalItemDye_Magenta_4_Magenta_C,Y,N,,EPrimalMilestoneType:Craft,Y,
item,/Game/PrimalEarth/CoreBlueprints/Items/Dyes/PrimalItemDye_Magenta_5_Pink,PrimalItemDye_Magenta_5_Pink,PrimalItemDye_Magenta_5_Pink_C,Y,N,,EPrimalMilestoneType:Craft,Y,
item,/Game/PrimalEarth/CoreBlueprints/Items/Dyes/PrimalItemDye_Magenta_6_CottonCandy,PrimalItemDye_Magenta_6_CottonCandy,PrimalItemDye_Magenta_6_CottonCandy_C,Y,N,,EPrimalMilestoneType:Craft,Y,
item,/Game/PrimalEarth/CoreBlueprints/Items/Dyes/PrimalItemDye_Magenta_7_Orchid,PrimalItemDye_Magenta_7_Orchid,PrimalItemDye_Magenta_7_Orchid_C,Y,N,,EPrimalMilestoneType:Craft,Y,
item,/Game/PrimalEarth/CoreBlueprints/Items/Dyes/PrimalItemDye_Magenta_8_Bruise,PrimalItemDye_Magenta_8_Bruise,PrimalItemDye_Magenta_8_Bruise_C,Y,N,,EPrimalMilestoneType:Craft,Y,
item,/Game/PrimalEarth/CoreBlueprints/Items/Dyes/PrimalItemDye_Misc,PrimalItemDye_Misc,PrimalItemDye_Misc_C,N,N,,EPrimalMilestoneType:Craft,Y,
item,/Game/PrimalEarth/CoreBlueprints/Items/Dyes/PrimalItemDye_Orange_1_Bronze,PrimalItemDye_Orange_1_Bronze,PrimalItemDye_Orange_1_Bronze_C,Y,N,,EPrimalMilestoneType:Craft,Y,
item,/Game/PrimalEarth/CoreBlueprints/Items/Dyes/PrimalItemDye_Orange_2_Terracotta,PrimalItemDye_Orange_2_Terracotta,PrimalItemDye_Orange_2_Terracotta_C,Y,N,,EPrimalMilestoneType:Craft,Y,
item,/Game/PrimalEarth/CoreBlueprints/Items/Dyes/PrimalItemDye_Orange_3_Windsor,PrimalItemDye_Orange_3_Windsor,PrimalItemDye_Orange_3_Windsor_C,Y,N,,EPrimalMilestoneType:Craft,Y,
item,/Game/PrimalEarth/CoreBlueprints/Items/Dyes/PrimalItemDye_Orange_4_Orange,PrimalItemDye_Orange_4_Orange,PrimalItemDye_Orange_4_Orange_C,Y,N,,EPrimalMilestoneType:Craft,Y,
item,/Game/PrimalEarth/CoreBlueprints/Items/Dyes/PrimalItemDye_Orange_5_Cantaloupe,PrimalItemDye_Orange_5_Cantaloupe,PrimalItemDye_Orange_5_Cantaloupe_C,Y,N,,EPrimalMilestoneType:Craft,Y,
item,/Game/PrimalEarth/CoreBlueprints/Items/Dyes/PrimalItemDye_Orange_6_Peach,PrimalItemDye_Orange_6_Peach,PrimalItemDye_Orange_6_Peach_C,Y,N,,EPrimalMilestoneType:Craft,Y,
item,/Game/PrimalEarth/CoreBlueprints/Items/Dyes/PrimalItemDye_Orange_7_Latte,PrimalItemDye_Orange_7_Latte,PrimalItemDye_Orange_7_Latte_C,Y,N,,EPrimalMilestoneType:Craft,Y,
item,/Game/PrimalEarth/CoreBlueprints/Items/Dyes/PrimalItemDye_Orange_8_Dirt,PrimalItemDye_Orange_8_Dirt,PrimalItemDye_Orange_8_Dirt_C,Y,N,,EPrimalMilestoneType:Craft,Y,
item,/Game/PrimalEarth/CoreBlueprints/Items/Dyes/PrimalItemDye_Red_1_Burn,PrimalItemDye_Red_1_Burn,PrimalItemDye_Red_1_Burn_C,Y,N,,EPrimalMilestoneType:Craft,Y,
item,/Game/PrimalEarth/CoreBlueprints/Items/Dyes/PrimalItemDye_Red_2_Scab,PrimalItemDye_Red_2_Scab,PrimalItemDye_Red_2_Scab_C,Y,N,,EPrimalMilestoneType:Craft,Y,
item,/Game/PrimalEarth/CoreBlueprints/Items/Dyes/PrimalItemDye_Red_3_Gore,PrimalItemDye_Red_3_Gore,PrimalItemDye_Red_3_Gore_C,Y,N,,EPrimalMilestoneType:Craft,Y,
item,/Game/PrimalEarth/CoreBlueprints/Items/Dyes/PrimalItemDye_Red_4_Red,PrimalItemDye_Red_4_Red,PrimalItemDye_Red_4_Red_C,Y,N,,EPrimalMilestoneType:Craft,Y,
item,/Game/PrimalEarth/CoreBlueprints/Items/Dyes/PrimalItemDye_Red_5_Tulip,PrimalItemDye_Red_5_Tulip,PrimalItemDye_Red_5_Tulip_C,Y,N,,EPrimalMilestoneType:Craft,Y,
item,/Game/PrimalEarth/CoreBlueprints/Items/Dyes/PrimalItemDye_Red_6_Salmon,PrimalItemDye_Red_6_Salmon,PrimalItemDye_Red_6_Salmon_C,Y,N,,EPrimalMilestoneType:Craft,Y,
item,/Game/PrimalEarth/CoreBlueprints/Items/Dyes/PrimalItemDye_Red_7_Incense,PrimalItemDye_Red_7_Incense,PrimalItemDye_Red_7_Incense_C,Y,N,,EPrimalMilestoneType:Craft,Y,
item,/Game/PrimalEarth/CoreBlueprints/Items/Dyes/PrimalItemDye_Red_8_Edocha,PrimalItemDye_Red_8_Edocha,PrimalItemDye_Red_8_Edocha_C,Y,N,,EPrimalMilestoneType:Craft,Y,
item,/Game/PrimalEarth/CoreBlueprints/Items/Dyes/PrimalItemDye_Spring_1_Jungle,PrimalItemDye_Spring_1_Jungle,PrimalItemDye_Spring_1_Jungle_C,Y,N,,EPrimalMilestoneType:Craft,Y,
item,/Game/PrimalEarth/CoreBlueprints/Items/Dyes/PrimalItemDye_Spring_2_Forest,PrimalItemDye_Spring_2_Forest,PrimalItemDye_Spring_2_Forest_C,Y,N,,EPrimalMilestoneType:Craft,Y,
item,/Game/PrimalEarth/CoreBlueprints/Items/Dyes/PrimalItemDye_Spring_3_Lagoon,PrimalItemDye_Spring_3_Lagoon,PrimalItemDye_Spring_3_Lagoon_C,Y,N,,EPrimalMilestoneType:Craft,Y,
item,/Game/PrimalEarth/CoreBlueprints/Items/Dyes/PrimalItemDye_Spring_4_Spring,PrimalItemDye_Spring_4_Spring,PrimalItemDye_Spring_4_Spring_C,Y,N,,EPrimalMilestoneType:Craft,Y,
item,/Game/PrimalEarth/CoreBlueprints/Items/Dyes/PrimalItemDye_Spring_5_Aquamarine,PrimalItemDye_Spring_5_Aquamarine,PrimalItemDye_Spring_5_Aquamarine_C,Y,N,,EPrimalMilestoneType:Craft,Y,
item,/Game/PrimalEarth/CoreBlueprints/Items/Dyes/PrimalItemDye_Spring_6_Seafoam,PrimalItemDye_Spring_6_Seafoam,PrimalItemDye_Spring_6_Seafoam_C,Y,N,,EPrimalMilestoneType:Craft,Y,
item,/Game/PrimalEarth/CoreBlueprints/Items/Dyes/PrimalItemDye_Spring_7_Turquoise,PrimalItemDye_Spring_7_Turquoise,PrimalItemDye_Spring_7_Turquoise_C,Y,N,,EPrimalMilestoneType:Craft,Y,
item,/Game/PrimalEarth/CoreBlueprints/Items/Dyes/PrimalItemDye_Spring_8_Shamrock,PrimalItemDye_Spring_8_Shamrock,PrimalItemDye_Spring_8_Shamrock_C,Y,N,,EPrimalMilestoneType:Craft,Y,
item,/Game/PrimalEarth/CoreBlueprints/Items/Dyes/PrimalItemDye_Violet_1_Twilight,PrimalItemDye_Violet_1_Twilight,PrimalItemDye_Violet_1_Twilight_C,Y,N,,EPrimalMilestoneType:Craft,Y,
item,/Game/PrimalEarth/CoreBlueprints/Items/Dyes/PrimalItemDye_Violet_2_Eminence,PrimalItemDye_Violet_2_Eminence,PrimalItemDye_Violet_2_Eminence_C,Y,N,,EPrimalMilestoneType:Craft,Y,
item,/Game/PrimalEarth/CoreBlueprints/Items/Dyes/PrimalItemDye_Violet_3_Indigo,PrimalItemDye_Violet_3_Indigo,PrimalItemDye_Violet_3_Indigo_C,Y,N,,EPrimalMilestoneType:Craft,Y,
item,/Game/PrimalEarth/CoreBlueprints/Items/Dyes/PrimalItemDye_Violet_4_Violet,PrimalItemDye_Violet_4_Violet,PrimalItemDye_Violet_4_Violet_C,Y,N,,EPrimalMilestoneType:Craft,Y,
item,/Game/PrimalEarth/CoreBlueprints/Items/Dyes/PrimalItemDye_Violet_5_Lilac,PrimalItemDye_Violet_5_Lilac,PrimalItemDye_Violet_5_Lilac_C,Y,N,,EPrimalMilestoneType:Craft,Y,
item,/Game/PrimalEarth/CoreBlueprints/Items/Dyes/PrimalItemDye_Violet_6_Lavender,PrimalItemDye_Violet_6_Lavender,PrimalItemDye_Violet_6_Lavender_C,Y,N,,EPrimalMilestoneType:Craft,Y,
item,/Game/PrimalEarth/CoreBlueprints/Items/Dyes/PrimalItemDye_Violet_7_Mauve,PrimalItemDye_Violet_7_Mauve,PrimalItemDye_Violet_7_Mauve_C,Y,N,,EPrimalMilestoneType:Craft,Y,
item,/Game/PrimalEarth/CoreBlueprints/Items/Dyes/PrimalItemDye_Violet_8_Royalty,PrimalItemDye_Violet_8_Royalty,PrimalItemDye_Violet_8_Royalty_C,Y,N,,EPrimalMilestoneType:Craft,Y,
item,/Game/PrimalEarth/CoreBlueprints/Items/Dyes/PrimalItemDye_Yellow_1_Drab,PrimalItemDye_Yellow_1_Drab,PrimalItemDye_Yellow_1_Drab_C,Y,N,,EPrimalMilestoneType:Craft,Y,
item,/Game/PrimalEarth/CoreBlueprints/Items/Dyes/PrimalItemDye_Yellow_2_Olive,PrimalItemDye_Yellow_2_Olive,PrimalItemDye_Yellow_2_Olive_C,Y,N,,EPrimalMilestoneType:Craft,Y,
item,/Game/PrimalEarth/CoreBlueprints/Items/Dyes/PrimalItemDye_Yellow_3_Citron,PrimalItemDye_Yellow_3_Citron,PrimalItemDye_Yellow_3_Citron_C,Y,N,,EPrimalMilestoneType:Craft,Y,
item,/Game/PrimalEarth/CoreBlueprints/Items/Dyes/PrimalItemDye_Yellow_4_Yellow,PrimalItemDye_Yellow_4_Yellow,PrimalItemDye_Yellow_4_Yellow_C,Y,N,,EPrimalMilestoneType:Craft,Y,
item,/Game/PrimalEarth/CoreBlueprints/Items/Dyes/PrimalItemDye_Yellow_5_Canary,PrimalItemDye_Yellow_5_Canary,PrimalItemDye_Yellow_5_Canary_C,Y,N,,EPrimalMilestoneType:Craft,Y,
item,/Game/PrimalEarth/CoreBlueprints/Items/Dyes/PrimalItemDye_Yellow_6_Buttermilk,PrimalItemDye_Yellow_6_Buttermilk,PrimalItemDye_Yellow_6_Buttermilk_C,Y,N,,EPrimalMilestoneType:Craft,Y,
item,/Game/PrimalEarth/CoreBlueprints/Items/Dyes/PrimalItemDye_Yellow_7_Khaki,PrimalItemDye_Yellow_7_Khaki,PrimalItemDye_Yellow_7_Khaki_C,Y,N,,EPrimalMilestoneType:Craft,Y,
item,/Game/PrimalEarth/CoreBlueprints/Items/Dyes/PrimalItemDye_Yellow_8_Mold,PrimalItemDye_Yellow_8_Mold,PrimalItemDye_Yellow_8_Mold_C,Y,N,,EPrimalMilestoneType:Craft,Y,
item,/Game/PrimalEarth/CoreBlueprints/Items/Notes/PrimalItem_Note,PrimalItem_Note,PrimalItem_Note_C,Y,N,MiscConsumable,EPrimalItemType:MiscConsumable; EPrimalMilestoneType:Craft,Y,
item,/Game/PrimalEarth/CoreBlueprints/Items/Notes/PrimalItem_RecipeNote_BattleTartare,PrimalItem_RecipeNote_BattleTartare,PrimalItem_RecipeNote_BattleTartare_C,N,N,MiscConsumable,EPrimalItemType:MiscConsumable; EPrimalMilestoneType:Craft,Y,
item,/Game/PrimalEarth/CoreBlueprints/Items/Notes/PrimalItem_RecipeNote_CalienSoup,PrimalItem_RecipeNote_CalienSoup,PrimalItem_RecipeNote_CalienSoup_C,N,N,MiscConsumable,EPrimalItemType:MiscConsumable; EPrimalMilestoneType:Craft,Y,
item,/Game/PrimalEarth/CoreBlueprints/Items/Notes/PrimalItem_RecipeNote_Dye,PrimalItem_RecipeNote_Dye,PrimalItem_RecipeNote_Dye_C,N,N,MiscConsumable,EPrimalItemType:MiscConsumable; EPrimalMilestoneType:Craft,Y,
item,/Game/PrimalEarth/CoreBlueprints/Items/Notes/PrimalItem_RecipeNote_EnduroStew,PrimalItem_RecipeNote_EnduroStew,PrimalItem_RecipeNote_EnduroStew_C,N,N,MiscConsumable,EPrimalItemType:MiscConsumable; EPrimalMilestoneType:Craft,Y,
item,/Game/PrimalEarth/CoreBlueprints/Items/Notes/PrimalItem_RecipeNote_FocalChili,PrimalItem_RecipeNote_FocalChili,PrimalItem_RecipeNote_FocalChili_C,N,N,MiscConsumable,EPrimalItemType:MiscConsumable; EPrimalMilestoneType:Craft,Y,
item,/Game/PrimalEarth/CoreBlueprints/Items/Notes/PrimalItem_RecipeNote_FriaCurry,PrimalItem_RecipeNote_FriaCurry,PrimalItem_RecipeNote_FriaCurry_C,N,N,MiscConsumable,EPrimalItemType:MiscConsumable; EPrimalMilestoneType:Craft,Y,
item,/Game/PrimalEarth/CoreBlueprints/Items/Notes/PrimalItem_RecipeNote_HealSoup,PrimalItem_RecipeNote_HealSoup,PrimalItem_RecipeNote_HealSoup_C,N,N,MiscConsumable,EPrimalItemType:MiscConsumable; EPrimalMilestoneType:Craft,Y,
item,/Game/PrimalEarth/CoreBlueprints/Items/Notes/PrimalItem_RecipeNote_Jerky,PrimalItem_RecipeNote_Jerky,PrimalItem_RecipeNote_Jerky_C,N,N,MiscConsumable,EPrimalItemType:MiscConsumable; EPrimalMilestoneType:Craft,Y,
item,/Game/PrimalEarth/CoreBlueprints/Items/Notes/PrimalItem_RecipeNote_Kibble,PrimalItem_RecipeNote_Kibble,PrimalItem_RecipeNote_Kibble_C,N,N,MiscConsumable,EPrimalItemType:MiscConsumable; EPrimalMilestoneType:Craft,Y,
item,/Game/PrimalEarth/CoreBlueprints/Items/Notes/PrimalItem_RecipeNote_Kibble_Allo,PrimalItem_RecipeNote_Kibble_Allo,PrimalItem_RecipeNote_Kibble_Allo_C,N,N,MiscConsumable,EPrimalItemType:MiscConsumable; EPrimalMilestoneType:Craft,Y,
item,/Game/PrimalEarth/CoreBlueprints/Items/Notes/PrimalItem_RecipeNote_Kibble_Ankylo,PrimalItem_RecipeNote_Kibble_Ankylo,PrimalItem_RecipeNote_Kibble_Ankylo_C,N,N,MiscConsumable,EPrimalItemType:MiscConsumable; EPrimalMilestoneType:Craft,Y,
item,/Game/PrimalEarth/CoreBlueprints/Items/Notes/PrimalItem_RecipeNote_Kibble_archaeopteryx,PrimalItem_RecipeNote_Kibble_archaeopteryx,PrimalItem_RecipeNote_Kibble_archaeopteryx_C,N,N,MiscConsumable,EPrimalItemType:MiscConsumable; EPrimalMilestoneType:Craft,Y,
item,/Game/PrimalEarth/CoreBlueprints/Items/Notes/PrimalItem_RecipeNote_Kibble_Argentavis,PrimalItem_RecipeNote_Kibble_Argentavis,PrimalItem_RecipeNote_Kibble_Argentavis_C,N,N,MiscConsumable,EPrimalItemType:MiscConsumable; EPrimalMilestoneType:Craft,Y,
item,/Game/PrimalEarth/CoreBlueprints/Items/Notes/PrimalItem_RecipeNote_Kibble_Baryonyx,PrimalItem_RecipeNote_Kibble_Baryonyx,PrimalItem_RecipeNote_Kibble_Baryonyx_C,N,N,MiscConsumable,EPrimalItemType:MiscConsumable; EPrimalMilestoneType:Craft,Y,
item,/Game/PrimalEarth/CoreBlueprints/Items/Notes/PrimalItem_RecipeNote_Kibble_Bronto,PrimalItem_RecipeNote_Kibble_Bronto,PrimalItem_RecipeNote_Kibble_Bronto_C,N,N,MiscConsumable,EPrimalItemType:MiscConsumable; EPrimalMilestoneType:Craft,Y,
item,/Game/PrimalEarth/CoreBlueprints/Items/Notes/PrimalItem_RecipeNote_Kibble_Carbonemys,PrimalItem_RecipeNote_Kibble_Carbonemys,PrimalItem_RecipeNote_Kibble_Carbonemys_C,N,N,MiscConsumable,EPrimalItemType:MiscConsumable; EPrimalMilestoneType:Craft,Y,
item,/Game/PrimalEarth/CoreBlueprints/Items/Notes/PrimalItem_RecipeNote_Kibble_Carno,PrimalItem_RecipeNote_Kibble_Carno,PrimalItem_RecipeNote_Kibble_Carno_C,N,N,MiscConsumable,EPrimalItemType:MiscConsumable; EPrimalMilestoneType:Craft,Y,
item,/Game/PrimalEarth/CoreBlueprints/Items/Notes/PrimalItem_RecipeNote_Kibble_Compy,PrimalItem_RecipeNote_Kibble_Compy,PrimalItem_RecipeNote_Kibble_Compy_C,N,N,MiscConsumable,EPrimalItemType:MiscConsumable; EPrimalMilestoneType:Craft,Y,
item,/Game/PrimalEarth/CoreBlueprints/Items/Notes/PrimalItem_RecipeNote_Kibble_Dilo,PrimalItem_RecipeNote_Kibble_Dilo,PrimalItem_RecipeNote_Kibble_Dilo_C,N,N,MiscConsumable,EPrimalItemType:MiscConsumable; EPrimalMilestoneType:Craft,Y,
item,/Game/PrimalEarth/CoreBlueprints/Items/Notes/PrimalItem_RecipeNote_Kibble_Dimetrodon,PrimalItem_RecipeNote_Kibble_Dimetrodon,PrimalItem_RecipeNote_Kibble_Dimetrodon_C,N,N,MiscConsumable,EPrimalItemType:MiscConsumable; EPrimalMilestoneType:Craft,Y,
item,/Game/PrimalEarth/CoreBlueprints/Items/Notes/PrimalItem_RecipeNote_Kibble_Dimorphodon,PrimalItem_RecipeNote_Kibble_Dimorphodon,PrimalItem_RecipeNote_Kibble_Dimorphodon_C,N,N,MiscConsumable,EPrimalItemType:MiscConsumable; EPrimalMilestoneType:Craft,Y,
item,/Game/PrimalEarth/CoreBlueprints/Items/Notes/PrimalItem_RecipeNote_Kibble_Diplodocus,PrimalItem_RecipeNote_Kibble_Diplodocus,PrimalItem_RecipeNote_Kibble_Diplodocus_C,N,N,MiscConsumable,EPrimalItemType:MiscConsumable; EPrimalMilestoneType:Craft,Y,
item,/Game/PrimalEarth/CoreBlueprints/Items/Notes/PrimalItem_RecipeNote_Kibble_Dodo,PrimalItem_RecipeNote_Kibble_Dodo,PrimalItem_RecipeNote_Kibble_Dodo_C,N,N,MiscConsumable,EPrimalItemType:MiscConsumable; EPrimalMilestoneType:Craft,Y,
item,/Game/PrimalEarth/CoreBlueprints/Items/Notes/PrimalItem_RecipeNote_Kibble_Gallimimus,PrimalItem_RecipeNote_Kibble_Gallimimus,PrimalItem_RecipeNote_Kibble_Gallimimus_C,N,N,MiscConsumable,EPrimalItemType:MiscConsumable; EPrimalMilestoneType:Craft,Y,
item,/Game/PrimalEarth/CoreBlueprints/Items/Notes/PrimalItem_RecipeNote_Kibble_Ichthyornis,PrimalItem_RecipeNote_Kibble_Ichthyornis,PrimalItem_RecipeNote_Kibble_Ichthyornis_C,N,N,MiscConsumable,EPrimalItemType:MiscConsumable; EPrimalMilestoneType:Craft,Y,
item,/Game/PrimalEarth/CoreBlueprints/Items/Notes/PrimalItem_RecipeNote_Kibble_Iguanodon,PrimalItem_RecipeNote_Kibble_Iguanodon,PrimalItem_RecipeNote_Kibble_Iguanodon_C,N,N,MiscConsumable,EPrimalItemType:MiscConsumable; EPrimalMilestoneType:Craft,Y,
item,/Game/PrimalEarth/CoreBlueprints/Items/Notes/PrimalItem_RecipeNote_Kibble_Kairuku,PrimalItem_RecipeNote_Kibble_Kairuku,PrimalItem_RecipeNote_Kibble_Kairuku_C,N,N,MiscConsumable,EPrimalItemType:MiscConsumable; EPrimalMilestoneType:Craft,Y,
item,/Game/PrimalEarth/CoreBlueprints/Items/Notes/PrimalItem_RecipeNote_Kibble_Kentrosaurus,PrimalItem_RecipeNote_Kibble_Kentrosaurus,PrimalItem_RecipeNote_Kibble_Kentrosaurus_C,N,N,MiscConsumable,EPrimalItemType:MiscConsumable; EPrimalMilestoneType:Craft,Y,
item,/Game/PrimalEarth/CoreBlueprints/Items/Notes/PrimalItem_RecipeNote_Kibble_Lystro,PrimalItem_RecipeNote_Kibble_Lystro,PrimalItem_RecipeNote_Kibble_Lystro_C,N,N,MiscConsumable,EPrimalItemType:MiscConsumable; EPrimalMilestoneType:Craft,Y,
item,/Game/PrimalEarth/CoreBlueprints/Items/Notes/PrimalItem_RecipeNote_Kibble_Megalania,PrimalItem_RecipeNote_Kibble_Megalania,PrimalItem_RecipeNote_Kibble_Megalania_C,N,N,MiscConsumable,EPrimalItemType:MiscConsumable; EPrimalMilestoneType:Craft,Y,
item,/Game/PrimalEarth/CoreBlueprints/Items/Notes/PrimalItem_RecipeNote_Kibble_Megalosaurus,PrimalItem_RecipeNote_Kibble_Megalosaurus,PrimalItem_RecipeNote_Kibble_Megalosaurus_C,N,N,MiscConsumable,EPrimalItemType:MiscConsumable; EPrimalMilestoneType:Craft,Y,
item,/Game/PrimalEarth/CoreBlueprints/Items/Notes/PrimalItem_RecipeNote_Kibble_Microraptor,PrimalItem_RecipeNote_Kibble_Microraptor,PrimalItem_RecipeNote_Kibble_Microraptor_C,N,N,MiscConsumable,EPrimalItemType:MiscConsumable; EPrimalMilestoneType:Craft,Y,
item,/Game/PrimalEarth/CoreBlueprints/Items/Notes/PrimalItem_RecipeNote_Kibble_Moschops,PrimalItem_RecipeNote_Kibble_Moschops,PrimalItem_RecipeNote_Kibble_Moschops_C,N,N,MiscConsumable,EPrimalItemType:MiscConsumable; EPrimalMilestoneType:Craft,Y,
item,/Game/PrimalEarth/CoreBlueprints/Items/Notes/PrimalItem_RecipeNote_Kibble_Oviraptor,PrimalItem_RecipeNote_Kibble_Oviraptor,PrimalItem_RecipeNote_Kibble_Oviraptor_C,N,N,MiscConsumable,EPrimalItemType:MiscConsumable; EPrimalMilestoneType:Craft,Y,
item,/Game/PrimalEarth/CoreBlueprints/Items/Notes/PrimalItem_RecipeNote_Kibble_Pachy,PrimalItem_RecipeNote_Kibble_Pachy,PrimalItem_RecipeNote_Kibble_Pachy_C,N,N,MiscConsumable,EPrimalItemType:MiscConsumable; EPrimalMilestoneType:Craft,Y,
item,/Game/PrimalEarth/CoreBlueprints/Items/Notes/PrimalItem_RecipeNote_Kibble_PachyRhino,PrimalItem_RecipeNote_Kibble_PachyRhino,PrimalItem_RecipeNote_Kibble_PachyRhino_C,N,N,MiscConsumable,EPrimalItemType:MiscConsumable; EPrimalMilestoneType:Craft,Y,
item,/Game/PrimalEarth/CoreBlueprints/Items/Notes/PrimalItem_RecipeNote_Kibble_Parasaur,PrimalItem_RecipeNote_Kibble_Parasaur,PrimalItem_RecipeNote_Kibble_Parasaur_C,N,N,MiscConsumable,EPrimalItemType:MiscConsumable; EPrimalMilestoneType:Craft,Y,
item,/Game/PrimalEarth/CoreBlueprints/Items/Notes/PrimalItem_RecipeNote_Kibble_Pegomastax,PrimalItem_RecipeNote_Kibble_Pegomastax,PrimalItem_RecipeNote_Kibble_Pegomastax_C,N,N,MiscConsumable,EPrimalItemType:MiscConsumable; EPrimalMilestoneType:Craft,Y,
item,/Game/PrimalEarth/CoreBlueprints/Items/Notes/PrimalItem_RecipeNote_Kibble_Pela,PrimalItem_RecipeNote_Kibble_Pela,PrimalItem_RecipeNote_Kibble_Pela_C,N,N,MiscConsumable,EPrimalItemType:MiscConsumable; EPrimalMilestoneType:Craft,Y,
item,/Game/PrimalEarth/CoreBlueprints/Items/Notes/PrimalItem_RecipeNote_Kibble_Ptero,PrimalItem_RecipeNote_Kibble_Ptero,PrimalItem_RecipeNote_Kibble_Ptero_C,N,N,MiscConsumable,EPrimalItemType:MiscConsumable; EPrimalMilestoneType:Craft,Y,
item,/Game/PrimalEarth/CoreBlueprints/Items/Notes/PrimalItem_RecipeNote_Kibble_Pulmono,PrimalItem_RecipeNote_Kibble_Pulmono,PrimalItem_RecipeNote_Kibble_Pulmono_C,N,N,MiscConsumable,EPrimalItemType:MiscConsumable; EPrimalMilestoneType:Craft,Y,
item,/Game/PrimalEarth/CoreBlueprints/Items/Notes/PrimalItem_RecipeNote_Kibble_Quetz,PrimalItem_RecipeNote_Kibble_Quetz,PrimalItem_RecipeNote_Kibble_Quetz_C,N,N,MiscConsumable,EPrimalItemType:MiscConsumable; EPrimalMilestoneType:Craft,Y,
item,/Game/PrimalEarth/CoreBlueprints/Items/Notes/PrimalItem_RecipeNote_Kibble_Raptor,PrimalItem_RecipeNote_Kibble_Raptor,PrimalItem_RecipeNote_Kibble_Raptor_C,N,N,MiscConsumable,EPrimalItemType:MiscConsumable; EPrimalMilestoneType:Craft,Y,
item,/Game/PrimalEarth/CoreBlueprints/Items/Notes/PrimalItem_RecipeNote_Kibble_Rex,PrimalItem_RecipeNote_Kibble_Rex,PrimalItem_RecipeNote_Kibble_Rex_C,N,N,MiscConsumable,EPrimalItemType:MiscConsumable; EPrimalMilestoneType:Craft,Y,
item,/Game/PrimalEarth/CoreBlueprints/Items/Notes/PrimalItem_RecipeNote_Kibble_Sarco,PrimalItem_RecipeNote_Kibble_Sarco,PrimalItem_RecipeNote_Kibble_Sarco_C,N,N,MiscConsumable,EPrimalItemType:MiscConsumable; EPrimalMilestoneType:Craft,Y,
item,/Game/PrimalEarth/CoreBlueprints/Items/Notes/PrimalItem_RecipeNote_Kibble_Spino,PrimalItem_RecipeNote_Kibble_Spino,PrimalItem_RecipeNote_Kibble_Spino_C,N,N,MiscConsumable,EPrimalItemType:MiscConsumable; EPrimalMilestoneType:Craft,Y,
item,/Game/PrimalEarth/CoreBlueprints/Items/Notes/PrimalItem_RecipeNote_Kibble_Stegosaurus,PrimalItem_RecipeNote_Kibble_Stegosaurus,PrimalItem_RecipeNote_Kibble_Stegosaurus_C,N,N,MiscConsumable,EPrimalItemType:MiscConsumable; EPrimalMilestoneType:Craft,Y,
item,/Game/PrimalEarth/CoreBlueprints/Items/Notes/PrimalItem_RecipeNote_Kibble_Tapejara,PrimalItem_RecipeNote_Kibble_Tapejara,PrimalItem_RecipeNote_Kibble_Tapejara_C,N,N,MiscConsumable,EPrimalItemType:MiscConsumable; EPrimalMilestoneType:Craft,Y,
item,/Game/PrimalEarth/CoreBlueprints/Items/Notes/PrimalItem_RecipeNote_Kibble_TerrorBird,PrimalItem_RecipeNote_Kibble_TerrorBird,PrimalItem_RecipeNote_Kibble_TerrorBird_C,N,N,MiscConsumable,EPrimalItemType:MiscConsumable; EPrimalMilestoneType:Craft,Y,
item,/Game/PrimalEarth/CoreBlueprints/Items/Notes/PrimalItem_RecipeNote_Kibble_Therizino,PrimalItem_RecipeNote_Kibble_Therizino,PrimalItem_RecipeNote_Kibble_Therizino_C,N,N,MiscConsumable,EPrimalItemType:MiscConsumable; EPrimalMilestoneType:Craft,Y,
item,/Game/PrimalEarth/CoreBlueprints/Items/Notes/PrimalItem_RecipeNote_Kibble_Titanoboa,PrimalItem_RecipeNote_Kibble_Titanoboa,PrimalItem_RecipeNote_Kibble_Titanoboa_C,N,N,MiscConsumable,EPrimalItemType:MiscConsumable; EPrimalMilestoneType:Craft,Y,
item,/Game/PrimalEarth/CoreBlueprints/Items/Notes/PrimalItem_RecipeNote_Kibble_Triceratops,PrimalItem_RecipeNote_Kibble_Triceratops,PrimalItem_RecipeNote_Kibble_Triceratops_C,N,N,MiscConsumable,EPrimalItemType:MiscConsumable; EPrimalMilestoneType:Craft,Y,
item,/Game/PrimalEarth/CoreBlueprints/Items/Notes/PrimalItem_RecipeNote_Kibble_Troodon,PrimalItem_RecipeNote_Kibble_Troodon,PrimalItem_RecipeNote_Kibble_Troodon_C,N,N,MiscConsumable,EPrimalItemType:MiscConsumable; EPrimalMilestoneType:Craft,Y,
item,/Game/PrimalEarth/CoreBlueprints/Items/Notes/PrimalItem_RecipeNote_LazarusChowder,PrimalItem_RecipeNote_LazarusChowder,PrimalItem_RecipeNote_LazarusChowder_C,N,N,MiscConsumable,EPrimalItemType:MiscConsumable; EPrimalMilestoneType:Craft,Y,
item,/Game/PrimalEarth/CoreBlueprints/Items/Notes/PrimalItem_RecipeNote_Measurements,PrimalItem_RecipeNote_Measurements,PrimalItem_RecipeNote_Measurements_C,N,N,MiscConsumable,EPrimalItemType:MiscConsumable; EPrimalMilestoneType:Craft,Y,
item,/Game/PrimalEarth/CoreBlueprints/Items/Notes/PrimalItem_RecipeNote_RespecSoup,PrimalItem_RecipeNote_RespecSoup,PrimalItem_RecipeNote_RespecSoup_C,N,N,MiscConsumable,EPrimalItemType:MiscConsumable; EPrimalMilestoneType:Craft,Y,
item,/Game/PrimalEarth/CoreBlueprints/Items/Notes/PrimalItem_RecipeNote_ShadowSteak,PrimalItem_RecipeNote_ShadowSteak,PrimalItem_RecipeNote_ShadowSteak_C,N,N,MiscConsumable,EPrimalItemType:MiscConsumable; EPrimalMilestoneType:Craft,Y,
item,/Game/PrimalEarth/CoreBlueprints/Items/Notes/PrimalItem_RecipeNote_StaminaSoup,PrimalItem_RecipeNote_StaminaSoup,PrimalItem_RecipeNote_StaminaSoup_C,N,N,MiscConsumable,EPrimalItemType:MiscConsumable; EPrimalMilestoneType:Craft,Y,
item,/Game/PrimalEarth/CoreBlueprints/Items/Notes/PrimalItem_StartingNote,PrimalItem_StartingNote,PrimalItem_StartingNote_C,Y,N,MiscConsumable,EPrimalItemType:MiscConsumable; EPrimalMilestoneType:Craft,Y,
item,/Game/PrimalEarth/CoreBlueprints/Items/PrimalItem_FishBasketFilled,PrimalItem_FishBasketFilled,PrimalItem_FishBasketFilled_C,N,N,MiscConsumable,EPrimalItemType:MiscConsumable; EPrimalMilestoneType:Craft,Y,
item,/Game/PrimalEarth/CoreBlueprints/Items/PrimalItem_Pliers,PrimalItem_Pliers,PrimalItem_Pliers_C,Y,N,MiscConsumable,EPrimalItemType:MiscConsumable; EPrimalMilestoneType:Craft,Y,
item,/Game/PrimalEarth/CoreBlueprints/Items/PrimalItemDye_ActuallyMagenta,PrimalItemDye_ActuallyMagenta,PrimalItemDye_ActuallyMagenta_C,N,N,,EPrimalMilestoneType:Craft,Y,
item,/Game/PrimalEarth/CoreBlueprints/Items/PrimalItemDye_Black,PrimalItemDye_Black,PrimalItemDye_Black_C,N,N,,EPrimalMilestoneType:Craft,Y,
item,/Game/PrimalEarth/CoreBlueprints/Items/PrimalItemDye_Blue,PrimalItemDye_Blue,PrimalItemDye_Blue_C,N,N,,EPrimalMilestoneType:Craft,Y,
item,/Game/PrimalEarth/CoreBlueprints/Items/PrimalItemDye_Brick,PrimalItemDye_Brick,PrimalItemDye_Brick_C,N,N,,EPrimalMilestoneType:Craft,Y,
item,/Game/PrimalEarth/CoreBlueprints/Items/PrimalItemDye_Brown,PrimalItemDye_Brown,PrimalItemDye_Brown_C,N,N,,EPrimalMilestoneType:Craft,Y,
item,/Game/PrimalEarth/CoreBlueprints/Items/PrimalItemDye_Cantaloupe,PrimalItemDye_Cantaloupe,PrimalItemDye_Cantaloupe_C,N,N,,EPrimalMilestoneType:Craft,Y,
item,/Game/PrimalEarth/CoreBlueprints/Items/PrimalItemDye_Cyan,PrimalItemDye_Cyan,PrimalItemDye_Cyan_C,N,N,,EPrimalMilestoneType:Craft,Y,
item,/Game/PrimalEarth/CoreBlueprints/Items/PrimalItemDye_Forest,PrimalItemDye_Forest,PrimalItemDye_Forest_C,N,N,,EPrimalMilestoneType:Craft,Y,
item,/Game/PrimalEarth/CoreBlueprints/Items/PrimalItemDye_Green,PrimalItemDye_Green,PrimalItemDye_Green_C,N,N,,EPrimalMilestoneType:Craft,Y,
item,/Game/PrimalEarth/CoreBlueprints/Items/PrimalItemDye_Magenta,PrimalItemDye_Magenta,PrimalItemDye_Magenta_C,N,N,,EPrimalMilestoneType:Craft,Y,
item,/Game/PrimalEarth/CoreBlueprints/Items/PrimalItemDye_Mud,PrimalItemDye_Mud,PrimalItemDye_Mud_C,N,N,,EPrimalMilestoneType:Craft,Y,
item,/Game/PrimalEarth/CoreBlueprints/Items/PrimalItemDye_Navy,PrimalItemDye_Navy,PrimalItemDye_Navy_C,N,N,,EPrimalMilestoneType:Craft,Y,
item,/Game/PrimalEarth/CoreBlueprints/Items/PrimalItemDye_Olive,PrimalItemDye_Olive,PrimalItemDye_Olive_C,N,N,,EPrimalMilestoneType:Craft,Y,
item,/Game/PrimalEarth/CoreBlueprints/Items/PrimalItemDye_Orange,PrimalItemDye_Orange,PrimalItemDye_Orange_C,N,N,,EPrimalMilestoneType:Craft,Y,
item,/Game/PrimalEarth/CoreBlueprints/Items/PrimalItemDye_Parchment,PrimalItemDye_Parchment,PrimalItemDye_Parchment_C,N,N,,EPrimalMilestoneType:Craft,Y,
item,/Game/PrimalEarth/CoreBlueprints/Items/PrimalItemDye_Pink,PrimalItemDye_Pink,PrimalItemDye_Pink_C,N,N,,EPrimalMilestoneType:Craft,Y,
item,/Game/PrimalEarth/CoreBlueprints/Items/PrimalItemDye_Purple,PrimalItemDye_Purple,PrimalItemDye_Purple_C,N,N,,EPrimalMilestoneType:Craft,Y,
item,/Game/PrimalEarth/CoreBlueprints/Items/PrimalItemDye_Red,PrimalItemDye_Red,PrimalItemDye_Red_C,N,N,,EPrimalMilestoneType:Craft,Y,
item,/Game/PrimalEarth/CoreBlueprints/Items/PrimalItemDye_Royalty,PrimalItemDye_Royalty,PrimalItemDye_Royalty_C,N,N,,EPrimalMilestoneType:Craft,Y,
item,/Game/PrimalEarth/CoreBlueprints/Items/PrimalItemDye_Silver,PrimalItemDye_Silver,PrimalItemDye_Silver_C,N,N,,EPrimalMilestoneType:Craft,Y,
item,/Game/PrimalEarth/CoreBlueprints/Items/PrimalItemDye_Sky,PrimalItemDye_Sky,PrimalItemDye_Sky_C,N,N,,EPrimalMilestoneType:Craft,Y,
item,/Game/PrimalEarth/CoreBlueprints/Items/PrimalItemDye_Slate,PrimalItemDye_Slate,PrimalItemDye_Slate_C,N,N,,EPrimalMilestoneType:Craft,Y,
item,/Game/PrimalEarth/CoreBlueprints/Items/PrimalItemDye_Tan,PrimalItemDye_Tan,PrimalItemDye_Tan_C,N,N,,EPrimalMilestoneType:Craft,Y,
item,/Game/PrimalEarth/CoreBlueprints/Items/PrimalItemDye_Tangerine,PrimalItemDye_Tangerine,PrimalItemDye_Tangerine_C,N,N,,EPrimalMilestoneType:Craft,Y,
item,/Game/PrimalEarth/CoreBlueprints/Items/PrimalItemDye_White,PrimalItemDye_White,PrimalItemDye_White_C,N,N,,EPrimalMilestoneType:Craft,Y,
item,/Game/PrimalEarth/CoreBlueprints/Items/PrimalItemDye_Yellow,PrimalItemDye_Yellow,PrimalItemDye_Yellow_C,N,N,,EPrimalMilestoneType:Craft,Y,
item,/Game/PrimalEarth/CoreBlueprints/Items/Structures/BuildingBases/PrimalItemStructure_ElevatorPlatformBase,PrimalItemStructure_ElevatorPlatformBase,PrimalItemStructure_ElevatorPlatformBase_C,N,N,Structure,EPrimalItemType:Structure; EPrimalMilestoneType:Craft,Y,
item,/Game/PrimalEarth/CoreBlueprints/Items/Structures/BuildingBases/PrimalItemStructure_ElevatorPlatformLarge,PrimalItemStructure_ElevatorPlatformLarge,PrimalItemStructure_ElevatorPlatformLarge_C,Y,N,Structure,EPrimalItemType:Structure; EPrimalMilestoneType:Craft,Y,
item,/Game/PrimalEarth/CoreBlueprints/Items/Structures/BuildingBases/PrimalItemStructure_ElevatorPlatformSmall,PrimalItemStructure_ElevatorPlatformSmall,PrimalItemStructure_ElevatorPlatformSmall_C,Y,N,Structure,EPrimalItemType:Structure; EPrimalMilestoneType:Craft,Y,
item,/Game/PrimalEarth/CoreBlueprints/Items/Structures/BuildingBases/PrimalItemStructure_ElevatorTrackBase,PrimalItemStructure_ElevatorTrackBase,PrimalItemStructure_ElevatorTrackBase_C,Y,N,Structure,EPrimalItemType:Structure; EPrimalMilestoneType:Craft,Y,
item,/Game/PrimalEarth/CoreBlueprints/Items/Structures/BuildingBases/PrimalItemStructure_TekCloningChamber,PrimalItemStructure_TekCloningChamber,PrimalItemStructure_TekCloningChamber_C,Y,N,Structure,EPrimalItemType:Structure; EPrimalMilestoneType:Craft,Y,
item,/Game/PrimalEarth/CoreBlueprints/Items/Structures/BuildingBases/PrimalItemStructure_UnderwaterBase,PrimalItemStructure_UnderwaterBase,PrimalItemStructure_UnderwaterBase_C,Y,N,Structure,EPrimalItemType:Structure; EPrimalMilestoneType:Craft,Y,
item,/Game/PrimalEarth/CoreBlueprints/Items/Structures/Christmas/PrimalItemStructure_ChristmasTree,PrimalItemStructure_ChristmasTree,PrimalItemStructure_ChristmasTree_C,N,N,Structure,EPrimalItemType:Structure; EPrimalMilestoneType:Craft,Y,
item,/Game/PrimalEarth/CoreBlueprints/Items/Structures/Christmas/PrimalItemStructure_Snowman,PrimalItemStructure_Snowman,PrimalItemStructure_Snowman_C,N,N,Structure,EPrimalItemType:Structure; EPrimalMilestoneType:Craft,Y,
item,/Game/PrimalEarth/CoreBlueprints/Items/Structures/Christmas/PrimalItemStructure_Stocking,PrimalItemStructure_Stocking,PrimalItemStructure_Stocking_C,N,N,Structure,EPrimalItemType:Structure; EPrimalMilestoneType:Craft,Y,
item,/Game/PrimalEarth/CoreBlueprints/Items/Structures/Christmas/PrimalItemStructure_StorageBox_ChristmasGift,PrimalItemStructure_StorageBox_ChristmasGift,PrimalItemStructure_StorageBox_ChristmasGift_C,N,N,Structure,EPrimalItemType:Structure; EPrimalMilestoneType:Craft,Y,
item,/Game/PrimalEarth/CoreBlueprints/Items/Structures/Christmas/PrimalItemStructure_StorageBox_ChristmasGift_WW,PrimalItemStructure_StorageBox_ChristmasGift_WW,PrimalItemStructure_StorageBox_ChristmasGift_WW_C,N,N,Structure,EPrimalItemType:Structure; EPrimalMilestoneType:Craft,Y,
item,/Game/PrimalEarth/CoreBlueprints/Items/Structures/Christmas/PrimalItemStructure_Wreath,PrimalItemStructure_Wreath,PrimalItemStructure_Wreath_C,N,N,Structure,EPrimalItemType:Structure; EPrimalMilestoneType:Craft,Y,
item,/Game/PrimalEarth/CoreBlueprints/Items/Structures/Christmas/PrimalItemStructure_XmasLights,PrimalItemStructure_XmasLights,PrimalItemStructure_XmasLights_C,N,N,Structure,EPrimalItemType:Structure; EPrimalMilestoneType:Craft,Y,
item,/Game/PrimalEarth/CoreBlueprints/Items/Structures/Christmas/PrimalItemStructure_XmasLights_WW,PrimalItemStructure_XmasLights_WW,PrimalItemStructure_XmasLights_WW_C,N,N,Structure,EPrimalItemType:Structure; EPrimalMilestoneType:Craft,Y,
item,/Game/PrimalEarth/CoreBlueprints/Items/Structures/Christmas/PrimalItemStructureSkin_CandyBarricade,PrimalItemStructureSkin_CandyBarricade,PrimalItemStructureSkin_CandyBarricade_C,N,N,Structure,EPrimalItemType:Structure; EPrimalMilestoneType:Craft,Y,
item,/Game/PrimalEarth/CoreBlueprints/Items/Structures/Greenhouse/PrimalItemStructure_GreenhouseCeiling,PrimalItemStructure_GreenhouseCeiling,PrimalItemStructure_GreenhouseCeiling_C,Y,N,Structure,EPrimalItemType:Structure; EPrimalMilestoneType:Craft,Y,
item,/Game/PrimalEarth/CoreBlueprints/Items/Structures/Greenhouse/PrimalItemStructure_GreenhouseDoor,PrimalItemStructure_GreenhouseDoor,PrimalItemStructure_GreenhouseDoor_C,Y,N,Structure,EPrimalItemType:Structure; EPrimalMilestoneType:Craft,Y,
item,/Game/PrimalEarth/CoreBlueprints/Items/Structures/Greenhouse/PrimalItemStructure_GreenhouseRoof,PrimalItemStructure_GreenhouseRoof,PrimalItemStructure_GreenhouseRoof_C,Y,N,Structure,EPrimalItemType:Structure; EPrimalMilestoneType:Craft,Y,
item,/Game/PrimalEarth/CoreBlueprints/Items/Structures/Greenhouse/PrimalItemStructure_GreenhouseWall,PrimalItemStructure_GreenhouseWall,PrimalItemStructure_GreenhouseWall_C,Y,N,Structure,EPrimalItemType:Structure; EPrimalMilestoneType:Craft,Y,
item,/Game/PrimalEarth/CoreBlueprints/Items/Structures/Greenhouse/PrimalItemStructure_GreenhouseWall_Sloped_Left,PrimalItemStructure_GreenhouseWall_Sloped_Left,PrimalItemStructure_GreenhouseWall_Sloped_Left_C,Y,N,Structure,EPrimalItemType:Structure; EPrimalMilestoneType:Craft,Y,
item,/Game/PrimalEarth/CoreBlueprints/Items/Structures/Halloween/PrimalItemStructure_BirthdayCake,PrimalItemStructure_BirthdayCake,PrimalItemStructure_BirthdayCake_C,N,N,Structure,EPrimalItemType:Structure; EPrimalMilestoneType:Craft,Y,
item,/Game/PrimalEarth/CoreBlueprints/Items/Structures/Halloween/PrimalItemStructure_EasterEgg,PrimalItemStructure_EasterEgg,PrimalItemStructure_EasterEgg_C,N,N,Structure,EPrimalItemType:Structure; EPrimalMilestoneType:Craft,Y,
item,/Game/PrimalEarth/CoreBlueprints/Items/Structures/Halloween/PrimalItemStructure_HW_Grave,PrimalItemStructure_HW_Grave,PrimalItemStructure_HW_Grave_C,N,N,Structure,EPrimalItemType:Structure; EPrimalMilestoneType:Craft,Y,
item,/Game/PrimalEarth/CoreBlueprints/Items/Structures/Halloween/PrimalItemStructure_Pumpkin,PrimalItemStructure_Pumpkin,PrimalItemStructure_Pumpkin_C,N,N,Structure,EPrimalItemType:Structure; EPrimalMilestoneType:Craft,Y,
item,/Game/PrimalEarth/CoreBlueprints/Items/Structures/Halloween/PrimalItemStructure_Scarecrow,PrimalItemStructure_Scarecrow,PrimalItemStructure_Scarecrow_C,N,N,Structure,EPrimalItemType:Structure; EPrimalMilestoneType:Craft,Y,
item,/Game/PrimalEarth/CoreBlueprints/Items/Structures/Halloween/PrimalItemStructure_TrainingDummy,PrimalItemStructure_TrainingDummy,PrimalItemStructure_TrainingDummy_C,Y,N,Structure,EPrimalItemType:Structure; EPrimalMilestoneType:Craft,Y,
item,/Game/PrimalEarth/CoreBlueprints/Items/Structures/Metal/PrimalItemStructure_MetalCeiling,PrimalItemStructure_MetalCeiling,PrimalItemStructure_MetalCeiling_C,Y,N,Structure,EPrimalItemType:Structure; EPrimalMilestoneType:Craft,Y,
item,/Game/PrimalEarth/CoreBlueprints/Items/Structures/Metal/PrimalItemStructure_MetalDoor,PrimalItemStructure_MetalDoor,PrimalItemStructure_MetalDoor_C,Y,N,Structure,EPrimalItemType:Structure; EPrimalMilestoneType:Craft,Y,
item,/Game/PrimalEarth/CoreBlueprints/Items/Structures/Metal/PrimalItemStructure_MetalFenceFoundation,PrimalItemStructure_MetalFenceFoundation,PrimalItemStructure_MetalFenceFoundation_C,Y,N,Structure,EPrimalItemType:Structure; EPrimalMilestoneType:Craft,Y,
item,/Game/PrimalEarth/CoreBlueprints/Items/Structures/Metal/PrimalItemStructure_MetalFloor,PrimalItemStructure_MetalFloor,PrimalItemStructure_MetalFloor_C,Y,N,Structure,EPrimalItemType:Structure; EPrimalMilestoneType:Craft,Y,
item,/Game/PrimalEarth/CoreBlueprints/Items/Structures/Metal/PrimalItemStructure_MetalGate,PrimalItemStructure_MetalGate,PrimalItemStructure_MetalGate_C,Y,N,Structure,EPrimalItemType:Structure; EPrimalMilestoneType:Craft,Y,
item,/Game/PrimalEarth/CoreBlueprints/Items/Structures/Metal/PrimalItemStructure_MetalGate_Large,PrimalItemStructure_MetalGate_Large,PrimalItemStructure_MetalGate_Large_C,Y,N,Structure,EPrimalItemType:Structure; EPrimalMilestoneType:Craft,Y,
item,/Game/PrimalEarth/CoreBlueprints/Items/Structures/Metal/PrimalItemStructure_MetalGateframe,PrimalItemStructure_MetalGateframe,PrimalItemStructure_MetalGateframe_C,Y,N,Structure,EPrimalItemType:Structure; EPrimalMilestoneType:Craft,Y,
item,/Game/PrimalEarth/CoreBlueprints/Items/Structures/Metal/PrimalItemStructure_MetalGateframe_Large,PrimalItemStructure_MetalGateframe_Large,PrimalItemStructure_MetalGateframe_Large_C,Y,N,Structure,EPrimalItemType:Structure; EPrimalMilestoneType:Craft,Y,
item,/Game/PrimalEarth/CoreBlueprints/Items/Structures/Metal/PrimalItemStructure_MetalLadder,PrimalItemStructure_MetalLadder,PrimalItemStructure_MetalLadder_C,Y,N,Structure,EPrimalItemType:Structure; EPrimalMilestoneType:Craft,Y,
item,/Game/PrimalEarth/CoreBlueprints/Items/Structures/Metal/PrimalItemStructure_MetalPillar,PrimalItemStructure_MetalPillar,PrimalItemStructure_MetalPillar_C,Y,N,Structure,EPrimalItemType:Structure; EPrimalMilestoneType:Craft,Y,
item,/Game/PrimalEarth/CoreBlueprints/Items/Structures/Metal/PrimalItemStructure_MetalRailing,PrimalItemStructure_MetalRailing,PrimalItemStructure_MetalRailing_C,Y,N,Structure,EPrimalItemType:Structure; EPrimalMilestoneType:Craft,Y,
item,/Game/PrimalEarth/CoreBlueprints/Items/Structures/Metal/PrimalItemStructure_MetalSign,PrimalItemStructure_MetalSign,PrimalItemStructure_MetalSign_C,Y,N,Structure,EPrimalItemType:Structure; EPrimalMilestoneType:Craft,Y,
item,/Game/PrimalEarth/CoreBlueprints/Items/Structures/Metal/PrimalItemStructure_MetalSign_Large,PrimalItemStructure_MetalSign_Large,PrimalItemStructure_MetalSign_Large_C,Y,N,Structure,EPrimalItemType:Structure; EPrimalMilestoneType:Craft,Y,
item,/Game/PrimalEarth/CoreBlueprints/Items/Structures/Metal/PrimalItemStructure_MetalSpikeWall,PrimalItemStructure_MetalSpikeWall,PrimalItemStructure_MetalSpikeWall_C,Y,N,Structure,EPrimalItemType:Structure; EPrimalMilestoneType:Craft,Y,
item,/Game/PrimalEarth/CoreBlueprints/Items/Structures/Metal/PrimalItemStructure_MetalTrapdoorGiant,PrimalItemStructure_MetalTrapdoorGiant,PrimalItemStructure_MetalTrapdoorGiant_C,Y,N,Structure,EPrimalItemType:Structure; EPrimalMilestoneType:Craft,Y,
item,/Game/PrimalEarth/CoreBlueprints/Items/Structures/Metal/PrimalItemStructure_MetalWall,PrimalItemStructure_MetalWall,PrimalItemStructure_MetalWall_C,Y,N,Structure,EPrimalItemType:Structure; EPrimalMilestoneType:Craft,Y,
item,/Game/PrimalEarth/CoreBlueprints/Items/Structures/Misc/PrimalItemStructure_AirConditioner,PrimalItemStructure_AirConditioner,PrimalItemStructure_AirConditioner_C,Y,N,Structure,EPrimalItemType:Structure; EPrimalMilestoneType:Craft,Y,
item,/Game/PrimalEarth/CoreBlueprints/Items/Structures/Misc/PrimalItemStructure_AnvilBench,PrimalItemStructure_AnvilBench,PrimalItemStructure_AnvilBench_C,Y,N,Structure,EPrimalItemType:Structure; EPrimalMilestoneType:Craft,Y,
item,/Game/PrimalEarth/CoreBlueprints/Items/Structures/Misc/PrimalItemStructure_BearTrap,PrimalItemStructure_BearTrap,PrimalItemStructure_BearTrap_C,Y,N,Structure,EPrimalItemType:Structure; EPrimalMilestoneType:Craft,Y,
item,/Game/PrimalEarth/CoreBlueprints/Items/Structures/Misc/PrimalItemStructure_BearTrap_Large,PrimalItemStructure_BearTrap_Large,PrimalItemStructure_BearTrap_Large_C,Y,N,Structure,EPrimalItemType:Structure; EPrimalMilestoneType:Craft,Y,
item,/Game/PrimalEarth/CoreBlueprints/Items/Structures/Misc/PrimalItemStructure_Bed_Modern,PrimalItemStructure_Bed_Modern,PrimalItemStructure_Bed_Modern_C,Y,N,Structure,EPrimalItemType:Structure; EPrimalMilestoneType:Craft,Y,
item,/Game/PrimalEarth/CoreBlueprints/Items/Structures/Misc/PrimalItemStructure_Bed_Simple,PrimalItemStructure_Bed_Simple,PrimalItemStructure_Bed_Simple_C,Y,N,Structure,EPrimalItemType:Structure; EPrimalMilestoneType:Craft,Y,
item,/Game/PrimalEarth/CoreBlueprints/Items/Structures/Misc/PrimalItemStructure_Bed_Tek,PrimalItemStructure_Bed_Tek,PrimalItemStructure_Bed_Tek_C,Y,N,Structure,EPrimalItemType:Structure; EPrimalMilestoneType:Craft,Y,
item,/Game/PrimalEarth/CoreBlueprints/Items/Structures/Misc/PrimalItemStructure_BeerBarrel,PrimalItemStructure_BeerBarrel,PrimalItemStructure_BeerBarrel_C,Y,N,Structure,EPrimalItemType:Structure; EPrimalMilestoneType:Craft,Y,
item,/Game/PrimalEarth/CoreBlueprints/Items/Structures/Misc/PrimalItemStructure_Bookshelf,PrimalItemStructure_Bookshelf,PrimalItemStructure_Bookshelf_C,N,N,Structure,EPrimalItemType:Structure; EPrimalMilestoneType:Craft,Y,
item,/Game/PrimalEarth/CoreBlueprints/Items/Structures/Misc/PrimalItemStructure_Campfire,PrimalItemStructure_Campfire,PrimalItemStructure_Campfire_C,Y,N,Structure,EPrimalItemType:Structure; EPrimalMilestoneType:Craft,Y,
item,/Game/PrimalEarth/CoreBlueprints/Items/Structures/Misc/PrimalItemStructure_Cannon,PrimalItemStructure_Cannon,PrimalItemStructure_Cannon_C,Y,N,Structure,EPrimalItemType:Structure; EPrimalMilestoneType:Craft,Y,
item,/Game/PrimalEarth/CoreBlueprints/Items/Structures/Misc/PrimalItemStructure_ChemBench,PrimalItemStructure_ChemBench,PrimalItemStructure_ChemBench_C,Y,N,Structure,EPrimalItemType:Structure; EPrimalMilestoneType:Craft,Y,
item,/Game/PrimalEarth/CoreBlueprints/Items/Structures/Misc/PrimalItemStructure_CompostBin,PrimalItemStructure_CompostBin,PrimalItemStructure_CompostBin_C,Y,N,Structure,EPrimalItemType:Structure; EPrimalMilestoneType:Craft,Y,
item,/Game/PrimalEarth/CoreBlueprints/Items/Structures/Misc/PrimalItemStructure_CookingPot,PrimalItemStructure_CookingPot,PrimalItemStructure_CookingPot_C,Y,N,Structure,EPrimalItemType:Structure; EPrimalMilestoneType:Craft,Y,
item,/Game/PrimalEarth/CoreBlueprints/Items/Structures/Misc/PrimalItemStructure_CropPlot_Large,PrimalItemStructure_CropPlot_Large,PrimalItemStructure_CropPlot_Large_C,Y,N,Structure,EPrimalItemType:Structure; EPrimalMilestoneType:Craft,Y,
item,/Game/PrimalEarth/CoreBlueprints/Items/Structures/Misc/PrimalItemStructure_CropPlot_Medium,PrimalItemStructure_CropPlot_Medium,PrimalItemStructure_CropPlot_Medium_C,Y,N,Structure,EPrimalItemType:Structure; EPrimalMilestoneType:Craft,Y,
item,/Game/PrimalEarth/CoreBlueprints/Items/Structures/Misc/PrimalItemStructure_CropPlot_Small,PrimalItemStructure_CropPlot_Small,PrimalItemStructure_CropPlot_Small_C,Y,N,Structure,EPrimalItemType:Structure; EPrimalMilestoneType:Craft,Y,
item,/Game/PrimalEarth/CoreBlueprints/Items/Structures/Misc/PrimalItemStructure_Fabricator,PrimalItemStructure_Fabricator,PrimalItemStructure_Fabricator_C,Y,N,Structure,EPrimalItemType:Structure; EPrimalMilestoneType:Craft,Y,
item,/Game/PrimalEarth/CoreBlueprints/Items/Structures/Misc/PrimalItemStructure_FeedingTrough,PrimalItemStructure_FeedingTrough,PrimalItemStructure_FeedingTrough_C,Y,N,Structure,EPrimalItemType:Structure; EPrimalMilestoneType:Craft,Y,
item,/Game/PrimalEarth/CoreBlueprints/Items/Structures/Misc/PrimalItemStructure_Fireplace,PrimalItemStructure_Fireplace,PrimalItemStructure_Fireplace_C,Y,N,Structure,EPrimalItemType:Structure; EPrimalMilestoneType:Craft,Y,
item,/Game/PrimalEarth/CoreBlueprints/Items/Structures/Misc/PrimalItemStructure_Flag,PrimalItemStructure_Flag,PrimalItemStructure_Flag_C,Y,N,Structure,EPrimalItemType:Structure; EPrimalMilestoneType:Craft,Y,
item,/Game/PrimalEarth/CoreBlueprints/Items/Structures/Misc/PrimalItemStructure_Flag_Dragon,PrimalItemStructure_Flag_Dragon,PrimalItemStructure_Flag_Dragon_C,N,N,Structure,EPrimalItemType:Structure; EPrimalMilestoneType:Craft,Y,
item,/Game/PrimalEarth/CoreBlueprints/Items/Structures/Misc/PrimalItemStructure_Flag_Gorilla,PrimalItemStructure_Flag_Gorilla,PrimalItemStructure_Flag_Gorilla_C,N,N,Structure,EPrimalItemType:Structure; EPrimalMilestoneType:Craft,Y,
item,/Game/PrimalEarth/CoreBlueprints/Items/Structures/Misc/PrimalItemStructure_Flag_Spider,PrimalItemStructure_Flag_Spider,PrimalItemStructure_Flag_Spider_C,N,N,Structure,EPrimalItemType:Structure; EPrimalMilestoneType:Craft,Y,
item,/Game/PrimalEarth/CoreBlueprints/Items/Structures/Misc/PrimalItemStructure_Forge,PrimalItemStructure_Forge,PrimalItemStructure_Forge_C,Y,N,Structure,EPrimalItemType:Structure; EPrimalMilestoneType:Craft,Y,
item,/Game/PrimalEarth/CoreBlueprints/Items/Structures/Misc/PrimalItemStructure_Grill,PrimalItemStructure_Grill,PrimalItemStructure_Grill_C,Y,N,Structure,EPrimalItemType:Structure; EPrimalMilestoneType:Craft,Y,
item,/Game/PrimalEarth/CoreBlueprints/Items/Structures/Misc/PrimalItemStructure_Grinder,PrimalItemStructure_Grinder,PrimalItemStructure_Grinder_C,Y,N,Structure,EPrimalItemType:Structure; EPrimalMilestoneType:Craft,Y,
item,/Game/PrimalEarth/CoreBlueprints/Items/Structures/Misc/PrimalItemStructure_HeavyTurret,PrimalItemStructure_HeavyTurret,PrimalItemStructure_HeavyTurret_C,Y,N,Structure,EPrimalItemType:Structure; EPrimalMilestoneType:Craft,Y,
item,/Game/PrimalEarth/CoreBlueprints/Items/Structures/Misc/PrimalItemStructure_IceBox,PrimalItemStructure_IceBox,PrimalItemStructure_IceBox_C,Y,N,Structure,EPrimalItemType:Structure; EPrimalMilestoneType:Craft,Y,
item,/Game/PrimalEarth/CoreBlueprints/Items/Structures/Misc/PrimalItemStructure_IndustrialCookingPot,PrimalItemStructure_IndustrialCookingPot,PrimalItemStructure_IndustrialCookingPot_C,Y,N,Structure,EPrimalItemType:Structure; EPrimalMilestoneType:Craft,Y,
item,/Game/PrimalEarth/CoreBlueprints/Items/Structures/Misc/PrimalItemStructure_IndustrialForge,PrimalItemStructure_IndustrialForge,PrimalItemStructure_IndustrialForge_C,Y,N,Structure,EPrimalItemType:Structure; EPrimalMilestoneType:Craft,Y,
item,/Game/PrimalEarth/CoreBlueprints/Items/Structures/Misc/PrimalItemStructure_Keypad,PrimalItemStructure_Keypad,PrimalItemStructure_Keypad_C,Y,N,Structure,EPrimalItemType:Structure; EPrimalMilestoneType:Craft,Y,
item,/Game/PrimalEarth/CoreBlueprints/Items/Structures/Misc/PrimalItemStructure_Lamppost,PrimalItemStructure_Lamppost,PrimalItemStructure_Lamppost_C,Y,N,Structure,EPrimalItemType:Structure; EPrimalMilestoneType:Craft,Y,
item,/Game/PrimalEarth/CoreBlueprints/Items/Structures/Misc/PrimalItemStructure_LamppostOmni,PrimalItemStructure_LamppostOmni,PrimalItemStructure_LamppostOmni_C,Y,N,Structure,EPrimalItemType:Structure; EPrimalMilestoneType:Craft,Y,
item,/Game/PrimalEarth/CoreBlueprints/Items/Structures/Misc/PrimalItemStructure_MortarAndPestle,PrimalItemStructure_MortarAndPestle,PrimalItemStructure_MortarAndPestle_C,Y,N,Structure,EPrimalItemType:Structure; EPrimalMilestoneType:Craft,Y,
item,/Game/PrimalEarth/CoreBlueprints/Items/Structures/Misc/PrimalItemStructure_PaintingCanvas,PrimalItemStructure_PaintingCanvas,PrimalItemStructure_PaintingCanvas_C,Y,N,Structure,EPrimalItemType:Structure; EPrimalMilestoneType:Craft,Y,
item,/Game/PrimalEarth/CoreBlueprints/Items/Structures/Misc/PrimalItemStructure_PreservingBin,PrimalItemStructure_PreservingBin,PrimalItemStructure_PreservingBin_C,Y,N,Structure,EPrimalItemType:Structure; EPrimalMilestoneType:Craft,Y,
item,/Game/PrimalEarth/CoreBlueprints/Items/Structures/Misc/PrimalItemStructure_SeaMine,PrimalItemStructure_SeaMine,PrimalItemStructure_SeaMine_C,Y,N,Structure,EPrimalItemType:Structure; EPrimalMilestoneType:Craft,Y,
item,/Game/PrimalEarth/CoreBlueprints/Items/Structures/Misc/PrimalItemStructure_SleepingBag_Hide,PrimalItemStructure_SleepingBag_Hide,PrimalItemStructure_SleepingBag_Hide_C,Y,N,Structure,EPrimalItemType:Structure; EPrimalMilestoneType:Craft,Y,
item,/Game/PrimalEarth/CoreBlueprints/Items/Structures/Misc/PrimalItemStructure_StandingTorch,PrimalItemStructure_StandingTorch,PrimalItemStructure_StandingTorch_C,Y,N,Structure,EPrimalItemType:Structure; EPrimalMilestoneType:Craft,Y,
item,/Game/PrimalEarth/CoreBlueprints/Items/Structures/Misc/PrimalItemStructure_StorageBox_Huge,PrimalItemStructure_StorageBox_Huge,PrimalItemStructure_StorageBox_Huge_C,Y,N,Structure,EPrimalItemType:Structure; EPrimalMilestoneType:Craft,Y,
item,/Game/PrimalEarth/CoreBlueprints/Items/Structures/Misc/PrimalItemStructure_StorageBox_Large,PrimalItemStructure_StorageBox_Large,PrimalItemStructure_StorageBox_Large_C,Y,N,Structure,EPrimalItemType:Structure; EPrimalMilestoneType:Craft,Y,
item,/Game/PrimalEarth/CoreBlueprints/Items/Structures/Misc/PrimalItemStructure_StorageBox_Small,PrimalItemStructure_StorageBox_Small,PrimalItemStructure_StorageBox_Small_C,Y,N,Structure,EPrimalItemType:Structure; EPrimalMilestoneType:Craft,Y,
item,/Game/PrimalEarth/CoreBlueprints/Items/Structures/Misc/PrimalItemStructure_TekGenerator,PrimalItemStructure_TekGenerator,PrimalItemStructure_TekGenerator_C,Y,Y,Structure,EPrimalItemType:Structure; EPrimalMilestoneType:Craft,Y,
item,/Game/PrimalEarth/CoreBlueprints/Items/Structures/Misc/PrimalItemStructure_TekLight,PrimalItemStructure_TekLight,PrimalItemStructure_TekLight_C,Y,N,Structure,EPrimalItemType:Structure; EPrimalMilestoneType:Craft,Y,
item,/Game/PrimalEarth/CoreBlueprints/Items/Structures/Misc/PrimalItemStructure_TekReplicator,PrimalItemStructure_TekReplicator,PrimalItemStructure_TekReplicator_C,Y,N,Structure,EPrimalItemType:Structure; EPrimalMilestoneType:Craft,Y,
item,/Game/PrimalEarth/CoreBlueprints/Items/Structures/Misc/PrimalItemStructure_TekShield,PrimalItemStructure_TekShield,PrimalItemStructure_TekShield_C,Y,N,Structure,EPrimalItemType:Structure; EPrimalMilestoneType:Craft,Y,
item,/Game/PrimalEarth/CoreBlueprints/Items/Structures/Misc/PrimalItemStructure_TekTeleporter,PrimalItemStructure_TekTeleporter,PrimalItemStructure_TekTeleporter_C,Y,N,Structure,EPrimalItemType:Structure; EPrimalMilestoneType:Craft,Y,
item,/Game/PrimalEarth/CoreBlueprints/Items/Structures/Misc/PrimalItemStructure_TekTeleporterMini,PrimalItemStructure_TekTeleporterMini,PrimalItemStructure_TekTeleporterMini_C,Y,N,Structure,EPrimalItemType:Structure; EPrimalMilestoneType:Craft,Y,
item,/Game/PrimalEarth/CoreBlueprints/Items/Structures/Misc/PrimalItemStructure_TekTeleporterSmall,PrimalItemStructure_TekTeleporterSmall,PrimalItemStructure_TekTeleporterSmall_C,Y,N,Structure,EPrimalItemType:Structure; EPrimalMilestoneType:Craft,Y,
item,/Game/PrimalEarth/CoreBlueprints/Items/Structures/Misc/PrimalItemStructure_TekTransmitter,PrimalItemStructure_TekTransmitter,PrimalItemStructure_TekTransmitter_C,Y,N,Structure,EPrimalItemType:Structure; EPrimalMilestoneType:Craft,Y,
item,/Game/PrimalEarth/CoreBlueprints/Items/Structures/Misc/PrimalItemStructure_TekTrough,PrimalItemStructure_TekTrough,PrimalItemStructure_TekTrough_C,Y,N,Structure,EPrimalItemType:Structure; EPrimalMilestoneType:Craft,Y,
item,/Game/PrimalEarth/CoreBlueprints/Items/Structures/Misc/PrimalItemStructure_TrophyBase,PrimalItemStructure_TrophyBase,PrimalItemStructure_TrophyBase_C,Y,N,Structure,EPrimalItemType:Structure; EPrimalMilestoneType:Craft,Y,
item,/Game/PrimalEarth/CoreBlueprints/Items/Structures/Misc/PrimalItemStructure_TrophyWall,PrimalItemStructure_TrophyWall,PrimalItemStructure_TrophyWall_C,Y,N,Structure,EPrimalItemType:Structure; EPrimalMilestoneType:Craft,Y,
item,/Game/PrimalEarth/CoreBlueprints/Items/Structures/Misc/PrimalItemStructure_Turret,PrimalItemStructure_Turret,PrimalItemStructure_Turret_C,Y,N,Structure,EPrimalItemType:Structure; EPrimalMilestoneType:Craft,Y,
item,/Game/PrimalEarth/CoreBlueprints/Items/Structures/Misc/PrimalItemStructure_TurretBallista,PrimalItemStructure_TurretBallista,PrimalItemStructure_TurretBallista_C,Y,N,Structure,EPrimalItemType:Structure; EPrimalMilestoneType:Craft,Y,
item,/Game/PrimalEarth/CoreBlueprints/Items/Structures/Misc/PrimalItemStructure_TurretCatapult,PrimalItemStructure_TurretCatapult,PrimalItemStructure_TurretCatapult_C,Y,N,Structure,EPrimalItemType:Structure; EPrimalMilestoneType:Craft,Y,
item,/Game/PrimalEarth/CoreBlueprints/Items/Structures/Misc/PrimalItemStructure_TurretMinigun,PrimalItemStructure_TurretMinigun,PrimalItemStructure_TurretMinigun_C,Y,N,Structure,EPrimalItemType:Structure; EPrimalMilestoneType:Craft,Y,
item,/Game/PrimalEarth/CoreBlueprints/Items/Structures/Misc/PrimalItemStructure_TurretPlant,PrimalItemStructure_TurretPlant,PrimalItemStructure_TurretPlant_C,N,N,Structure,EPrimalItemType:Structure; EPrimalMilestoneType:Craft,Y,
item,/Game/PrimalEarth/CoreBlueprints/Items/Structures/Misc/PrimalItemStructure_TurretRocket,PrimalItemStructure_TurretRocket,PrimalItemStructure_TurretRocket_C,Y,N,Structure,EPrimalItemType:Structure; EPrimalMilestoneType:Craft,Y,
item,/Game/PrimalEarth/CoreBlueprints/Items/Structures/Misc/PrimalItemStructure_TurretTek,PrimalItemStructure_TurretTek,PrimalItemStructure_TurretTek_C,Y,N,Structure,EPrimalItemType:Structure; EPrimalMilestoneType:Craft,Y,
item,/Game/PrimalEarth/CoreBlueprints/Items/Structures/Misc/PrimalItemStructure_WallTorch,PrimalItemStructure_WallTorch,PrimalItemStructure_WallTorch_C,Y,N,Structure,EPrimalItemType:Structure; EPrimalMilestoneType:Craft,Y,
item,/Game/PrimalEarth/CoreBlueprints/Items/Structures/Pipes/PrimalItemStructure_MetalPipeIntake,PrimalItemStructure_MetalPipeIntake,PrimalItemStructure_MetalPipeIntake_C,Y,N,Structure,EPrimalItemType:Structure; EPrimalMilestoneType:Craft,Y,
item,/Game/PrimalEarth/CoreBlueprints/Items/Structures/Pipes/PrimalItemStructure_MetalPipeTap,PrimalItemStructure_MetalPipeTap,PrimalItemStructure_MetalPipeTap_C,Y,N,Structure,EPrimalItemType:Structure; EPrimalMilestoneType:Craft,Y,
item,/Game/PrimalEarth/CoreBlueprints/Items/Structures/Pipes/PrimalItemStructure_PowerGenerator,PrimalItemStructure_PowerGenerator,PrimalItemStructure_PowerGenerator_C,Y,N,Structure,EPrimalItemType:Structure; EPrimalMilestoneType:Craft,Y,
item,/Game/PrimalEarth/CoreBlueprints/Items/Structures/Pipes/PrimalItemStructure_StonePipeIntake,PrimalItemStructure_StonePipeIntake,PrimalItemStructure_StonePipeIntake_C,Y,N,Structure,EPrimalItemType:Structure; EPrimalMilestoneType:Craft,Y,
item,/Game/PrimalEarth/CoreBlueprints/Items/Structures/Pipes/PrimalItemStructure_StonePipeTap,PrimalItemStructure_StonePipeTap,PrimalItemStructure_StonePipeTap_C,Y,N,Structure,EPrimalItemType:Structure; EPrimalMilestoneType:Craft,Y,
item,/Game/PrimalEarth/CoreBlueprints/Items/Structures/Pipes/PrimalItemStructure_Toilet,PrimalItemStructure_Toilet,PrimalItemStructure_Toilet_C,Y,N,Structure,EPrimalItemType:Structure; EPrimalMilestoneType:Craft,Y,
item,/Game/PrimalEarth/CoreBlueprints/Items/Structures/Pipes/PrimalItemStructure_TreeTap,PrimalItemStructure_TreeTap,PrimalItemStructure_TreeTap_C,Y,N,Structure,EPrimalItemType:Structure; EPrimalMilestoneType:Craft,Y,
item,/Game/PrimalEarth/CoreBlueprints/Items/Structures/Pipes/PrimalItemStructure_WaterTank,PrimalItemStructure_WaterTank,PrimalItemStructure_WaterTank_C,Y,N,Structure,EPrimalItemType:Structure; EPrimalMilestoneType:Craft,Y,
item,/Game/PrimalEarth/CoreBlueprints/Items/Structures/Pipes/PrimalItemStructure_WaterTankMetal,PrimalItemStructure_WaterTankMetal,PrimalItemStructure_WaterTankMetal_C,Y,N,Structure,EPrimalItemType:Structure; EPrimalMilestoneType:Craft,Y,
item,/Game/PrimalEarth/CoreBlueprints/Items/Structures/Roofs/Metal/PrimalItemStructure_MetalRoof,PrimalItemStructure_MetalRoof,PrimalItemStructure_MetalRoof_C,N,N,Structure,EPrimalItemType:Structure; EPrimalMilestoneType:Craft,Y,
item,/Game/PrimalEarth/CoreBlueprints/Items/Structures/Roofs/Metal/PrimalItemStructure_MetalWall_Sloped_Left,PrimalItemStructure_MetalWall_Sloped_Left,PrimalItemStructure_MetalWall_Sloped_Left_C,Y,N,Structure,EPrimalItemType:Structure; EPrimalMilestoneType:Craft,Y,
item,/Game/PrimalEarth/CoreBlueprints/Items/Structures/Roofs/Stone/PrimalItemStructure_StoneRoof,PrimalItemStructure_StoneRoof,PrimalItemStructure_StoneRoof_C,N,N,Structure,EPrimalItemType:Structure; EPrimalMilestoneType:Craft,Y,
item,/Game/PrimalEarth/CoreBlueprints/Items/Structures/Roofs/Stone/PrimalItemStructure_StoneWall_Sloped_Left,PrimalItemStructure_StoneWall_Sloped_Left,PrimalItemStructure_StoneWall_Sloped_Left_C,Y,N,Structure,EPrimalItemType:Structure; EPrimalMilestoneType:Craft,Y,
item,/Game/PrimalEarth/CoreBlueprints/Items/Structures/Roofs/Thatch/PrimalItemStructure_ThatchRoof,PrimalItemStructure_ThatchRoof,PrimalItemStructure_ThatchRoof_C,Y,N,Structure,EPrimalItemType:Structure; EPrimalMilestoneType:Craft,Y,
item,/Game/PrimalEarth/CoreBlueprints/Items/Structures/Roofs/Thatch/PrimalItemStructure_ThatchWall_Sloped_Left,PrimalItemStructure_ThatchWall_Sloped_Left,PrimalItemStructure_ThatchWall_Sloped_Left_C,Y,N,Structure,EPrimalItemType:Structure; EPrimalMilestoneType:Craft,Y,
item,/Game/PrimalEarth/CoreBlueprints/Items/Structures/Roofs/Wood/PrimalItemStructure_WoodWall_Sloped_Left,PrimalItemStructure_WoodWall_Sloped_Left,PrimalItemStructure_WoodWall_Sloped_Left_C,Y,N,Structure,EPrimalItemType:Structure; EPrimalMilestoneType:Craft,Y,
item,/Game/PrimalEarth/CoreBlueprints/Items/Structures/Stone/PrimalItemStructure_StoneCeiling,PrimalItemStructure_StoneCeiling,PrimalItemStructure_StoneCeiling_C,Y,N,Structure,EPrimalItemType:Structure; EPrimalMilestoneType:Craft,Y,
item,/Game/PrimalEarth/CoreBlueprints/Items/Structures/Stone/PrimalItemStructure_StoneCeilingDoorGiant,PrimalItemStructure_StoneCeilingDoorGiant,PrimalItemStructure_StoneCeilingDoorGiant_C,Y,N,Structure,EPrimalItemType:Structure; EPrimalMilestoneType:Craft,Y,
item,/Game/PrimalEarth/CoreBlueprints/Items/Structures/Stone/PrimalItemStructure_StoneDoor,PrimalItemStructure_StoneDoor,PrimalItemStructure_StoneDoor_C,Y,N,Structure,EPrimalItemType:Structure; EPrimalMilestoneType:Craft,Y,
item,/Game/PrimalEarth/CoreBlueprints/Items/Structures/Stone/PrimalItemStructure_StoneFenceFoundation,PrimalItemStructure_StoneFenceFoundation,PrimalItemStructure_StoneFenceFoundation_C,Y,N,Structure,EPrimalItemType:Structure; EPrimalMilestoneType:Craft,Y,
item,/Game/PrimalEarth/CoreBlueprints/Items/Structures/Stone/PrimalItemStructure_StoneFloor,PrimalItemStructure_StoneFloor,PrimalItemStructure_StoneFloor_C,Y,N,Structure,EPrimalItemType:Structure; EPrimalMilestoneType:Craft,Y,
item,/Game/PrimalEarth/CoreBlueprints/Items/Structures/Stone/PrimalItemStructure_StoneGate,PrimalItemStructure_StoneGate,PrimalItemStructure_StoneGate_C,Y,N,Structure,EPrimalItemType:Structure; EPrimalMilestoneType:Craft,Y,
item,/Game/PrimalEarth/CoreBlueprints/Items/Structures/Stone/PrimalItemStructure_StoneGateframe,PrimalItemStructure_StoneGateframe,PrimalItemStructure_StoneGateframe_C,Y,N,Structure,EPrimalItemType:Structure; EPrimalMilestoneType:Craft,Y,
item,/Game/PrimalEarth/CoreBlueprints/Items/Structures/Stone/PrimalItemStructure_StoneGateframe_Large,PrimalItemStructure_StoneGateframe_Large,PrimalItemStructure_StoneGateframe_Large_C,Y,N,Structure,EPrimalItemType:Structure; EPrimalMilestoneType:Craft,Y,
item,/Game/PrimalEarth/CoreBlueprints/Items/Structures/Stone/PrimalItemStructure_StoneGateLarge,PrimalItemStructure_StoneGateLarge,PrimalItemStructure_StoneGateLarge_C,Y,N,Structure,EPrimalItemType:Structure; EPrimalMilestoneType:Craft,Y,
item,/Game/PrimalEarth/CoreBlueprints/Items/Structures/Stone/PrimalItemStructure_StonePillar,PrimalItemStructure_StonePillar,PrimalItemStructure_StonePillar_C,Y,N,Structure,EPrimalItemType:Structure; EPrimalMilestoneType:Craft,Y,
item,/Game/PrimalEarth/CoreBlueprints/Items/Structures/Stone/PrimalItemStructure_StoneRailing,PrimalItemStructure_StoneRailing,PrimalItemStructure_StoneRailing_C,Y,N,Structure,EPrimalItemType:Structure; EPrimalMilestoneType:Craft,Y,
item,/Game/PrimalEarth/CoreBlueprints/Items/Structures/Stone/PrimalItemStructure_StoneWall,PrimalItemStructure_StoneWall,PrimalItemStructure_StoneWall_C,Y,N,Structure,EPrimalItemType:Structure; EPrimalMilestoneType:Craft,Y,
item,/Game/PrimalEarth/CoreBlueprints/Items/Structures/Tek/PrimalItemStructure_TekCeiling,PrimalItemStructure_TekCeiling,PrimalItemStructure_TekCeiling_C,Y,N,Structure,EPrimalItemType:Structure; EPrimalMilestoneType:Craft,Y,
item,/Game/PrimalEarth/CoreBlueprints/Items/Structures/Tek/PrimalItemStructure_TekCeilingDoor_Giant,PrimalItemStructure_TekCeilingDoor_Giant,PrimalItemStructure_TekCeilingDoor_Giant_C,Y,N,Structure,EPrimalItemType:Structure; EPrimalMilestoneType:Craft,Y,
item,/Game/PrimalEarth/CoreBlueprints/Items/Structures/Tek/PrimalItemStructure_TekDoor,PrimalItemStructure_TekDoor,PrimalItemStructure_TekDoor_C,Y,N,Structure,EPrimalItemType:Structure; EPrimalMilestoneType:Craft,Y,
item,/Game/PrimalEarth/CoreBlueprints/Items/Structures/Tek/PrimalItemStructure_TekFenceFoundation,PrimalItemStructure_TekFenceFoundation,PrimalItemStructure_TekFenceFoundation_C,Y,N,Structure,EPrimalItemType:Structure; EPrimalMilestoneType:Craft,Y,
item,/Game/PrimalEarth/CoreBlueprints/Items/Structures/Tek/PrimalItemStructure_TekFloor,PrimalItemStructure_TekFloor,PrimalItemStructure_TekFloor_C,Y,N,Structure,EPrimalItemType:Structure; EPrimalMilestoneType:Craft,Y,
item,/Game/PrimalEarth/CoreBlueprints/Items/Structures/Tek/PrimalItemStructure_TekGate,PrimalItemStructure_TekGate,PrimalItemStructure_TekGate_C,Y,N,Structure,EPrimalItemType:Structure; EPrimalMilestoneType:Craft,Y,
item,/Game/PrimalEarth/CoreBlueprints/Items/Structures/Tek/PrimalItemStructure_TekGate_Large,PrimalItemStructure_TekGate_Large,PrimalItemStructure_TekGate_Large_C,Y,N,Structure,EPrimalItemType:Structure; EPrimalMilestoneType:Craft,Y,
item,/Game/PrimalEarth/CoreBlueprints/Items/Structures/Tek/PrimalItemStructure_TekGateframe,PrimalItemStructure_TekGateframe,PrimalItemStructure_TekGateframe_C,Y,N,Structure,EPrimalItemType:Structure; EPrimalMilestoneType:Craft,Y,
item,/Game/PrimalEarth/CoreBlueprints/Items/Structures/Tek/PrimalItemStructure_TekGateframe_Large,PrimalItemStructure_TekGateframe_Large,PrimalItemStructure_TekGateframe_Large_C,Y,N,Structure,EPrimalItemType:Structure; EPrimalMilestoneType:Craft,Y,
item,/Game/PrimalEarth/CoreBlueprints/Items/Structures/Tek/PrimalItemStructure_TekLadder,PrimalItemStructure_TekLadder,PrimalItemStructure_TekLadder_C,Y,N,Structure,EPrimalItemType:Structure; EPrimalMilestoneType:Craft,Y,
item,/Game/PrimalEarth/CoreBlueprints/Items/Structures/Tek/PrimalItemStructure_TekPillar,PrimalItemStructure_TekPillar,PrimalItemStructure_TekPillar_C,Y,N,Structure,EPrimalItemType:Structure; EPrimalMilestoneType:Craft,Y,
item,/Game/PrimalEarth/CoreBlueprints/Items/Structures/Tek/PrimalItemStructure_TekRailing,PrimalItemStructure_TekRailing,PrimalItemStructure_TekRailing_C,Y,N,Structure,EPrimalItemType:Structure; EPrimalMilestoneType:Craft,Y,
item,/Game/PrimalEarth/CoreBlueprints/Items/Structures/Tek/PrimalItemStructure_TekRoof,PrimalItemStructure_TekRoof,PrimalItemStructure_TekRoof_C,N,N,Structure,EPrimalItemType:Structure; EPrimalMilestoneType:Craft,Y,
item,/Game/PrimalEarth/CoreBlueprints/Items/Structures/Tek/PrimalItemStructure_TekWall,PrimalItemStructure_TekWall,PrimalItemStructure_TekWall_C,Y,N,Structure,EPrimalItemType:Structure; EPrimalMilestoneType:Craft,Y,
item,/Game/PrimalEarth/CoreBlueprints/Items/Structures/Tek/PrimalItemStructure_TekWall_Sloped_Left,PrimalItemStructure_TekWall_Sloped_Left,PrimalItemStructure_TekWall_Sloped_Left_C,Y,N,Structure,EPrimalItemType:Structure; EPrimalMilestoneType:Craft,Y,
item,/Game/PrimalEarth/CoreBlueprints/Items/Structures/Thatch/PrimalItemStructure_ThatchCeiling,PrimalItemStructure_ThatchCeiling,PrimalItemStructure_ThatchCeiling_C,Y,N,Structure,EPrimalItemType:Structure; EPrimalMilestoneType:Craft,Y,
item,/Game/PrimalEarth/CoreBlueprints/Items/Structures/Thatch/PrimalItemStructure_ThatchDoor,PrimalItemStructure_ThatchDoor,PrimalItemStructure_ThatchDoor_C,Y,N,Structure,EPrimalItemType:Structure; EPrimalMilestoneType:Craft,Y,
item,/Game/PrimalEarth/CoreBlueprints/Items/Structures/Thatch/PrimalItemStructure_ThatchFloor,PrimalItemStructure_ThatchFloor,PrimalItemStructure_ThatchFloor_C,Y,N,Structure,EPrimalItemType:Structure; EPrimalMilestoneType:Craft,Y,
item,/Game/PrimalEarth/CoreBlueprints/Items/Structures/Thatch/PrimalItemStructure_ThatchPillar,PrimalItemStructure_ThatchPillar,PrimalItemStructure_ThatchPillar_C,Y,N,Structure,EPrimalItemType:Structure; EPrimalMilestoneType:Craft,Y,
item,/Game/PrimalEarth/CoreBlueprints/Items/Structures/Thatch/PrimalItemStructure_ThatchWall,PrimalItemStructure_ThatchWall,PrimalItemStructure_ThatchWall_C,Y,N,Structure,EPrimalItemType:Structure; EPrimalMilestoneType:Craft,Y,
item,/Game/PrimalEarth/CoreBlueprints/Items/Structures/Wooden/PrimalItemStructure_FishBasket,PrimalItemStructure_FishBasket,PrimalItemStructure_FishBasket_C,Y,N,Structure,EPrimalItemType:Structure; EPrimalMilestoneType:Craft,Y,
item,/Game/PrimalEarth/CoreBlueprints/Items/Structures/Wooden/PrimalItemStructure_Furniture_Gravestone,PrimalItemStructure_Furniture_Gravestone,PrimalItemStructure_Furniture_Gravestone_C,Y,N,Structure,EPrimalItemType:Structure; EPrimalMilestoneType:Craft,Y,
item,/Game/PrimalEarth/CoreBlueprints/Items/Structures/Wooden/PrimalItemStructure_Furniture_WoodBench,PrimalItemStructure_Furniture_WoodBench,PrimalItemStructure_Furniture_WoodBench_C,Y,N,Structure,EPrimalItemType:Structure; EPrimalMilestoneType:Craft,Y,
item,/Game/PrimalEarth/CoreBlueprints/Items/Structures/Wooden/PrimalItemStructure_Furniture_WoodChair,PrimalItemStructure_Furniture_WoodChair,PrimalItemStructure_Furniture_WoodChair_C,Y,N,Structure,EPrimalItemType:Structure; EPrimalMilestoneType:Craft,Y,
item,/Game/PrimalEarth/CoreBlueprints/Items/Structures/Wooden/PrimalItemStructure_Furniture_WoodTable,PrimalItemStructure_Furniture_WoodTable,PrimalItemStructure_Furniture_WoodTable_C,Y,N,Structure,EPrimalItemType:Structure; EPrimalMilestoneType:Craft,Y,
item,/Game/PrimalEarth/CoreBlueprints/Items/Structures/Wooden/PrimalItemStructure_RopeLadder,PrimalItemStructure_RopeLadder,PrimalItemStructure_RopeLadder_C,Y,N,Structure,EPrimalItemType:Structure; EPrimalMilestoneType:Craft,Y,
item,/Game/PrimalEarth/CoreBlueprints/Items/Structures/Wooden/PrimalItemStructure_TreePlatform_Metal,PrimalItemStructure_TreePlatform_Metal,PrimalItemStructure_TreePlatform_Metal_C,Y,N,Structure,EPrimalItemType:Structure; EPrimalMilestoneType:Craft,Y,
item,/Game/PrimalEarth/CoreBlueprints/Items/Structures/Wooden/PrimalItemStructure_TreePlatform_Stone,PrimalItemStructure_TreePlatform_Stone,PrimalItemStructure_TreePlatform_Stone_C,Y,N,Structure,EPrimalItemType:Structure; EPrimalMilestoneType:Craft,Y,
item,/Game/PrimalEarth/CoreBlueprints/Items/Structures/Wooden/PrimalItemStructure_TreePlatform_Wood,PrimalItemStructure_TreePlatform_Wood,PrimalItemStructure_TreePlatform_Wood_C,Y,N,Structure,EPrimalItemType:Structure; EPrimalMilestoneType:Craft,Y,
item,/Game/PrimalEarth/CoreBlueprints/Items/Structures/Wooden/PrimalItemStructure_Wardrums,PrimalItemStructure_Wardrums,PrimalItemStructure_Wardrums_C,Y,N,Structure,EPrimalItemType:Structure; EPrimalMilestoneType:Craft,Y,
item,/Game/PrimalEarth/CoreBlueprints/Items/Structures/Wooden/PrimalItemStructure_WarMap,PrimalItemStructure_WarMap,PrimalItemStructure_WarMap_C,Y,N,Structure,EPrimalItemType:Structure; EPrimalMilestoneType:Craft,Y,
item,/Game/PrimalEarth/CoreBlueprints/Items/Structures/Wooden/PrimalItemStructure_WoodCage,PrimalItemStructure_WoodCage,PrimalItemStructure_WoodCage_C,Y,N,Structure,EPrimalItemType:Structure; EPrimalMilestoneType:Craft,Y,
item,/Game/PrimalEarth/CoreBlueprints/Items/Structures/Wooden/PrimalItemStructure_WoodCeiling,PrimalItemStructure_WoodCeiling,PrimalItemStructure_WoodCeiling_C,Y,N,Structure,EPrimalItemType:Structure; EPrimalMilestoneType:Craft,Y,
item,/Game/PrimalEarth/CoreBlueprints/Items/Structures/Wooden/PrimalItemStructure_WoodCeilingDoorGiant,PrimalItemStructure_WoodCeilingDoorGiant,PrimalItemStructure_WoodCeilingDoorGiant_C,Y,N,Structure,EPrimalItemType:Structure; EPrimalMilestoneType:Craft,Y,
item,/Game/PrimalEarth/CoreBlueprints/Items/Structures/Wooden/PrimalItemStructure_WoodDoor,PrimalItemStructure_WoodDoor,PrimalItemStructure_WoodDoor_C,Y,N,Structure,EPrimalItemType:Structure; EPrimalMilestoneType:Craft,Y,
item,/Game/PrimalEarth/CoreBlueprints/Items/Structures/Wooden/PrimalItemStructure_WoodFenceFoundation,PrimalItemStructure_WoodFenceFoundation,PrimalItemStructure_WoodFenceFoundation_C,Y,N,Structure,EPrimalItemType:Structure; EPrimalMilestoneType:Craft,Y,
item,/Game/PrimalEarth/CoreBlueprints/Items/Structures/Wooden/PrimalItemStructure_WoodFloor,PrimalItemStructure_WoodFloor,PrimalItemStructure_WoodFloor_C,Y,N,Structure,EPrimalItemType:Structure; EPrimalMilestoneType:Craft,Y,
item,/Game/PrimalEarth/CoreBlueprints/Items/Structures/Wooden/PrimalItemStructure_WoodGate,PrimalItemStructure_WoodGate,PrimalItemStructure_WoodGate_C,Y,N,Structure,EPrimalItemType:Structure; EPrimalMilestoneType:Craft,Y,
item,/Game/PrimalEarth/CoreBlueprints/Items/Structures/Wooden/PrimalItemStructure_WoodGate_Large,PrimalItemStructure_WoodGate_Large,PrimalItemStructure_WoodGate_Large_C,Y,N,Structure,EPrimalItemType:Structure; EPrimalMilestoneType:Craft,Y,
item,/Game/PrimalEarth/CoreBlueprints/Items/Structures/Wooden/PrimalItemStructure_WoodGateframe,PrimalItemStructure_WoodGateframe,PrimalItemStructure_WoodGateframe_C,Y,N,Structure,EPrimalItemType:Structure; EPrimalMilestoneType:Craft,Y,
item,/Game/PrimalEarth/CoreBlueprints/Items/Structures/Wooden/PrimalItemStructure_WoodGateframe_Large,PrimalItemStructure_WoodGateframe_Large,PrimalItemStructure_WoodGateframe_Large_C,Y,N,Structure,EPrimalItemType:Structure; EPrimalMilestoneType:Craft,Y,
item,/Game/PrimalEarth/CoreBlueprints/Items/Structures/Wooden/PrimalItemStructure_WoodLadder,PrimalItemStructure_WoodLadder,PrimalItemStructure_WoodLadder_C,Y,N,Structure,EPrimalItemType:Structure; EPrimalMilestoneType:Craft,Y,
item,/Game/PrimalEarth/CoreBlueprints/Items/Structures/Wooden/PrimalItemStructure_WoodPillar,PrimalItemStructure_WoodPillar,PrimalItemStructure_WoodPillar_C,Y,N,Structure,EPrimalItemType:Structure; EPrimalMilestoneType:Craft,Y,
item,/Game/PrimalEarth/CoreBlueprints/Items/Structures/Wooden/PrimalItemStructure_WoodRailing,PrimalItemStructure_WoodRailing,PrimalItemStructure_WoodRailing_C,Y,N,Structure,EPrimalItemType:Structure; EPrimalMilestoneType:Craft,Y,
item,/Game/PrimalEarth/CoreBlueprints/Items/Structures/Wooden/PrimalItemStructure_WoodSign,PrimalItemStructure_WoodSign,PrimalItemStructure_WoodSign_C,Y,N,Structure,EPrimalItemType:Structure; EPrimalMilestoneType:Craft,Y,
item,/Game/PrimalEarth/CoreBlueprints/Items/Structures/Wooden/PrimalItemStructure_WoodSign_Large,PrimalItemStructure_WoodSign_Large,PrimalItemStructure_WoodSign_Large_C,Y,N,Structure,EPrimalItemType:Structure; EPrimalMilestoneType:Craft,Y,
item,/Game/PrimalEarth/CoreBlueprints/Items/Structures/Wooden/PrimalItemStructure_WoodSpikeWall,PrimalItemStructure_WoodSpikeWall,PrimalItemStructure_WoodSpikeWall_C,Y,N,Structure,EPrimalItemType:Structure; EPrimalMilestoneType:Craft,Y,
item,/Game/PrimalEarth/CoreBlueprints/Items/Structures/Wooden/PrimalItemStructure_WoodWall,PrimalItemStructure_WoodWall,PrimalItemStructure_WoodWall_C,Y,N,Structure,EPrimalItemType:Structure; EPrimalMilestoneType:Craft,Y,
item,/Game/PrimalEarth/CoreBlueprints/Items/Trophies/PrimalItemTrophy_AlphaRex,PrimalItemTrophy_AlphaRex,PrimalItemTrophy_AlphaRex_C,N,N,,EPrimalMilestoneType:Craft,Y,
item,/Game/PrimalEarth/CoreBlueprints/Items/Trophies/PrimalItemTrophy_AlphaWorm,PrimalItemTrophy_AlphaWorm,PrimalItemTrophy_AlphaWorm_C,N,N,,EPrimalMilestoneType:Craft,Y,
item,/Game/PrimalEarth/CoreBlueprints/Items/Trophies/PrimalItemTrophy_AlphaWyvern,PrimalItemTrophy_AlphaWyvern,PrimalItemTrophy_AlphaWyvern_C,N,N,,EPrimalMilestoneType:Craft,Y,
item,/Game/PrimalEarth/CoreBlueprints/Items/Trophies/PrimalItemTrophy_ARKLogo,PrimalItemTrophy_ARKLogo,PrimalItemTrophy_ARKLogo_C,N,N,,EPrimalMilestoneType:Craft,Y,
item,/Game/PrimalEarth/CoreBlueprints/Items/Trophies/PrimalItemTrophy_Broodmother,PrimalItemTrophy_Broodmother,PrimalItemTrophy_Broodmother_C,N,N,,EPrimalMilestoneType:Craft,Y,
item,/Game/PrimalEarth/CoreBlueprints/Items/Trophies/PrimalItemTrophy_Broodmother_Alpha,PrimalItemTrophy_Broodmother_Alpha,PrimalItemTrophy_Broodmother_Alpha_C,N,N,,EPrimalMilestoneType:Craft,Y,
item,/Game/PrimalEarth/CoreBlueprints/Items/Trophies/PrimalItemTrophy_Broodmother_Beta,PrimalItemTrophy_Broodmother_Beta,PrimalItemTrophy_Broodmother_Beta_C,N,N,,EPrimalMilestoneType:Craft,Y,
item,/Game/PrimalEarth/CoreBlueprints/Items/Trophies/PrimalItemTrophy_Broodmother_Gamma,PrimalItemTrophy_Broodmother_Gamma,PrimalItemTrophy_Broodmother_Gamma_C,N,N,,EPrimalMilestoneType:Craft,Y,
item,/Game/PrimalEarth/CoreBlueprints/Items/Trophies/PrimalItemTrophy_Dragon,PrimalItemTrophy_Dragon,PrimalItemTrophy_Dragon_C,N,N,,EPrimalMilestoneType:Craft,Y,
item,/Game/PrimalEarth/CoreBlueprints/Items/Trophies/PrimalItemTrophy_Dragon_Alpha,PrimalItemTrophy_Dragon_Alpha,PrimalItemTrophy_Dragon_Alpha_C,N,N,,EPrimalMilestoneType:Craft,Y,
item,/Game/PrimalEarth/CoreBlueprints/Items/Trophies/PrimalItemTrophy_Dragon_Beta,PrimalItemTrophy_Dragon_Beta,PrimalItemTrophy_Dragon_Beta_C,N,N,,EPrimalMilestoneType:Craft,Y,
item,/Game/PrimalEarth/CoreBlueprints/Items/Trophies/PrimalItemTrophy_Dragon_Gamma,PrimalItemTrophy_Dragon_Gamma,PrimalItemTrophy_Dragon_Gamma_C,N,N,,EPrimalMilestoneType:Craft,Y,
item,/Game/PrimalEarth/CoreBlueprints/Items/Trophies/PrimalItemTrophy_Gorilla,PrimalItemTrophy_Gorilla,PrimalItemTrophy_Gorilla_C,N,N,,EPrimalMilestoneType:Craft,Y,
item,/Game/PrimalEarth/CoreBlueprints/Items/Trophies/PrimalItemTrophy_Gorilla_Alpha,PrimalItemTrophy_Gorilla_Alpha,PrimalItemTrophy_Gorilla_Alpha_C,N,N,,EPrimalMilestoneType:Craft,Y,
item,/Game/PrimalEarth/CoreBlueprints/Items/Trophies/PrimalItemTrophy_Gorilla_Beta,PrimalItemTrophy_Gorilla_Beta,PrimalItemTrophy_Gorilla_Beta_C,N,N,,EPrimalMilestoneType:Craft,Y,
item,/Game/PrimalEarth/CoreBlueprints/Items/Trophies/PrimalItemTrophy_Gorilla_Gamma,PrimalItemTrophy_Gorilla_Gamma,PrimalItemTrophy_Gorilla_Gamma_C,N,N,,EPrimalMilestoneType:Craft,Y,
item,/Game/PrimalEarth/CoreBlueprints/Items/Trophies/PrimalItemTrophy_IceWorm,PrimalItemTrophy_IceWorm,PrimalItemTrophy_IceWorm_C,N,N,,EPrimalMilestoneType:Craft,Y,
item,/Game/PrimalEarth/CoreBlueprints/Items/WeaponAttachments/PrimalItemWeaponAttachment_Flashlight,PrimalItemWeaponAttachment_Flashlight,PrimalItemWeaponAttachment_Flashlight_C,Y,N,Weapon,EPrimalItemType:Weapon; EPrimalMilestoneType:Craft; EPrimalMilestoneType:Kill,Y,
item,/Game/PrimalEarth/CoreBlueprints/Items/WeaponAttachments/PrimalItemWeaponAttachment_HoloScope,PrimalItemWeaponAttachment_HoloScope,PrimalItemWeaponAttachment_HoloScope_C,Y,N,Weapon,EPrimalItemType:Weapon; EPrimalMilestoneType:Craft; EPrimalMilestoneType:Kill,Y,
item,/Game/PrimalEarth/CoreBlueprints/Items/WeaponAttachments/PrimalItemWeaponAttachment_Laser,PrimalItemWeaponAttachment_Laser,PrimalItemWeaponAttachment_Laser_C,Y,N,Weapon,EPrimalItemType:Weapon; EPrimalMilestoneType:Craft; EPrimalMilestoneType:Kill,Y,
item,/Game/PrimalEarth/CoreBlueprints/Items/WeaponAttachments/PrimalItemWeaponAttachment_Scope,PrimalItemWeaponAttachment_Scope,PrimalItemWeaponAttachment_Scope_C,Y,N,Weapon,EPrimalItemType:Weapon; EPrimalMilestoneType:Craft; EPrimalMilestoneType:Kill,Y,
item,/Game/PrimalEarth/CoreBlueprints/Items/WeaponAttachments/PrimalItemWeaponAttachment_Silencer,PrimalItemWeaponAttachment_Silencer,PrimalItemWeaponAttachment_Silencer_C,Y,N,Weapon,EPrimalItemType:Weapon; EPrimalMilestoneType:Craft; EPrimalMilestoneType:Kill,Y,
item,/Game/PrimalEarth/CoreBlueprints/Resources/PrimalItemResource_AmmoniteBlood,PrimalItemResource_AmmoniteBlood,PrimalItemResource_AmmoniteBlood_C,N,N,Resource,EPrimalItemType:Resource; EPrimalMilestoneType:Craft,Y,
item,/Game/PrimalEarth/CoreBlueprints/Resources/PrimalItemResource_AnglerGel,PrimalItemResource_AnglerGel,PrimalItemResource_AnglerGel_C,N,N,Resource,EPrimalItemType:Resource; EPrimalMilestoneType:Craft,Y,
item,/Game/PrimalEarth/CoreBlueprints/Resources/PrimalItemResource_ApexDrop_Allo,PrimalItemResource_ApexDrop_Allo,PrimalItemResource_ApexDrop_Allo_C,N,N,Resource,EPrimalItemType:Resource; EPrimalMilestoneType:Craft,Y,
item,/Game/PrimalEarth/CoreBlueprints/Resources/PrimalItemResource_ApexDrop_AlphaCarno,PrimalItemResource_ApexDrop_AlphaCarno,PrimalItemResource_ApexDrop_AlphaCarno_C,N,N,Resource,EPrimalItemType:Resource; EPrimalMilestoneType:Craft,Y,
item,/Game/PrimalEarth/CoreBlueprints/Resources/PrimalItemResource_ApexDrop_AlphaLeeds,PrimalItemResource_ApexDrop_AlphaLeeds,PrimalItemResource_ApexDrop_AlphaLeeds_C,N,N,Resource,EPrimalItemType:Resource; EPrimalMilestoneType:Craft,Y,
item,/Game/PrimalEarth/CoreBlueprints/Resources/PrimalItemResource_ApexDrop_AlphaMegalodon,PrimalItemResource_ApexDrop_AlphaMegalodon,PrimalItemResource_ApexDrop_AlphaMegalodon_C,N,N,Resource,EPrimalItemType:Resource; EPrimalMilestoneType:Craft,Y,
item,/Game/PrimalEarth/CoreBlueprints/Resources/PrimalItemResource_ApexDrop_AlphaMosasaur,PrimalItemResource_ApexDrop_AlphaMosasaur,PrimalItemResource_ApexDrop_AlphaMosasaur_C,N,N,Resource,EPrimalItemType:Resource; EPrimalMilestoneType:Craft,Y,
item,/Game/PrimalEarth/CoreBlueprints/Resources/PrimalItemResource_ApexDrop_AlphaRaptor,PrimalItemResource_ApexDrop_AlphaRaptor,PrimalItemResource_ApexDrop_AlphaRaptor_C,N,N,Resource,EPrimalItemType:Resource; EPrimalMilestoneType:Craft,Y,
item,/Game/PrimalEarth/CoreBlueprints/Resources/PrimalItemResource_ApexDrop_AlphaRex,PrimalItemResource_ApexDrop_AlphaRex,PrimalItemResource_ApexDrop_AlphaRex_C,N,N,Resource,EPrimalItemType:Resource; EPrimalMilestoneType:Craft,Y,
item,/Game/PrimalEarth/CoreBlueprints/Resources/PrimalItemResource_ApexDrop_AlphaTuso,PrimalItemResource_ApexDrop_AlphaTuso,PrimalItemResource_ApexDrop_AlphaTuso_C,N,N,Resource,EPrimalItemType:Resource; EPrimalMilestoneType:Craft,Y,
item,/Game/PrimalEarth/CoreBlueprints/Resources/PrimalItemResource_ApexDrop_Argentavis,PrimalItemResource_ApexDrop_Argentavis,PrimalItemResource_ApexDrop_Argentavis_C,Y,N,Resource,EPrimalItemType:Resource; EPrimalMilestoneType:Craft,Y,
item,/Game/PrimalEarth/CoreBlueprints/Resources/PrimalItemResource_ApexDrop_Basilo,PrimalItemResource_ApexDrop_Basilo,PrimalItemResource_ApexDrop_Basilo_C,N,N,Resource,EPrimalItemType:Resource; EPrimalMilestoneType:Craft,Y,
item,/Game/PrimalEarth/CoreBlueprints/Resources/PrimalItemResource_ApexDrop_Boa,PrimalItemResource_ApexDrop_Boa,PrimalItemResource_ApexDrop_Boa_C,N,N,Resource,EPrimalItemType:Resource; EPrimalMilestoneType:Craft,Y,
item,/Game/PrimalEarth/CoreBlueprints/Resources/PrimalItemResource_ApexDrop_FireWyvern,PrimalItemResource_ApexDrop_FireWyvern,PrimalItemResource_ApexDrop_FireWyvern_C,N,N,Resource,EPrimalItemType:Resource; EPrimalMilestoneType:Craft,Y,
item,/Game/PrimalEarth/CoreBlueprints/Resources/PrimalItemResource_ApexDrop_Giga,PrimalItemResource_ApexDrop_Giga,PrimalItemResource_ApexDrop_Giga_C,N,N,Resource,EPrimalItemType:Resource; EPrimalMilestoneType:Craft,Y,
item,/Game/PrimalEarth/CoreBlueprints/Resources/PrimalItemResource_ApexDrop_LightningWyvern,PrimalItemResource_ApexDrop_LightningWyvern,PrimalItemResource_ApexDrop_LightningWyvern_C,N,N,Resource,EPrimalItemType:Resource; EPrimalMilestoneType:Craft,Y,
item,/Game/PrimalEarth/CoreBlueprints/Resources/PrimalItemResource_ApexDrop_Megalania,PrimalItemResource_ApexDrop_Megalania,PrimalItemResource_ApexDrop_Megalania_C,Y,N,Resource,EPrimalItemType:Resource; EPrimalMilestoneType:Craft,Y,
item,/Game/PrimalEarth/CoreBlueprints/Resources/PrimalItemResource_ApexDrop_Megalodon,PrimalItemResource_ApexDrop_Megalodon,PrimalItemResource_ApexDrop_Megalodon_C,N,N,Resource,EPrimalItemType:Resource; EPrimalMilestoneType:Craft,Y,
item,/Game/PrimalEarth/CoreBlueprints/Resources/PrimalItemResource_ApexDrop_PoisonWyvern,PrimalItemResource_ApexDrop_PoisonWyvern,PrimalItemResource_ApexDrop_PoisonWyvern_C,N,N,Resource,EPrimalItemType:Resource; EPrimalMilestoneType:Craft,Y,
item,/Game/PrimalEarth/CoreBlueprints/Resources/PrimalItemResource_ApexDrop_Rex,PrimalItemResource_ApexDrop_Rex,PrimalItemResource_ApexDrop_Rex_C,N,N,Resource,EPrimalItemType:Resource; EPrimalMilestoneType:Craft,Y,
item,/Game/PrimalEarth/CoreBlueprints/Resources/PrimalItemResource_ApexDrop_Sarco,PrimalItemResource_ApexDrop_Sarco,PrimalItemResource_ApexDrop_Sarco_C,N,N,Resource,EPrimalItemType:Resource; EPrimalMilestoneType:Craft,Y,
item,/Game/PrimalEarth/CoreBlueprints/Resources/PrimalItemResource_ApexDrop_Sauro,PrimalItemResource_ApexDrop_Sauro,PrimalItemResource_ApexDrop_Sauro_C,N,N,Resource,EPrimalItemType:Resource; EPrimalMilestoneType:Craft,Y,
item,/Game/PrimalEarth/CoreBlueprints/Resources/PrimalItemResource_ApexDrop_Spino,PrimalItemResource_ApexDrop_Spino,PrimalItemResource_ApexDrop_Spino_C,N,N,Resource,EPrimalItemType:Resource; EPrimalMilestoneType:Craft,Y,
item,/Game/PrimalEarth/CoreBlueprints/Resources/PrimalItemResource_ApexDrop_Theriz,PrimalItemResource_ApexDrop_Theriz,PrimalItemResource_ApexDrop_Theriz_C,N,N,Resource,EPrimalItemType:Resource; EPrimalMilestoneType:Craft,Y,
item,/Game/PrimalEarth/CoreBlueprints/Resources/PrimalItemResource_ApexDrop_Thylaco,PrimalItemResource_ApexDrop_Thylaco,PrimalItemResource_ApexDrop_Thylaco_C,N,N,Resource,EPrimalItemType:Resource; EPrimalMilestoneType:Craft,Y,
item,/Game/PrimalEarth/CoreBlueprints/Resources/PrimalItemResource_ApexDrop_Tuso,PrimalItemResource_ApexDrop_Tuso,PrimalItemResource_ApexDrop_Tuso_C,N,N,Resource,EPrimalItemType:Resource; EPrimalMilestoneType:Craft,Y,
item,/Game/PrimalEarth/CoreBlueprints/Resources/PrimalItemResource_ApexDrop_Yuty,PrimalItemResource_ApexDrop_Yuty,PrimalItemResource_ApexDrop_Yuty_C,N,N,Resource,EPrimalItemType:Resource; EPrimalMilestoneType:Craft,Y,
item,/Game/PrimalEarth/CoreBlueprints/Resources/PrimalItemResource_ARKBone,PrimalItemResource_ARKBone,PrimalItemResource_ARKBone_C,N,N,Resource,EPrimalItemType:Resource; EPrimalMilestoneType:Craft,Y,
item,/Game/PrimalEarth/CoreBlueprints/Resources/PrimalItemResource_Beer,PrimalItemResource_Beer,PrimalItemResource_Beer_C,Y,N,Resource,EPrimalItemType:Resource; EPrimalMilestoneType:Craft,Y,
item,/Game/PrimalEarth/CoreBlueprints/Resources/PrimalItemResource_BirthdayCandle,PrimalItemResource_BirthdayCandle,PrimalItemResource_BirthdayCandle_C,N,N,Resource,EPrimalItemType:Resource; EPrimalMilestoneType:Craft,Y,
item,/Game/PrimalEarth/CoreBlueprints/Resources/PrimalItemResource_BlackPearl,PrimalItemResource_BlackPearl,PrimalItemResource_BlackPearl_C,N,N,Resource,EPrimalItemType:Resource; EPrimalMilestoneType:Craft,Y,
item,/Game/PrimalEarth/CoreBlueprints/Resources/PrimalItemResource_CakeSlice,PrimalItemResource_CakeSlice,PrimalItemResource_CakeSlice_C,N,N,Resource,EPrimalItemType:Resource; EPrimalMilestoneType:Craft,Y,
item,/Game/PrimalEarth/CoreBlueprints/Resources/PrimalItemResource_Charcoal,PrimalItemResource_Charcoal,PrimalItemResource_Charcoal_C,Y,N,Resource,EPrimalItemType:Resource; EPrimalMilestoneType:Craft,Y,
item,/Game/PrimalEarth/CoreBlueprints/Resources/PrimalItemResource_Chitin,PrimalItemResource_Chitin,PrimalItemResource_Chitin_C,Y,N,Resource,EPrimalItemType:Resource; EPrimalMilestoneType:Craft,Y,
item,/Game/PrimalEarth/CoreBlueprints/Resources/PrimalItemResource_ChitinOrKeratin,PrimalItemResource_ChitinOrKeratin,PrimalItemResource_ChitinOrKeratin_C,N,N,Resource,EPrimalItemType:Resource; EPrimalMilestoneType:Craft,Y,
item,/Game/PrimalEarth/CoreBlueprints/Resources/PrimalItemResource_ChitinPaste,PrimalItemResource_ChitinPaste,PrimalItemResource_ChitinPaste_C,Y,N,Resource,EPrimalItemType:Resource; EPrimalMilestoneType:Craft,Y,
item,/Game/PrimalEarth/CoreBlueprints/Resources/PrimalItemResource_CommonMushroom,PrimalItemResource_CommonMushroom,PrimalItemResource_CommonMushroom_C,N,N,Resource,EPrimalItemType:Resource; EPrimalMilestoneType:Craft,Y,
item,/Game/PrimalEarth/CoreBlueprints/Resources/PrimalItemResource_Crystal,PrimalItemResource_Crystal,PrimalItemResource_Crystal_C,Y,N,Resource,EPrimalItemType:Resource; EPrimalMilestoneType:Craft,Y,
item,/Game/PrimalEarth/CoreBlueprints/Resources/PrimalItemResource_Electronics,PrimalItemResource_Electronics,PrimalItemResource_Electronics_C,Y,N,Resource,EPrimalItemType:Resource; EPrimalMilestoneType:Craft,Y,
item,/Game/PrimalEarth/CoreBlueprints/Resources/PrimalItemResource_Element,PrimalItemResource_Element,PrimalItemResource_Element_C,Y,Y,Resource,EPrimalItemType:Resource; EPrimalMilestoneType:Craft,Y,
item,/Game/PrimalEarth/CoreBlueprints/Resources/PrimalItemResource_ElementShard,PrimalItemResource_ElementShard,PrimalItemResource_ElementShard_C,Y,N,Resource,EPrimalItemType:Resource; EPrimalMilestoneType:Craft,Y,
item,/Game/PrimalEarth/CoreBlueprints/Resources/PrimalItemResource_Fibers,PrimalItemResource_Fibers,PrimalItemResource_Fibers_C,Y,N,Resource,EPrimalItemType:Resource; EPrimalMilestoneType:Craft,Y,
item,/Game/PrimalEarth/CoreBlueprints/Resources/PrimalItemResource_Flint,PrimalItemResource_Flint,PrimalItemResource_Flint_C,Y,N,Resource,EPrimalItemType:Resource; EPrimalMilestoneType:Craft,Y,
item,/Game/PrimalEarth/CoreBlueprints/Resources/PrimalItemResource_Gasoline,PrimalItemResource_Gasoline,PrimalItemResource_Gasoline_C,Y,N,Resource,EPrimalItemType:Resource; EPrimalMilestoneType:Craft,Y,
item,/Game/PrimalEarth/CoreBlueprints/Resources/PrimalItemResource_Gasoline_GasCrafted,PrimalItemResource_Gasoline_GasCrafted,PrimalItemResource_Gasoline_GasCrafted_C,Y,N,Resource,EPrimalItemType:Resource; EPrimalMilestoneType:Craft,Y,
item,/Game/PrimalEarth/CoreBlueprints/Resources/PrimalItemResource_Gunpowder,PrimalItemResource_Gunpowder,PrimalItemResource_Gunpowder_C,Y,N,Resource,EPrimalItemType:Resource; EPrimalMilestoneType:Craft,Y,
item,/Game/PrimalEarth/CoreBlueprints/Resources/PrimalItemResource_Hair,PrimalItemResource_Hair,PrimalItemResource_Hair_C,N,N,Resource,EPrimalItemType:Resource; EPrimalMilestoneType:Craft,Y,
item,/Game/PrimalEarth/CoreBlueprints/Resources/PrimalItemResource_Hide,PrimalItemResource_Hide,PrimalItemResource_Hide_C,Y,N,Resource,EPrimalItemType:Resource; EPrimalMilestoneType:Craft,Y,
item,/Game/PrimalEarth/CoreBlueprints/Resources/PrimalItemResource_Horn,PrimalItemResource_Horn,PrimalItemResource_Horn_C,N,N,Resource,EPrimalItemType:Resource; EPrimalMilestoneType:Craft,Y,
item,/Game/PrimalEarth/CoreBlueprints/Resources/PrimalItemResource_Keratin,PrimalItemResource_Keratin,PrimalItemResource_Keratin_C,Y,N,Resource,EPrimalItemType:Resource; EPrimalMilestoneType:Craft,Y,
item,/Game/PrimalEarth/CoreBlueprints/Resources/PrimalItemResource_LeechBlood,PrimalItemResource_LeechBlood,PrimalItemResource_LeechBlood_C,N,N,Resource,EPrimalItemType:Resource; EPrimalMilestoneType:Craft,Y,
item,/Game/PrimalEarth/CoreBlueprints/Resources/PrimalItemResource_MagicCharcoal,PrimalItemResource_MagicCharcoal,PrimalItemResource_MagicCharcoal_C,N,N,Resource,EPrimalItemType:Resource; EPrimalMilestoneType:Craft,Y,
item,/Game/PrimalEarth/CoreBlueprints/Resources/PrimalItemResource_Metal,PrimalItemResource_Metal,PrimalItemResource_Metal_C,N,N,Resource,EPrimalItemType:Resource; EPrimalMilestoneType:Craft,Y,
item,/Game/PrimalEarth/CoreBlueprints/Resources/PrimalItemResource_MetalIngot,PrimalItemResource_MetalIngot,PrimalItemResource_MetalIngot_C,Y,N,Resource,EPrimalItemType:Resource; EPrimalMilestoneType:Craft,Y,
item,/Game/PrimalEarth/CoreBlueprints/Resources/PrimalItemResource_Obsidian,PrimalItemResource_Obsidian,PrimalItemResource_Obsidian_C,N,N,Resource,EPrimalItemType:Resource; EPrimalMilestoneType:Craft,Y,
item,/Game/PrimalEarth/CoreBlueprints/Resources/PrimalItemResource_Oil,PrimalItemResource_Oil,PrimalItemResource_Oil_C,Y,N,Resource,EPrimalItemType:Resource; EPrimalMilestoneType:Craft,Y,
item,/Game/PrimalEarth/CoreBlueprints/Resources/PrimalItemResource_Pelt,PrimalItemResource_Pelt,PrimalItemResource_Pelt_C,Y,N,Resource,EPrimalItemType:Resource; EPrimalMilestoneType:Craft,Y,
item,/Game/PrimalEarth/CoreBlueprints/Resources/PrimalItemResource_Polymer,PrimalItemResource_Polymer,PrimalItemResource_Polymer_C,Y,N,Resource,EPrimalItemType:Resource; EPrimalMilestoneType:Craft,Y,
item,/Game/PrimalEarth/CoreBlueprints/Resources/PrimalItemResource_Polymer_Organic,PrimalItemResource_Polymer_Organic,PrimalItemResource_Polymer_Organic_C,N,N,Resource,EPrimalItemType:Resource; EPrimalMilestoneType:Craft,Y,
item,/Game/PrimalEarth/CoreBlueprints/Resources/PrimalItemResource_RareFlower,PrimalItemResource_RareFlower,PrimalItemResource_RareFlower_C,Y,N,Resource,EPrimalItemType:Resource; EPrimalMilestoneType:Craft,Y,
item,/Game/PrimalEarth/CoreBlueprints/Resources/PrimalItemResource_RareMushroom,PrimalItemResource_RareMushroom,PrimalItemResource_RareMushroom_C,Y,N,Resource,EPrimalItemType:Resource; EPrimalMilestoneType:Craft,Y,
item,/Game/PrimalEarth/CoreBlueprints/Resources/PrimalItemResource_Sap,PrimalItemResource_Sap,PrimalItemResource_Sap_C,N,N,Resource,EPrimalItemType:Resource; EPrimalMilestoneType:Craft,Y,
item,/Game/PrimalEarth/CoreBlueprints/Resources/PrimalItemResource_Silicon,PrimalItemResource_Silicon,PrimalItemResource_Silicon_C,Y,N,Resource,EPrimalItemType:Resource; EPrimalMilestoneType:Craft,Y,
item,/Game/PrimalEarth/CoreBlueprints/Resources/PrimalItemResource_Sparkpowder,PrimalItemResource_Sparkpowder,PrimalItemResource_Sparkpowder_C,Y,N,Resource,EPrimalItemType:Resource; EPrimalMilestoneType:Craft,Y,
item,/Game/PrimalEarth/CoreBlueprints/Resources/PrimalItemResource_Stone,PrimalItemResource_Stone,PrimalItemResource_Stone_C,Y,N,Resource,EPrimalItemType:Resource; EPrimalMilestoneType:Craft,Y,
item,/Game/PrimalEarth/CoreBlueprints/Resources/PrimalItemResource_SubstrateAbsorbent,PrimalItemResource_SubstrateAbsorbent,PrimalItemResource_SubstrateAbsorbent_C,Y,N,Resource,EPrimalItemType:Resource; EPrimalMilestoneType:Craft,Y,
item,/Game/PrimalEarth/CoreBlueprints/Resources/PrimalItemResource_Thatch,PrimalItemResource_Thatch,PrimalItemResource_Thatch_C,Y,N,Resource,EPrimalItemType:Resource; EPrimalMilestoneType:Craft,Y,
item,/Game/PrimalEarth/CoreBlueprints/Resources/PrimalItemResource_Wood,PrimalItemResource_Wood,PrimalItemResource_Wood_C,Y,N,Resource,EPrimalItemType:Resource; EPrimalMilestoneType:Craft,Y,
item,/Game/PrimalEarth/CoreBlueprints/Resources/PrimalItemResource_Wool,PrimalItemResource_Wool,PrimalItemResource_Wool_C,N,N,Resource,EPrimalItemType:Resource; EPrimalMilestoneType:Craft,Y,
item,/Game/PrimalEarth/CoreBlueprints/Weapons/PrimalItem_GasGrenade,PrimalItem_GasGrenade,PrimalItem_GasGrenade_C,Y,N,Weapon,EPrimalItemType:Weapon; EPrimalMilestoneType:Craft; EPrimalMilestoneType:Kill,Y,
item,/Game/PrimalEarth/CoreBlueprints/Weapons/PrimalItem_PoisonGrenade,PrimalItem_PoisonGrenade,PrimalItem_PoisonGrenade_C,Y,N,Weapon,EPrimalItemType:Weapon; EPrimalMilestoneType:Craft; EPrimalMilestoneType:Kill,Y,
item,/Game/PrimalEarth/CoreBlueprints/Weapons/PrimalItem_TekGrenade,PrimalItem_TekGrenade,PrimalItem_TekGrenade_C,Y,N,Weapon,EPrimalItemType:Weapon; EPrimalMilestoneType:Craft; EPrimalMilestoneType:Kill,Y,
item,/Game/PrimalEarth/CoreBlueprints/Weapons/PrimalItem_TekRifle,PrimalItem_TekRifle,PrimalItem_TekRifle_C,Y,Y,Weapon,EPrimalItemType:Weapon; EPrimalMilestoneType:Craft; EPrimalMilestoneType:Kill,Y,
item,/Game/PrimalEarth/CoreBlueprints/Weapons/PrimalItem_WeaponAlarmTrap,PrimalItem_WeaponAlarmTrap,PrimalItem_WeaponAlarmTrap_C,Y,N,Weapon,EPrimalItemType:Weapon; EPrimalMilestoneType:Craft; EPrimalMilestoneType:Kill,Y,
item,/Game/PrimalEarth/CoreBlueprints/Weapons/PrimalItem_WeaponBola,PrimalItem_WeaponBola,PrimalItem_WeaponBola_C,Y,N,Weapon,EPrimalItemType:Weapon; EPrimalMilestoneType:Craft; EPrimalMilestoneType:Kill,Y,
item,/Game/PrimalEarth/CoreBlueprints/Weapons/PrimalItem_WeaponBow,PrimalItem_WeaponBow,PrimalItem_WeaponBow_C,Y,N,Weapon,EPrimalItemType:Weapon; EPrimalMilestoneType:Craft; EPrimalMilestoneType:Kill,Y,
item,/Game/PrimalEarth/CoreBlueprints/Weapons/PrimalItem_WeaponC4,PrimalItem_WeaponC4,PrimalItem_WeaponC4_C,Y,N,Weapon,EPrimalItemType:Weapon; EPrimalMilestoneType:Craft; EPrimalMilestoneType:Kill,Y,
item,/Game/PrimalEarth/CoreBlueprints/Weapons/PrimalItem_WeaponCompoundBow,PrimalItem_WeaponCompoundBow,PrimalItem_WeaponCompoundBow_C,Y,N,Weapon,EPrimalItemType:Weapon; EPrimalMilestoneType:Craft; EPrimalMilestoneType:Kill,Y,
item,/Game/PrimalEarth/CoreBlueprints/Weapons/PrimalItem_WeaponCrossbow,PrimalItem_WeaponCrossbow,PrimalItem_WeaponCrossbow_C,Y,N,Weapon,EPrimalItemType:Weapon; EPrimalMilestoneType:Craft; EPrimalMilestoneType:Kill,Y,
item,/Game/PrimalEarth/CoreBlueprints/Weapons/PrimalItem_WeaponFishingRod,PrimalItem_WeaponFishingRod,PrimalItem_WeaponFishingRod_C,Y,N,Weapon,EPrimalItemType:Weapon; EPrimalMilestoneType:Craft; EPrimalMilestoneType:Kill,Y,
item,/Game/PrimalEarth/CoreBlueprints/Weapons/PrimalItem_WeaponFishingRod_Mission,PrimalItem_WeaponFishingRod_Mission,PrimalItem_WeaponFishingRod_Mission_C,N,N,Weapon,EPrimalItemType:Weapon; EPrimalMilestoneType:Craft; EPrimalMilestoneType:Kill,Y,
item,/Game/PrimalEarth/CoreBlueprints/Weapons/PrimalItem_WeaponFlareGun,PrimalItem_WeaponFlareGun,PrimalItem_WeaponFlareGun_C,Y,N,Weapon,EPrimalItemType:Weapon; EPrimalMilestoneType:Craft; EPrimalMilestoneType:Kill,Y,
item,/Game/PrimalEarth/CoreBlueprints/Weapons/PrimalItem_WeaponGrenade,PrimalItem_WeaponGrenade,PrimalItem_WeaponGrenade_C,Y,N,Weapon,EPrimalItemType:Weapon; EPrimalMilestoneType:Craft; EPrimalMilestoneType:Kill,Y,
item,/Game/PrimalEarth/CoreBlueprints/Weapons/PrimalItem_WeaponGun,PrimalItem_WeaponGun,PrimalItem_WeaponGun_C,Y,N,Weapon,EPrimalItemType:Weapon; EPrimalMilestoneType:Craft; EPrimalMilestoneType:Kill,Y,
item,/Game/PrimalEarth/CoreBlueprints/Weapons/PrimalItem_WeaponHandcuffs,PrimalItem_WeaponHandcuffs,PrimalItem_WeaponHandcuffs_C,Y,N,Weapon,EPrimalItemType:Weapon; EPrimalMilestoneType:Craft; EPrimalMilestoneType:Kill,Y,
item,/Game/PrimalEarth/CoreBlueprints/Weapons/PrimalItem_WeaponHarpoon,PrimalItem_WeaponHarpoon,PrimalItem_WeaponHarpoon_C,Y,N,Weapon,EPrimalItemType:Weapon; EPrimalMilestoneType:Craft; EPrimalMilestoneType:Kill,Y,
item,/Game/PrimalEarth/CoreBlueprints/Weapons/PrimalItem_WeaponLance,PrimalItem_WeaponLance,PrimalItem_WeaponLance_C,Y,N,Weapon,EPrimalItemType:Weapon; EPrimalMilestoneType:Craft; EPrimalMilestoneType:Kill,Y,
item,/Game/PrimalEarth/CoreBlueprints/Weapons/PrimalItem_WeaponLasso,PrimalItem_WeaponLasso,PrimalItem_WeaponLasso_C,N,N,Weapon,EPrimalItemType:Weapon; EPrimalMilestoneType:Craft; EPrimalMilestoneType:Kill,Y,
item,/Game/PrimalEarth/CoreBlueprints/Weapons/PrimalItem_WeaponMachinedPistol,PrimalItem_WeaponMachinedPistol,PrimalItem_WeaponMachinedPistol_C,Y,N,Weapon,EPrimalItemType:Weapon; EPrimalMilestoneType:Craft; EPrimalMilestoneType:Kill,Y,
item,/Game/PrimalEarth/CoreBlueprints/Weapons/PrimalItem_WeaponMachinedShotgun,PrimalItem_WeaponMachinedShotgun,PrimalItem_WeaponMachinedShotgun_C,Y,N,Weapon,EPrimalItemType:Weapon; EPrimalMilestoneType:Craft; EPrimalMilestoneType:Kill,Y,
item,/Game/PrimalEarth/CoreBlueprints/Weapons/PrimalItem_WeaponMachinedSniper,PrimalItem_WeaponMachinedSniper,PrimalItem_WeaponMachinedSniper_C,Y,N,Weapon,EPrimalItemType:Weapon; EPrimalMilestoneType:Craft; EPrimalMilestoneType:Kill,Y,
item,/Game/PrimalEarth/CoreBlueprints/Weapons/PrimalItem_WeaponMetalHatchet,PrimalItem_WeaponMetalHatchet,PrimalItem_WeaponMetalHatchet_C,Y,N,Weapon,EPrimalItemType:Weapon; EPrimalMilestoneType:Craft; EPrimalMilestoneType:Kill,Y,
item,/Game/PrimalEarth/CoreBlueprints/Weapons/PrimalItem_WeaponMetalPick,PrimalItem_WeaponMetalPick,PrimalItem_WeaponMetalPick_C,Y,N,Weapon,EPrimalItemType:Weapon; EPrimalMilestoneType:Craft; EPrimalMilestoneType:Kill,Y,
item,/Game/PrimalEarth/CoreBlueprints/Weapons/PrimalItem_WeaponOneShotRifle,PrimalItem_WeaponOneShotRifle,PrimalItem_WeaponOneShotRifle_C,Y,N,Weapon,EPrimalItemType:Weapon; EPrimalMilestoneType:Craft; EPrimalMilestoneType:Kill,Y,
item,/Game/PrimalEarth/CoreBlueprints/Weapons/PrimalItem_WeaponPaintbrush,PrimalItem_WeaponPaintbrush,PrimalItem_WeaponPaintbrush_C,Y,N,Weapon,EPrimalItemType:Weapon; EPrimalMilestoneType:Craft; EPrimalMilestoneType:Kill,Y,
item,/Game/PrimalEarth/CoreBlueprints/Weapons/PrimalItem_WeaponPike,PrimalItem_WeaponPike,PrimalItem_WeaponPike_C,Y,N,Weapon,EPrimalItemType:Weapon; EPrimalMilestoneType:Craft; EPrimalMilestoneType:Kill,Y,
item,/Game/PrimalEarth/CoreBlueprints/Weapons/PrimalItem_WeaponPoisonTrap,PrimalItem_WeaponPoisonTrap,PrimalItem_WeaponPoisonTrap_C,Y,N,Weapon,EPrimalItemType:Weapon; EPrimalMilestoneType:Craft; EPrimalMilestoneType:Kill,Y,
item,/Game/PrimalEarth/CoreBlueprints/Weapons/PrimalItem_WeaponProd,PrimalItem_WeaponProd,PrimalItem_WeaponProd_C,Y,N,Weapon,EPrimalItemType:Weapon; EPrimalMilestoneType:Craft; EPrimalMilestoneType:Kill,Y,
item,/Game/PrimalEarth/CoreBlueprints/Weapons/PrimalItem_WeaponRifle,PrimalItem_WeaponRifle,PrimalItem_WeaponRifle_C,Y,N,Weapon,EPrimalItemType:Weapon; EPrimalMilestoneType:Craft; EPrimalMilestoneType:Kill,Y,
item,/Game/PrimalEarth/CoreBlueprints/Weapons/PrimalItem_WeaponRocketLauncher,PrimalItem_WeaponRocketLauncher,PrimalItem_WeaponRocketLauncher_C,Y,N,Weapon,EPrimalItemType:Weapon; EPrimalMilestoneType:Craft; EPrimalMilestoneType:Kill,Y,
item,/Game/PrimalEarth/CoreBlueprints/Weapons/PrimalItem_WeaponScissors,PrimalItem_WeaponScissors,PrimalItem_WeaponScissors_C,Y,N,Weapon,EPrimalItemType:Weapon; EPrimalMilestoneType:Craft; EPrimalMilestoneType:Kill,Y,
item,/Game/PrimalEarth/CoreBlueprints/Weapons/PrimalItem_WeaponShotgun,PrimalItem_WeaponShotgun,PrimalItem_WeaponShotgun_C,Y,N,Weapon,EPrimalItemType:Weapon; EPrimalMilestoneType:Craft; EPrimalMilestoneType:Kill,Y,
item,/Game/PrimalEarth/CoreBlueprints/Weapons/PrimalItem_WeaponSickle,PrimalItem_WeaponSickle,PrimalItem_WeaponSickle_C,Y,N,Weapon,EPrimalItemType:Weapon; EPrimalMilestoneType:Craft; EPrimalMilestoneType:Kill,Y,
item,/Game/PrimalEarth/CoreBlueprints/Weapons/PrimalItem_WeaponSlingshot,PrimalItem_WeaponSlingshot,PrimalItem_WeaponSlingshot_C,Y,N,Weapon,EPrimalItemType:Weapon; EPrimalMilestoneType:Craft; EPrimalMilestoneType:Kill,Y,
item,/Game/PrimalEarth/CoreBlueprints/Weapons/PrimalItem_WeaponSpear,PrimalItem_WeaponSpear,PrimalItem_WeaponSpear_C,Y,N,Weapon,EPrimalItemType:Weapon; EPrimalMilestoneType:Craft; EPrimalMilestoneType:Kill,Y,
item,/Game/PrimalEarth/CoreBlueprints/Weapons/PrimalItem_WeaponSprayPaint,PrimalItem_WeaponSprayPaint,PrimalItem_WeaponSprayPaint_C,Y,N,Weapon,EPrimalItemType:Weapon; EPrimalMilestoneType:Craft; EPrimalMilestoneType:Kill,Y,
item,/Game/PrimalEarth/CoreBlueprints/Weapons/PrimalItem_WeaponStoneClub,PrimalItem_WeaponStoneClub,PrimalItem_WeaponStoneClub_C,Y,N,Weapon,EPrimalItemType:Weapon; EPrimalMilestoneType:Craft; EPrimalMilestoneType:Kill,Y,
item,/Game/PrimalEarth/CoreBlueprints/Weapons/PrimalItem_WeaponStoneHatchet,PrimalItem_WeaponStoneHatchet,PrimalItem_WeaponStoneHatchet_C,Y,N,Weapon,EPrimalItemType:Weapon; EPrimalMilestoneType:Craft; EPrimalMilestoneType:Kill,Y,
item,/Game/PrimalEarth/CoreBlueprints/Weapons/PrimalItem_WeaponStonePick,PrimalItem_WeaponStonePick,PrimalItem_WeaponStonePick_C,Y,N,Weapon,EPrimalItemType:Weapon; EPrimalMilestoneType:Craft; EPrimalMilestoneType:Kill,Y,
item,/Game/PrimalEarth/CoreBlueprints/Weapons/PrimalItem_WeaponSword,PrimalItem_WeaponSword,PrimalItem_WeaponSword_C,Y,N,Weapon,EPrimalItemType:Weapon; EPrimalMilestoneType:Craft; EPrimalMilestoneType:Kill,Y,
item,/Game/PrimalEarth/CoreBlueprints/Weapons/PrimalItem_WeaponTekSword,PrimalItem_WeaponTekSword,PrimalItem_WeaponTekSword_C,Y,N,Weapon,EPrimalItemType:Weapon; EPrimalMilestoneType:Craft; EPrimalMilestoneType:Kill,Y,
item,/Game/PrimalEarth/CoreBlueprints/Weapons/PrimalItem_WeaponTorch,PrimalItem_WeaponTorch,PrimalItem_WeaponTorch_C,Y,N,Weapon,EPrimalItemType:Weapon; EPrimalMilestoneType:Craft; EPrimalMilestoneType:Kill,Y,
item,/Game/PrimalEarth/CoreBlueprints/Weapons/PrimalItem_WeaponTripwireC4,PrimalItem_WeaponTripwireC4,PrimalItem_WeaponTripwireC4_C,Y,N,Weapon,EPrimalItemType:Weapon; EPrimalMilestoneType:Craft; EPrimalMilestoneType:Kill,Y,
item,/Game/PrimalEarth/CoreBlueprints/Weapons/PrimalItemAmmo_AdvancedBullet,PrimalItemAmmo_AdvancedBullet,PrimalItemAmmo_AdvancedBullet_C,Y,N,Ammo,EPrimalItemType:Ammo; EPrimalMilestoneType:Craft; EPrimalMilestoneType:Kill,Y,
item,/Game/PrimalEarth/CoreBlueprints/Weapons/PrimalItemAmmo_AdvancedRifleBullet,PrimalItemAmmo_AdvancedRifleBullet,PrimalItemAmmo_AdvancedRifleBullet_C,Y,N,Ammo,EPrimalItemType:Ammo; EPrimalMilestoneType:Craft; EPrimalMilestoneType:Kill,Y,
item,/Game/PrimalEarth/CoreBlueprints/Weapons/PrimalItemAmmo_AdvancedSniperBullet,PrimalItemAmmo_AdvancedSniperBullet,PrimalItemAmmo_AdvancedSniperBullet_C,Y,N,Ammo,EPrimalItemType:Ammo; EPrimalMilestoneType:Craft; EPrimalMilestoneType:Kill,Y,
item,/Game/PrimalEarth/CoreBlueprints/Weapons/PrimalItemAmmo_AggroTranqDart,PrimalItemAmmo_AggroTranqDart,PrimalItemAmmo_AggroTranqDart_C,Y,N,Ammo,EPrimalItemType:Ammo; EPrimalMilestoneType:Craft; EPrimalMilestoneType:Kill,Y,
item,/Game/PrimalEarth/CoreBlueprints/Weapons/PrimalItemAmmo_ArrowFlame,PrimalItemAmmo_ArrowFlame,PrimalItemAmmo_ArrowFlame_C,Y,N,Ammo,EPrimalItemType:Ammo; EPrimalMilestoneType:Craft; EPrimalMilestoneType:Kill,Y,
item,/Game/PrimalEarth/CoreBlueprints/Weapons/PrimalItemAmmo_ArrowStone,PrimalItemAmmo_ArrowStone,PrimalItemAmmo_ArrowStone_C,Y,N,Ammo,EPrimalItemType:Ammo; EPrimalMilestoneType:Craft; EPrimalMilestoneType:Kill,Y,
item,/Game/PrimalEarth/CoreBlueprints/Weapons/PrimalItemAmmo_ArrowTranq,PrimalItemAmmo_ArrowTranq,PrimalItemAmmo_ArrowTranq_C,Y,N,Ammo,EPrimalItemType:Ammo; EPrimalMilestoneType:Craft; EPrimalMilestoneType:Kill,Y,
item,/Game/PrimalEarth/CoreBlueprints/Weapons/PrimalItemAmmo_BallistaArrow,PrimalItemAmmo_BallistaArrow,PrimalItemAmmo_BallistaArrow_C,Y,N,Ammo,EPrimalItemType:Ammo; EPrimalMilestoneType:Craft; EPrimalMilestoneType:Kill,Y,
item,/Game/PrimalEarth/CoreBlueprints/Weapons/PrimalItemAmmo_Boulder,PrimalItemAmmo_Boulder,PrimalItemAmmo_Boulder_C,Y,N,Ammo,EPrimalItemType:Ammo; EPrimalMilestoneType:Craft; EPrimalMilestoneType:Kill,Y,
item,/Game/PrimalEarth/CoreBlueprints/Weapons/PrimalItemAmmo_CannonBall,PrimalItemAmmo_CannonBall,PrimalItemAmmo_CannonBall_C,Y,N,Ammo,EPrimalItemType:Ammo; EPrimalMilestoneType:Craft; EPrimalMilestoneType:Kill,Y,
item,/Game/PrimalEarth/CoreBlueprints/Weapons/PrimalItemAmmo_ChainBola,PrimalItemAmmo_ChainBola,PrimalItemAmmo_ChainBola_C,Y,N,Ammo,EPrimalItemType:Ammo; EPrimalMilestoneType:Craft; EPrimalMilestoneType:Kill,Y,
item,/Game/PrimalEarth/CoreBlueprints/Weapons/PrimalItemAmmo_CompoundBowArrow,PrimalItemAmmo_CompoundBowArrow,PrimalItemAmmo_CompoundBowArrow_C,Y,N,Ammo,EPrimalItemType:Ammo; EPrimalMilestoneType:Craft; EPrimalMilestoneType:Kill,Y,
item,/Game/PrimalEarth/CoreBlueprints/Weapons/PrimalItemAmmo_GrapplingHook,PrimalItemAmmo_GrapplingHook,PrimalItemAmmo_GrapplingHook_C,Y,Y,Ammo,EPrimalItemType:Ammo; EPrimalMilestoneType:Craft; EPrimalMilestoneType:Kill,Y,
item,/Game/PrimalEarth/CoreBlueprints/Weapons/PrimalItemAmmo_RefinedTranqDart,PrimalItemAmmo_RefinedTranqDart,PrimalItemAmmo_RefinedTranqDart_C,Y,N,Ammo,EPrimalItemType:Ammo; EPrimalMilestoneType:Craft; EPrimalMilestoneType:Kill,Y,
item,/Game/PrimalEarth/CoreBlueprints/Weapons/PrimalItemAmmo_Rocket,PrimalItemAmmo_Rocket,PrimalItemAmmo_Rocket_C,Y,N,Ammo,EPrimalItemType:Ammo; EPrimalMilestoneType:Craft; EPrimalMilestoneType:Kill,Y,
item,/Game/PrimalEarth/CoreBlueprints/Weapons/PrimalItemAmmo_SimpleBullet,PrimalItemAmmo_SimpleBullet,PrimalItemAmmo_SimpleBullet_C,Y,N,Ammo,EPrimalItemType:Ammo; EPrimalMilestoneType:Craft; EPrimalMilestoneType:Kill,Y,
item,/Game/PrimalEarth/CoreBlueprints/Weapons/PrimalItemAmmo_SimpleRifleBullet,PrimalItemAmmo_SimpleRifleBullet,PrimalItemAmmo_SimpleRifleBullet_C,Y,N,Ammo,EPrimalItemType:Ammo; EPrimalMilestoneType:Craft; EPrimalMilestoneType:Kill,Y,
item,/Game/PrimalEarth/CoreBlueprints/Weapons/PrimalItemAmmo_SimpleShotgunBullet,PrimalItemAmmo_SimpleShotgunBullet,PrimalItemAmmo_SimpleShotgunBullet_C,Y,N,Ammo,EPrimalItemType:Ammo; EPrimalMilestoneType:Craft; EPrimalMilestoneType:Kill,Y,
item,/Game/PrimalEarth/CoreBlueprints/Weapons/PrimalItemAmmo_TranqDart,PrimalItemAmmo_TranqDart,PrimalItemAmmo_TranqDart_C,Y,N,Ammo,EPrimalItemType:Ammo; EPrimalMilestoneType:Craft; EPrimalMilestoneType:Kill,Y,
item,/Game/PrimalEarth/CoreBlueprints/Weapons/PrimalItemAmmo_TranqSpearBolt,PrimalItemAmmo_TranqSpearBolt,PrimalItemAmmo_TranqSpearBolt_C,Y,N,Ammo,EPrimalItemType:Ammo; EPrimalMilestoneType:Craft; EPrimalMilestoneType:Kill,Y,
item,/Game/PrimalEarth/CoreBlueprints/Weapons/PrimalItemSkin_Hatchet_Santiago,PrimalItemSkin_Hatchet_Santiago,PrimalItemSkin_Hatchet_Santiago_C,N,N,Skin,EPrimalItemType:Skin; EPrimalMilestoneType:Craft,Y,
item,/Game/PrimalEarth/CoreBlueprints/Weapons/PrimalItemSkin_Spear_Carrot,PrimalItemSkin_Spear_Carrot,PrimalItemSkin_Spear_Carrot_C,N,N,Skin,EPrimalItemType:Skin; EPrimalMilestoneType:Craft,Y,
item,/Game/PrimalEarth/CoreBlueprints/Weapons/PrimalItemSkin_Spear_Santiago,PrimalItemSkin_Spear_Santiago,PrimalItemSkin_Spear_Santiago_C,N,N,Skin,EPrimalItemType:Skin; EPrimalMilestoneType:Craft,Y,
item,/Game/PrimalEarth/CoreBlueprints/Weapons/PrimalItemWeapon_StoresCharge,PrimalItemWeapon_StoresCharge,PrimalItemWeapon_StoresCharge_C,N,N,Weapon,EPrimalItemType:Weapon; EPrimalMilestoneType:Craft; EPrimalMilestoneType:Kill,Y,
item,/Game/PrimalEarth/Dinos/Achatina/PrimalItemResource_SnailPaste,PrimalItemResource_SnailPaste,PrimalItemResource_SnailPaste_C,N,N,Resource,EPrimalItemType:Resource; EPrimalMilestoneType:Craft,Y,
item,/Game/PrimalEarth/Dinos/CrystalWyvern/CrystalResources/Primal/PrimalItemResource_Crystal_IslesPrimal,PrimalItemResource_Crystal_IslesPrimal,PrimalItemResource_Crystal_IslesPrimal_C,N,N,Resource,EPrimalItemType:Resource; EPrimalMilestoneType:Craft,Y,
item,/Game/PrimalEarth/Dinos/CrystalWyvern/Mega/PrimalItemResource_ApexDrop_AlphaCrystalWyvern,PrimalItemResource_ApexDrop_AlphaCrystalWyvern,PrimalItemResource_ApexDrop_AlphaCrystalWyvern_C,N,N,Resource,EPrimalItemType:Resource; EPrimalMilestoneType:Craft,Y,
item,/Game/PrimalEarth/Dinos/CrystalWyvern/PrimalItemResource_ApexDrop_CrystalWyvern,PrimalItemResource_ApexDrop_CrystalWyvern,PrimalItemResource_ApexDrop_CrystalWyvern_C,N,N,Resource,EPrimalItemType:Resource; EPrimalMilestoneType:Craft,Y,
item,/Game/PrimalEarth/Dinos/Rhyniognatha/Impregnation/PrimalItemConsumableEatable_RhynioPheromone,PrimalItemConsumableEatable_RhynioPheromone,PrimalItemConsumableEatable_RhynioPheromone_C,N,N,MiscConsumable,EPrimalItemType:MiscConsumable; EPrimalMilestoneType:Craft,Y,
item,/Game/PrimalEarth/Dinos/Rhyniognatha/Resin/PrimalItemResource_Resin,PrimalItemResource_Resin,PrimalItemResource_Resin_C,N,N,Resource,EPrimalItemType:Resource; EPrimalMilestoneType:Craft,Y,
item,/Game/PrimalEarth/Dinos/Tropeognathus/PrimalItemArmor_TropeSaddle,PrimalItemArmor_TropeSaddle,PrimalItemArmor_TropeSaddle_C,N,N,Equipment,EPrimalItemType:Equipment; EPrimalMilestoneType:Craft,Y,
item,/Game/PrimalEarth/Dinos/Tusoteuthis/PrimalItemResource_SquidOil,PrimalItemResource_SquidOil,PrimalItemResource_SquidOil_C,Y,N,Resource,EPrimalItemType:Resource; EPrimalMilestoneType:Craft,Y,
item,/Game/PrimalEarth/Items/Raft/PrimalItemMotorboat,PrimalItemMotorboat,PrimalItemMotorboat_C,Y,N,,EPrimalMilestoneType:Craft,Y,
item,/Game/PrimalEarth/Items/Raft/PrimalItemRaft,PrimalItemRaft,PrimalItemRaft_C,Y,N,,EPrimalMilestoneType:Craft,Y,
item,/Game/PrimalEarth/Structures/BBQ/PrimalItemStructureSkin_BBQ,PrimalItemStructureSkin_BBQ,PrimalItemStructureSkin_BBQ_C,N,N,Structure,EPrimalItemType:Structure; EPrimalMilestoneType:Craft,Y,
item,/Game/PrimalEarth/Structures/BeeHive/PrimalItemStructure_BeeHive,PrimalItemStructure_BeeHive,PrimalItemStructure_BeeHive_C,Y,N,Structure,EPrimalItemType:Structure; EPrimalMilestoneType:Craft,Y,
item,/Game/PrimalEarth/Structures/Cooler/PrimalItemStructureSkin_Cooler,PrimalItemStructureSkin_Cooler,PrimalItemStructureSkin_Cooler_C,N,N,Structure,EPrimalItemType:Structure; EPrimalMilestoneType:Craft,Y,
item,/Game/PrimalEarth/Structures/DecorBox/PrimalItemStructure_DecorBox,PrimalItemStructure_DecorBox,PrimalItemStructure_DecorBox_C,Y,N,Structure,EPrimalItemType:Structure; EPrimalMilestoneType:Craft,Y,
item,/Game/PrimalEarth/Structures/DisplayCase/PrimalItemStructure_DisplayCase,PrimalItemStructure_DisplayCase,PrimalItemStructure_DisplayCase_C,Y,N,Structure,EPrimalItemType:Structure; EPrimalMilestoneType:Craft,Y,
item,/Game/PrimalEarth/Structures/PopOutCake/PrimalItemStructure_BirthdayCake,PrimalItemStructure_BirthdayCake,PrimalItemStructure_BirthdayCake_C,N,N,Structure,EPrimalItemType:Structure; EPrimalMilestoneType:Craft,Y,
item,/Game/PrimalEarth/Structures/Skins/Easter/PrimalItemStructure_Wreath_Flower,PrimalItemStructure_Wreath_Flower,PrimalItemStructure_Wreath_Flower_C,N,N,Structure,EPrimalItemType:Structure; EPrimalMilestoneType:Craft,Y,
item,/Game/PrimalEarth/Structures/Skins/Easter/PrimalItemStructureSkin_FlowerTrough,PrimalItemStructureSkin_FlowerTrough,PrimalItemStructureSkin_FlowerTrough_C,N,N,Structure,EPrimalItemType:Structure; EPrimalMilestoneType:Craft,Y,
item,/Game/PrimalEarth/Structures/Skins/Easter/PrimalItemStructureSkin_FlowerVase,PrimalItemStructureSkin_FlowerVase,PrimalItemStructureSkin_FlowerVase_C,N,N,Structure,EPrimalItemType:Structure; EPrimalMilestoneType:Craft,Y,
item,/Game/PrimalEarth/Structures/Skins/Halloween/HorrorSpeciesX/PrimalItemStructureSkin_HorrorSpeciesX,PrimalItemStructureSkin_HorrorSpeciesX,PrimalItemStructureSkin_HorrorSpeciesX_C,N,N,Structure,EPrimalItemType:Structure; EPrimalMilestoneType:Craft,Y,
item,/Game/PrimalEarth/Structures/Skins/LoveEvolved/LoveBed/PrimalItemStructureSkin_LoveBed,PrimalItemStructureSkin_LoveBed,PrimalItemStructureSkin_LoveBed_C,N,N,Structure,EPrimalItemType:Structure; EPrimalMilestoneType:Craft,Y,
item,/Game/PrimalEarth/Structures/Skins/LoveEvolved/LoveChair/PrimalItemStructureSkin_LoveChair,PrimalItemStructureSkin_LoveChair,PrimalItemStructureSkin_LoveChair_C,N,N,Structure,EPrimalItemType:Structure; EPrimalMilestoneType:Craft,Y,
item,/Game/PrimalEarth/Structures/Skins/LoveEvolved/LoveOttoman/PrimalItemStructureSkin_LoveOttoman,PrimalItemStructureSkin_LoveOttoman,PrimalItemStructureSkin_LoveOttoman_C,N,N,Structure,EPrimalItemType:Structure; EPrimalMilestoneType:Craft,Y,
item,/Game/PrimalEarth/Structures/Skins/LoveEvolved/LoveSeat/PrimalItemStructureSkin_LoveSeat,PrimalItemStructureSkin_LoveSeat,PrimalItemStructureSkin_LoveSeat_C,N,N,Structure,EPrimalItemType:Structure; EPrimalMilestoneType:Craft,Y,
item,/Game/PrimalEarth/Structures/Skins/Thanksgiving/TurkeyFryer/PrimalItemStructureSkin_TurkeyFryer,PrimalItemStructureSkin_TurkeyFryer,PrimalItemStructureSkin_TurkeyFryer_C,N,N,Structure,EPrimalItemType:Structure; EPrimalMilestoneType:Craft,Y,
item,/Game/PrimalEarth/Structures/Skins/Thanksgiving/TurkeyTrough/PrimalItemStructureSkin_TurkeyTrough,PrimalItemStructureSkin_TurkeyTrough,PrimalItemStructureSkin_TurkeyTrough_C,N,N,Structure,EPrimalItemType:Structure; EPrimalMilestoneType:Craft,Y,
item,/Game/PrimalEarth/Structures/Skins/WinterWonderland/FestiveForge/PrimalItemStructureSkin_FestiveForge,PrimalItemStructureSkin_FestiveForge,PrimalItemStructureSkin_FestiveForge_C,N,N,Structure,EPrimalItemType:Structure; EPrimalMilestoneType:Craft,Y,
item,/Game/PrimalEarth/Structures/Skins/WinterWonderland/SantaSmithy/PrimalItemStructureSkin_SantaSmithy,PrimalItemStructureSkin_SantaSmithy,PrimalItemStructureSkin_SantaSmithy_C,N,N,Structure,EPrimalItemType:Structure; EPrimalMilestoneType:Craft,Y,
item,/Game/PrimalEarth/Structures/Stone/Stone_Ladder/PrimalItemStructure_StoneLadder,PrimalItemStructure_StoneLadder,PrimalItemStructure_StoneLadder_C,Y,N,Structure,EPrimalItemType:Structure; EPrimalMilestoneType:Craft,Y,
item,/Game/PrimalEarth/Structures/Thatch/PrimalItemStructure_Ladder_Thatch,PrimalItemStructure_Ladder_Thatch,PrimalItemStructure_Ladder_Thatch_C,Y,N,Structure,EPrimalItemType:Structure; EPrimalMilestoneType:Craft,Y,
item,/Game/PrimalEarth/Structures/Tileset/HatchframesXL/Doors/Items/PrimalItemStructure_Ceiling_Door_XL_Adobe,PrimalItemStructure_Ceiling_Door_XL_Adobe,PrimalItemStructure_Ceiling_Door_XL_Adobe_C,Y,N,Structure,EPrimalItemType:Structure; EPrimalMilestoneType:Craft,Y,
item,/Game/PrimalEarth/Structures/Tileset/HatchframesXL/Doors/Items/PrimalItemStructure_Ceiling_Door_XL_Metal,PrimalItemStructure_Ceiling_Door_XL_Metal,PrimalItemStructure_Ceiling_Door_XL_Metal_C,Y,N,Structure,EPrimalItemType:Structure; EPrimalMilestoneType:Craft,Y,
item,/Game/PrimalEarth/Structures/Tileset/HatchframesXL/Doors/Items/PrimalItemStructure_Ceiling_Door_XL_Stone,PrimalItemStructure_Ceiling_Door_XL_Stone,PrimalItemStructure_Ceiling_Door_XL_Stone_C,Y,N,Structure,EPrimalItemType:Structure; EPrimalMilestoneType:Craft,Y,
item,/Game/PrimalEarth/Structures/Tileset/HatchframesXL/Doors/Items/PrimalItemStructure_Ceiling_Door_XL_Tek,PrimalItemStructure_Ceiling_Door_XL_Tek,PrimalItemStructure_Ceiling_Door_XL_Tek_C,Y,N,Structure,EPrimalItemType:Structure; EPrimalMilestoneType:Craft,Y,
item,/Game/PrimalEarth/Structures/Tileset/HatchframesXL/Doors/Items/PrimalItemStructure_Ceiling_Door_XL_Wood,PrimalItemStructure_Ceiling_Door_XL_Wood,PrimalItemStructure_Ceiling_Door_XL_Wood_C,Y,N,Structure,EPrimalItemType:Structure; EPrimalMilestoneType:Craft,Y,
item,/Game/PrimalEarth/Structures/Tileset/Railings/Thatch/PrimalItemStructure_Railing_Thatch,PrimalItemStructure_Railing_Thatch,PrimalItemStructure_Railing_Thatch_C,Y,N,Structure,EPrimalItemType:Structure; EPrimalMilestoneType:Craft,Y,
item,/Game/PrimalEarth/StructuresPlus/Misc/DedicatedStorage/PrimalItemStructure_DedicatedStorage,PrimalItemStructure_DedicatedStorage,PrimalItemStructure_DedicatedStorage_C,Y,N,Structure,EPrimalItemType:Structure; EPrimalMilestoneType:Craft,Y,
item,/Game/PrimalEarth/StructuresPlus/Structures/Ceilings/Triangle/Adobe/PrimalItemStructure_TriCeiling_Adobe,PrimalItemStructure_TriCeiling_Adobe,PrimalItemStructure_TriCeiling_Adobe_C,Y,N,Structure,EPrimalItemType:Structure; EPrimalMilestoneType:Craft,Y,
item,/Game/PrimalEarth/StructuresPlus/Structures/Ceilings/Triangle/Greenhouse/PrimalItemStructure_TriCeiling_Greenhouse,PrimalItemStructure_TriCeiling_Greenhouse,PrimalItemStructure_TriCeiling_Greenhouse_C,Y,N,Structure,EPrimalItemType:Structure; EPrimalMilestoneType:Craft,Y,
item,/Game/PrimalEarth/StructuresPlus/Structures/Ceilings/Triangle/Metal/PrimalItemStructure_TriCeiling_Metal,PrimalItemStructure_TriCeiling_Metal,PrimalItemStructure_TriCeiling_Metal_C,Y,N,Structure,EPrimalItemType:Structure; EPrimalMilestoneType:Craft,Y,
item,/Game/PrimalEarth/StructuresPlus/Structures/Ceilings/Triangle/Stone/PrimalItemStructure_TriCeiling_Stone,PrimalItemStructure_TriCeiling_Stone,PrimalItemStructure_TriCeiling_Stone_C,Y,N,Structure,EPrimalItemType:Structure; EPrimalMilestoneType:Craft,Y,
item,/Game/PrimalEarth/StructuresPlus/Structures/Ceilings/Triangle/Tek/PrimalItemStructure_TriCeiling_Tek,PrimalItemStructure_TriCeiling_Tek,PrimalItemStructure_TriCeiling_Tek_C,Y,N,Structure,EPrimalItemType:Structure; EPrimalMilestoneType:Craft,Y,
item,/Game/PrimalEarth/StructuresPlus/Structures/Ceilings/Triangle/Thatch/PrimalItemStructure_TriCeiling_Thatch,PrimalItemStructure_TriCeiling_Thatch,PrimalItemStructure_TriCeiling_Thatch_C,Y,N,Structure,EPrimalItemType:Structure; EPrimalMilestoneType:Craft,Y,
item,/Game/PrimalEarth/StructuresPlus/Structures/Ceilings/Triangle/Wood/PrimalItemStructure_TriCeiling_Wood,PrimalItemStructure_TriCeiling_Wood,PrimalItemStructure_TriCeiling_Wood_C,Y,N,Structure,EPrimalItemType:Structure; EPrimalMilestoneType:Craft,Y,
item,/Game/PrimalEarth/StructuresPlus/Structures/FenceSupports/Thatch/PrimalItemStructure_FenceFoundation_Thatch,PrimalItemStructure_FenceFoundation_Thatch,PrimalItemStructure_FenceFoundation_Thatch_C,Y,N,Structure,EPrimalItemType:Structure; EPrimalMilestoneType:Craft,Y,
item,/Game/PrimalEarth/StructuresPlus/Structures/Foundations/Triangle/Adobe/PrimalItemStructure_TriFoundation_Adobe,PrimalItemStructure_TriFoundation_Adobe,PrimalItemStructure_TriFoundation_Adobe_C,Y,N,Structure,EPrimalItemType:Structure; EPrimalMilestoneType:Craft,Y,
item,/Game/PrimalEarth/StructuresPlus/Structures/Foundations/Triangle/Metal/PrimalItemStructure_TriFoundation_Metal,PrimalItemStructure_TriFoundation_Metal,PrimalItemStructure_TriFoundation_Metal_C,Y,N,Structure,EPrimalItemType:Structure; EPrimalMilestoneType:Craft,Y,
item,/Game/PrimalEarth/StructuresPlus/Structures/Foundations/Triangle/Stone/PrimalItemStructure_TriFoundation_Stone,PrimalItemStructure_TriFoundation_Stone,PrimalItemStructure_TriFoundation_Stone_C,Y,N,Structure,EPrimalItemType:Structure; EPrimalMilestoneType:Craft,Y,
item,/Game/PrimalEarth/StructuresPlus/Structures/Foundations/Triangle/Tek/PrimalItemStructure_TriFoundation_Tek,PrimalItemStructure_TriFoundation_Tek,PrimalItemStructure_TriFoundation_Tek_C,Y,N,Structure,EPrimalItemType:Structure; EPrimalMilestoneType:Craft,Y,
item,/Game/PrimalEarth/StructuresPlus/Structures/Foundations/Triangle/Thatch/PrimalItemStructure_TriFoundation_Thatch,PrimalItemStructure_TriFoundation_Thatch,PrimalItemStructure_TriFoundation_Thatch_C,Y,N,Structure,EPrimalItemType:Structure; EPrimalMilestoneType:Craft,Y,
item,/Game/PrimalEarth/StructuresPlus/Structures/Foundations/Triangle/Wood/PrimalItemStructure_TriFoundation_Wood,PrimalItemStructure_TriFoundation_Wood,PrimalItemStructure_TriFoundation_Wood_C,Y,N,Structure,EPrimalItemType:Structure; EPrimalMilestoneType:Craft,Y,
item,/Game/PrimalEarth/StructuresPlus/Structures/Ramps/Adobe/PrimalItemStructure_Ramp_Adobe,PrimalItemStructure_Ramp_Adobe,PrimalItemStructure_Ramp_Adobe_C,Y,N,Structure,EPrimalItemType:Structure; EPrimalMilestoneType:Craft,Y,
item,/Game/PrimalEarth/StructuresPlus/Structures/Ramps/Metal/PrimalItemStructure_Ramp_Metal,PrimalItemStructure_Ramp_Metal,PrimalItemStructure_Ramp_Metal_C,Y,N,Structure,EPrimalItemType:Structure; EPrimalMilestoneType:Craft,Y,
item,/Game/PrimalEarth/StructuresPlus/Structures/Ramps/Stone/PrimalItemStructure_Ramp_Stone,PrimalItemStructure_Ramp_Stone,PrimalItemStructure_Ramp_Stone_C,Y,N,Structure,EPrimalItemType:Structure; EPrimalMilestoneType:Craft,Y,
item,/Game/PrimalEarth/StructuresPlus/Structures/Ramps/Tek/PrimalItemStructure_Ramp_Tek,PrimalItemStructure_Ramp_Tek,PrimalItemStructure_Ramp_Tek_C,Y,N,Structure,EPrimalItemType:Structure; EPrimalMilestoneType:Craft,Y,
item,/Game/PrimalEarth/StructuresPlus/Structures/Ramps/Wood/PrimalItemStructure_Ramp_Wood,PrimalItemStructure_Ramp_Wood,PrimalItemStructure_Ramp_Wood_C,Y,N,Structure,EPrimalItemType:Structure; EPrimalMilestoneType:Craft,Y,
item,/Game/PrimalEarth/StructuresPlus/Structures/Roofs_Tri/Adobe/PrimalItemStructure_TriRoof_Adobe,PrimalItemStructure_TriRoof_Adobe,PrimalItemStructure_TriRoof_Adobe_C,Y,N,Structure,EPrimalItemType:Structure; EPrimalMilestoneType:Craft,Y,
item,/Game/PrimalEarth/StructuresPlus/Structures/Roofs_Tri/Greenhouse/PrimalItemStructure_TriRoof_Greenhouse,PrimalItemStructure_TriRoof_Greenhouse,PrimalItemStructure_TriRoof_Greenhouse_C,Y,N,Structure,EPrimalItemType:Structure; EPrimalMilestoneType:Craft,Y,
item,/Game/PrimalEarth/StructuresPlus/Structures/Roofs_Tri/Metal/PrimalItemStructure_TriRoof_Metal,PrimalItemStructure_TriRoof_Metal,PrimalItemStructure_TriRoof_Metal_C,Y,N,Structure,EPrimalItemType:Structure; EPrimalMilestoneType:Craft,Y,
item,/Game/PrimalEarth/StructuresPlus/Structures/Roofs_Tri/Stone/PrimalItemStructure_TriRoof_Stone,PrimalItemStructure_TriRoof_Stone,PrimalItemStructure_TriRoof_Stone_C,Y,N,Structure,EPrimalItemType:Structure; EPrimalMilestoneType:Craft,Y,
item,/Game/PrimalEarth/StructuresPlus/Structures/Roofs_Tri/Tek/PrimalItemStructure_TriRoof_Tek,PrimalItemStructure_TriRoof_Tek,PrimalItemStructure_TriRoof_Tek_C,Y,N,Structure,EPrimalItemType:Structure; EPrimalMilestoneType:Craft,Y,
item,/Game/PrimalEarth/StructuresPlus/Structures/Roofs_Tri/Thatch/PrimalItemStructure_TriRoof_Thatch,PrimalItemStructure_TriRoof_Thatch,PrimalItemStructure_TriRoof_Thatch_C,Y,N,Structure,EPrimalItemType:Structure; EPrimalMilestoneType:Craft,Y,
item,/Game/PrimalEarth/StructuresPlus/Structures/Roofs_Tri/Wood/PrimalItemStructure_TriRoof_Wood,PrimalItemStructure_TriRoof_Wood,PrimalItemStructure_TriRoof_Wood_C,Y,N,Structure,EPrimalItemType:Structure; EPrimalMilestoneType:Craft,Y,
item,/Game/PrimalEarth/StructuresPlus/Structures/Walls_L/Adobe/PrimalItemStructure_LargeWall_Adobe,PrimalItemStructure_LargeWall_Adobe,PrimalItemStructure_LargeWall_Adobe_C,Y,N,Structure,EPrimalItemType:Structure; EPrimalMilestoneType:Craft,Y,
item,/Game/PrimalEarth/StructuresPlus/Structures/Walls_L/Metal/PrimalItemStructure_LargeWall_Metal,PrimalItemStructure_LargeWall_Metal,PrimalItemStructure_LargeWall_Metal_C,Y,N,Structure,EPrimalItemType:Structure; EPrimalMilestoneType:Craft,Y,
item,/Game/PrimalEarth/StructuresPlus/Structures/Walls_L/Stone/PrimalItemStructure_LargeWall_Stone,PrimalItemStructure_LargeWall_Stone,PrimalItemStructure_LargeWall_Stone_C,Y,N,Structure,EPrimalItemType:Structure; EPrimalMilestoneType:Craft,Y,
item,/Game/PrimalEarth/StructuresPlus/Structures/Walls_L/Tek/PrimalItemStructure_LargeWall_Tek,PrimalItemStructure_LargeWall_Tek,PrimalItemStructure_LargeWall_Tek_C,Y,N,Structure,EPrimalItemType:Structure; EPrimalMilestoneType:Craft,Y,
item,/Game/PrimalEarth/StructuresPlus/Structures/Walls_L/Wood/PrimalItemStructure_LargeWall_Wood,PrimalItemStructure_LargeWall_Wood,PrimalItemStructure_LargeWall_Wood_C,Y,N,Structure,EPrimalItemType:Structure; EPrimalMilestoneType:Craft,Y,
item,/Game/PrimalEarth/Test/PrimalItem_BloodExtractor,PrimalItem_BloodExtractor,PrimalItem_BloodExtractor_C,Y,N,MiscConsumable,EPrimalItemType:MiscConsumable; EPrimalMilestoneType:Craft,Y,
item,/Game/PrimalEarth/Test/PrimalItem_Camera,PrimalItem_Camera,PrimalItem_Camera_C,Y,N,MiscConsumable,EPrimalItemType:MiscConsumable; EPrimalMilestoneType:Craft,Y,
item,/Game/PrimalEarth/Test/PrimalItem_WeaponMagnifyingGlass,PrimalItem_WeaponMagnifyingGlass,PrimalItem_WeaponMagnifyingGlass_C,Y,N,Weapon,EPrimalItemType:Weapon; EPrimalMilestoneType:Craft; EPrimalMilestoneType:Kill,Y,
item,/Game/PrimalEarth/Test/PrimalItem_WeaponSpyglass,PrimalItem_WeaponSpyglass,PrimalItem_WeaponSpyglass_C,Y,N,Weapon,EPrimalItemType:Weapon; EPrimalMilestoneType:Craft; EPrimalMilestoneType:Kill,Y,
item,/Game/PrimalEarth/Test/PrimalItemC4Ammo,PrimalItemC4Ammo,PrimalItemC4Ammo_C,Y,N,,EPrimalMilestoneType:Craft,Y,
item,/Game/PrimalEarth/Test/PrimalItemConsumable_BerrySoup,PrimalItemConsumable_BerrySoup,PrimalItemConsumable_BerrySoup_C,N,N,MiscConsumable,EPrimalItemType:MiscConsumable; EPrimalMilestoneType:Craft,Y,
item,/Game/ScorchedEarth/CoreBlueprints/Consumables/PrimalItemConsumable_CactusSap,PrimalItemConsumable_CactusSap,PrimalItemConsumable_CactusSap_C,N,N,MiscConsumable,EPrimalItemType:MiscConsumable; EPrimalMilestoneType:Craft,Y,
item,/Game/ScorchedEarth/CoreBlueprints/Resources/PrimalItemResource_Clay,PrimalItemResource_Clay,PrimalItemResource_Clay_C,Y,N,Resource,EPrimalItemType:Resource; EPrimalMilestoneType:Craft,Y,
item,/Game/ScorchedEarth/CoreBlueprints/Resources/PrimalItemResource_PreservingSalt,PrimalItemResource_PreservingSalt,PrimalItemResource_PreservingSalt_C,Y,N,Resource,EPrimalItemType:Resource; EPrimalMilestoneType:Craft,Y,
item,/Game/ScorchedEarth/CoreBlueprints/Resources/PrimalItemResource_Propellant,PrimalItemResource_Propellant,PrimalItemResource_Propellant_C,Y,N,Resource,EPrimalItemType:Resource; EPrimalMilestoneType:Craft,Y,
item,/Game/ScorchedEarth/CoreBlueprints/Resources/PrimalItemResource_RawSalt,PrimalItemResource_RawSalt,PrimalItemResource_RawSalt_C,N,N,Resource,EPrimalItemType:Resource; EPrimalMilestoneType:Craft,Y,
item,/Game/ScorchedEarth/CoreBlueprints/Resources/PrimalItemResource_Sand,PrimalItemResource_Sand,PrimalItemResource_Sand_C,N,N,Resource,EPrimalItemType:Resource; EPrimalMilestoneType:Craft,Y,
item,/Game/ScorchedEarth/CoreBlueprints/Resources/PrimalItemResource_Silk,PrimalItemResource_Silk,PrimalItemResource_Silk_C,N,N,Resource,EPrimalItemType:Resource; EPrimalMilestoneType:Craft,Y,
item,/Game/ScorchedEarth/CoreBlueprints/Resources/PrimalItemResource_Sulfur,PrimalItemResource_Sulfur,PrimalItemResource_Sulfur_C,N,N,Resource,EPrimalItemType:Resource; EPrimalMilestoneType:Craft,Y,
item,/Game/ScorchedEarth/Dinos/Camelsaurus/PrimalItemArmor_CamelsaurusSaddle,PrimalItemArmor_CamelsaurusSaddle,PrimalItemArmor_CamelsaurusSaddle_C,Y,N,Equipment,EPrimalItemType:Equipment; EPrimalMilestoneType:Craft,Y,
item,/Game/ScorchedEarth/Dinos/Deathworm/PrimalItemResource_KeratinSpike,PrimalItemResource_KeratinSpike,PrimalItemResource_KeratinSpike_C,N,N,Resource,EPrimalItemType:Resource; EPrimalMilestoneType:Craft,Y,
item,/Game/ScorchedEarth/Dinos/Mantis/PrimalItemArmor_MantisSaddle,PrimalItemArmor_MantisSaddle,PrimalItemArmor_MantisSaddle_C,Y,N,Equipment,EPrimalItemType:Equipment; EPrimalMilestoneType:Craft,Y,
item,/Game/ScorchedEarth/Dinos/Moth/PrimalItemArmor_MothSaddle,PrimalItemArmor_MothSaddle,PrimalItemArmor_MothSaddle_C,Y,N,Equipment,EPrimalItemType:Equipment; EPrimalMilestoneType:Craft,Y,
item,/Game/ScorchedEarth/Dinos/RockGolem/PrimalItemArmor_RockGolemSaddle,PrimalItemArmor_RockGolemSaddle,PrimalItemArmor_RockGolemSaddle_C,Y,N,Equipment,EPrimalItemType:Equipment; EPrimalMilestoneType:Craft,Y,
item,/Game/ScorchedEarth/Dinos/SpineyLizard/PrimalItemArmor_SpineyLizardPromoSaddle,PrimalItemArmor_SpineyLizardPromoSaddle,PrimalItemArmor_SpineyLizardPromoSaddle_C,N,N,Equipment,EPrimalItemType:Equipment; EPrimalMilestoneType:Craft,Y,
item,/Game/ScorchedEarth/Dinos/SpineyLizard/PrimalItemArmor_SpineyLizardSaddle,PrimalItemArmor_SpineyLizardSaddle,PrimalItemArmor_SpineyLizardSaddle_C,Y,N,Equipment,EPrimalItemType:Equipment; EPrimalMilestoneType:Craft,Y,
item,/Game/ScorchedEarth/Outfits/PrimalItemArmor_DesertClothBoots,PrimalItemArmor_DesertClothBoots,PrimalItemArmor_DesertClothBoots_C,Y,N,Equipment,EPrimalItemType:Equipment; EPrimalMilestoneType:Craft,Y,
item,/Game/ScorchedEarth/Outfits/PrimalItemArmor_DesertClothGloves,PrimalItemArmor_DesertClothGloves,PrimalItemArmor_DesertClothGloves_C,Y,N,Equipment,EPrimalItemType:Equipment; EPrimalMilestoneType:Craft,Y,
item,/Game/ScorchedEarth/Outfits/PrimalItemArmor_DesertClothGogglesHelmet,PrimalItemArmor_DesertClothGogglesHelmet,PrimalItemArmor_DesertClothGogglesHelmet_C,Y,N,Equipment,EPrimalItemType:Equipment; EPrimalMilestoneType:Craft,Y,
item,/Game/ScorchedEarth/Outfits/PrimalItemArmor_DesertClothPants,PrimalItemArmor_DesertClothPants,PrimalItemArmor_DesertClothPants_C,Y,N,Equipment,EPrimalItemType:Equipment; EPrimalMilestoneType:Craft,Y,
item,/Game/ScorchedEarth/Outfits/PrimalItemArmor_DesertClothShirt,PrimalItemArmor_DesertClothShirt,PrimalItemArmor_DesertClothShirt_C,Y,N,Equipment,EPrimalItemType:Equipment; EPrimalMilestoneType:Craft,Y,
item,/Game/ScorchedEarth/Outfits/PrimalItemSkin_DesertGhillie_Boots,PrimalItemSkin_DesertGhillie_Boots,PrimalItemSkin_DesertGhillie_Boots_C,Y,N,Skin,EPrimalItemType:Skin; EPrimalMilestoneType:Craft,Y,
item,/Game/ScorchedEarth/Outfits/PrimalItemSkin_DesertGhillie_Gloves,PrimalItemSkin_DesertGhillie_Gloves,PrimalItemSkin_DesertGhillie_Gloves_C,Y,N,Skin,EPrimalItemType:Skin; EPrimalMilestoneType:Craft,Y,
item,/Game/ScorchedEarth/Outfits/PrimalItemSkin_DesertGhillie_Helmet,PrimalItemSkin_DesertGhillie_Helmet,PrimalItemSkin_DesertGhillie_Helmet_C,Y,N,Skin,EPrimalItemType:Skin; EPrimalMilestoneType:Craft,Y,
item,/Game/ScorchedEarth/Outfits/PrimalItemSkin_DesertGhillie_Pants,PrimalItemSkin_DesertGhillie_Pants,PrimalItemSkin_DesertGhillie_Pants_C,Y,N,Skin,EPrimalItemType:Skin; EPrimalMilestoneType:Craft,Y,
item,/Game/ScorchedEarth/Outfits/PrimalItemSkin_DesertGhillie_Shirt,PrimalItemSkin_DesertGhillie_Shirt,PrimalItemSkin_DesertGhillie_Shirt_C,Y,N,Skin,EPrimalItemType:Skin; EPrimalMilestoneType:Craft,Y,
item,/Game/ScorchedEarth/Structures/Adobe/Blueprints/PrimalItemStructure_AdobeCeiling,PrimalItemStructure_AdobeCeiling,PrimalItemStructure_AdobeCeiling_C,Y,N,Structure,EPrimalItemType:Structure; EPrimalMilestoneType:Craft,Y,
item,/Game/ScorchedEarth/Structures/Adobe/Blueprints/PrimalItemStructure_AdobeCeilingDoorGiant,PrimalItemStructure_AdobeCeilingDoorGiant,PrimalItemStructure_AdobeCeilingDoorGiant_C,Y,N,Structure,EPrimalItemType:Structure; EPrimalMilestoneType:Craft,Y,
item,/Game/ScorchedEarth/Structures/Adobe/Blueprints/PrimalItemStructure_AdobeDoor,PrimalItemStructure_AdobeDoor,PrimalItemStructure_AdobeDoor_C,Y,N,Structure,EPrimalItemType:Structure; EPrimalMilestoneType:Craft,Y,
item,/Game/ScorchedEarth/Structures/Adobe/Blueprints/PrimalItemStructure_AdobeFenceFoundation,PrimalItemStructure_AdobeFenceFoundation,PrimalItemStructure_AdobeFenceFoundation_C,Y,N,Structure,EPrimalItemType:Structure; EPrimalMilestoneType:Craft,Y,
item,/Game/ScorchedEarth/Structures/Adobe/Blueprints/PrimalItemStructure_AdobeFloor,PrimalItemStructure_AdobeFloor,PrimalItemStructure_AdobeFloor_C,Y,N,Structure,EPrimalItemType:Structure; EPrimalMilestoneType:Craft,Y,
item,/Game/ScorchedEarth/Structures/Adobe/Blueprints/PrimalItemStructure_AdobeFrameGate,PrimalItemStructure_AdobeFrameGate,PrimalItemStructure_AdobeFrameGate_C,Y,N,Structure,EPrimalItemType:Structure; EPrimalMilestoneType:Craft,Y,
item,/Game/ScorchedEarth/Structures/Adobe/Blueprints/PrimalItemStructure_AdobeGateDoor,PrimalItemStructure_AdobeGateDoor,PrimalItemStructure_AdobeGateDoor_C,Y,N,Structure,EPrimalItemType:Structure; EPrimalMilestoneType:Craft,Y,
item,/Game/ScorchedEarth/Structures/Adobe/Blueprints/PrimalItemStructure_AdobeGateDoor_Large,PrimalItemStructure_AdobeGateDoor_Large,PrimalItemStructure_AdobeGateDoor_Large_C,Y,N,Structure,EPrimalItemType:Structure; EPrimalMilestoneType:Craft,Y,
item,/Game/ScorchedEarth/Structures/Adobe/Blueprints/PrimalItemStructure_AdobeGateframe_Large,PrimalItemStructure_AdobeGateframe_Large,PrimalItemStructure_AdobeGateframe_Large_C,Y,N,Structure,EPrimalItemType:Structure; EPrimalMilestoneType:Craft,Y,
item,/Game/ScorchedEarth/Structures/Adobe/Blueprints/PrimalItemStructure_AdobeLader,PrimalItemStructure_AdobeLader,PrimalItemStructure_AdobeLader_C,Y,N,Structure,EPrimalItemType:Structure; EPrimalMilestoneType:Craft,Y,
item,/Game/ScorchedEarth/Structures/Adobe/Blueprints/PrimalItemStructure_AdobePillar,PrimalItemStructure_AdobePillar,PrimalItemStructure_AdobePillar_C,Y,N,Structure,EPrimalItemType:Structure; EPrimalMilestoneType:Craft,Y,
item,/Game/ScorchedEarth/Structures/Adobe/Blueprints/PrimalItemStructure_AdobeRailing,PrimalItemStructure_AdobeRailing,PrimalItemStructure_AdobeRailing_C,Y,N,Structure,EPrimalItemType:Structure; EPrimalMilestoneType:Craft,Y,
item,/Game/ScorchedEarth/Structures/Adobe/Blueprints/PrimalItemStructure_AdobeWall,PrimalItemStructure_AdobeWall,PrimalItemStructure_AdobeWall_C,Y,N,Structure,EPrimalItemType:Structure; EPrimalMilestoneType:Craft,Y,
item,/Game/ScorchedEarth/Structures/Adobe/Blueprints/PrimalItemStructure_AdobeWall_Sloped_Left,PrimalItemStructure_AdobeWall_Sloped_Left,PrimalItemStructure_AdobeWall_Sloped_Left_C,Y,N,Structure,EPrimalItemType:Structure; EPrimalMilestoneType:Craft,Y,
item,/Game/ScorchedEarth/Structures/DesertFurnitureSet/Mirror/PrimalItemStructure_Mirror,PrimalItemStructure_Mirror,PrimalItemStructure_Mirror_C,Y,N,Structure,EPrimalItemType:Structure; EPrimalMilestoneType:Craft,Y,
item,/Game/ScorchedEarth/Structures/DesertFurnitureSet/Vessel/PrimalItemStructure_Vessel,PrimalItemStructure_Vessel,PrimalItemStructure_Vessel_C,Y,N,Structure,EPrimalItemType:Structure; EPrimalMilestoneType:Craft,Y,
item,/Game/ScorchedEarth/Structures/ManticoreFlag/PrimalItemStructure_Flag_Manticore,PrimalItemStructure_Flag_Manticore,PrimalItemStructure_Flag_Manticore_C,N,N,Structure,EPrimalItemType:Structure; EPrimalMilestoneType:Craft,Y,
item,/Game/ScorchedEarth/Structures/OilPump/PrimalItemStructure_oilPump,PrimalItemStructure_oilPump,PrimalItemStructure_oilPump_C,Y,N,Structure,EPrimalItemType:Structure; EPrimalMilestoneType:Craft,Y,
item,/Game/ScorchedEarth/Structures/Tent/PrimalItemStructure_Tent,PrimalItemStructure_Tent,PrimalItemStructure_Tent_C,Y,N,Structure,EPrimalItemType:Structure; EPrimalMilestoneType:Craft,Y,
item,/Game/ScorchedEarth/Structures/TrophyHeads/Manticore_Trophy/PrimalItemTrophy_Manticore,PrimalItemTrophy_Manticore,PrimalItemTrophy_Manticore_C,N,N,Structure,EPrimalItemType:Structure; EPrimalMilestoneType:Craft,Y,
item,/Game/ScorchedEarth/Structures/TrophyHeads/Manticore_Trophy/PrimalItemTrophy_Manticore_Alpha,PrimalItemTrophy_Manticore_Alpha,PrimalItemTrophy_Manticore_Alpha_C,N,N,Structure,EPrimalItemType:Structure; EPrimalMilestoneType:Craft,Y,
item,/Game/ScorchedEarth/Structures/TrophyHeads/Manticore_Trophy/PrimalItemTrophy_Manticore_Beta,PrimalItemTrophy_Manticore_Beta,PrimalItemTrophy_Manticore_Beta_C,N,N,Structure,EPrimalItemType:Structure; EPrimalMilestoneType:Craft,Y,
item,/Game/ScorchedEarth/Structures/TrophyHeads/Manticore_Trophy/PrimalItemTrophy_Manticore_Gamma,PrimalItemTrophy_Manticore_Gamma,PrimalItemTrophy_Manticore_Gamma_C,N,N,Structure,EPrimalItemType:Structure; EPrimalMilestoneType:Craft,Y,
item,/Game/ScorchedEarth/Structures/WaterWell/PrimalItemStructure_WaterWell,PrimalItemStructure_WaterWell,PrimalItemStructure_WaterWell_C,Y,N,Structure,EPrimalItemType:Structure; EPrimalMilestoneType:Craft,Y,
item,/Game/ScorchedEarth/Structures/WindTurbine/PrimalItemStructure_WindTurbine,PrimalItemStructure_WindTurbine,PrimalItemStructure_WindTurbine_C,Y,N,Structure,EPrimalItemType:Structure; EPrimalMilestoneType:Craft,Y,
item,/Game/ScorchedEarth/WeaponBoomerang/PrimalItem_WeaponBoomerang,PrimalItem_WeaponBoomerang,PrimalItem_WeaponBoomerang_C,Y,N,Weapon,EPrimalItemType:Weapon; EPrimalMilestoneType:Craft; EPrimalMilestoneType:Kill,Y,
item,/Game/ScorchedEarth/WeaponChainsaw/PrimalItem_ChainSaw,PrimalItem_ChainSaw,PrimalItem_ChainSaw_C,Y,N,Weapon,EPrimalItemType:Weapon; EPrimalMilestoneType:Craft; EPrimalMilestoneType:Kill,Y,
item,/Game/ScorchedEarth/WeaponClusterGrenade/PrimalItem_WeaponClusterGrenade,PrimalItem_WeaponClusterGrenade,PrimalItem_WeaponClusterGrenade_C,Y,N,Weapon,EPrimalItemType:Weapon; EPrimalMilestoneType:Craft; EPrimalMilestoneType:Kill,Y,
item,/Game/ScorchedEarth/WeaponElectronicBinoculars/PrimalItem_WeaponElectronicBinoculars,PrimalItem_WeaponElectronicBinoculars,PrimalItem_WeaponElectronicBinoculars_C,Y,N,Weapon,EPrimalItemType:Weapon; EPrimalMilestoneType:Craft; EPrimalMilestoneType:Kill,Y,
item,/Game/ScorchedEarth/WeaponFlamethrower/PrimalItem_WeapFlamethrower,PrimalItem_WeapFlamethrower,PrimalItem_WeapFlamethrower_C,Y,N,Weapon,EPrimalItemType:Weapon; EPrimalMilestoneType:Craft; EPrimalMilestoneType:Kill,Y,
item,/Game/ScorchedEarth/WeaponFlamethrower/PrimalItemAmmo_Flamethrower,PrimalItemAmmo_Flamethrower,PrimalItemAmmo_Flamethrower_C,Y,N,Ammo,EPrimalItemType:Ammo; EPrimalMilestoneType:Craft; EPrimalMilestoneType:Kill,Y,
item,/Game/ScorchedEarth/WeaponHomingMissile/PrimalItemAmmo_RocketHomingMissile,PrimalItemAmmo_RocketHomingMissile,PrimalItemAmmo_RocketHomingMissile_C,Y,N,Ammo,EPrimalItemType:Ammo; EPrimalMilestoneType:Craft; EPrimalMilestoneType:Kill,Y,
item,/Game/ScorchedEarth/WeaponNetGun/PrimalItemAmmo_NetGun,PrimalItemAmmo_NetGun,PrimalItemAmmo_NetGun_C,N,N,Ammo,EPrimalItemType:Ammo; EPrimalMilestoneType:Craft; EPrimalMilestoneType:Kill,Y,
item,/Game/ScorchedEarth/WeaponOilJar/PrimalItem_WeaponOilJar,PrimalItem_WeaponOilJar,PrimalItem_WeaponOilJar_C,Y,N,Weapon,EPrimalItemType:Weapon; EPrimalMilestoneType:Craft; EPrimalMilestoneType:Kill,Y,
item,/Game/ScorchedEarth/WeaponPlantSpeciesY/PrimalItemConsumable_Seed_PlantSpeciesY,PrimalItemConsumable_Seed_PlantSpeciesY,PrimalItemConsumable_Seed_PlantSpeciesY_C,N,N,Weapon,EPrimalItemType:Weapon; EPrimalMilestoneType:Craft; EPrimalMilestoneType:Kill,Y,
item,/Game/ScorchedEarth/WeaponPlantSpeciesY/PrimalItemConsumable_Seed_PlantSpeciesY_SpeedHack,PrimalItemConsumable_Seed_PlantSpeciesY_SpeedHack,PrimalItemConsumable_Seed_PlantSpeciesY_SpeedHack_C,N,N,Weapon,EPrimalItemType:Weapon; EPrimalMilestoneType:Craft; EPrimalMilestoneType:Kill,Y,
item,/Game/ScorchedEarth/WeaponPlantSpeciesY/PrimalItemStructure_PlantSpeciesYTrap,PrimalItemStructure_PlantSpeciesYTrap,PrimalItemStructure_PlantSpeciesYTrap_C,N,N,Structure,EPrimalItemType:Structure; EPrimalMilestoneType:Craft,Y,
item,/Game/ScorchedEarth/WeaponWhip/PrimalItem_WeaponWhip,PrimalItem_WeaponWhip,PrimalItem_WeaponWhip_C,Y,N,Weapon,EPrimalItemType:Weapon; EPrimalMilestoneType:Craft; EPrimalMilestoneType:Kill,Y,
creature,/Game/Aberration/Boss/Rockwell/Rockwell_Character_BP,Rockwell_Character_BP,Rockwell_Character_BP_C,N,N,,ECheatActorType:Dino; EPrimalMilestoneType:Kill; EPrimalMilestoneType:Tame,Y,
creature,/Game/Aberration/Dinos/Basilisk/Basilisk_Character_BP,Basilisk_Character_BP,Basilisk_Character_BP_C,Y,N,,ECheatActorType:Dino; EPrimalMilestoneType:Kill; EPrimalMilestoneType:Tame,Y,
creature,/Game/Aberration/Dinos/Basilisk/MegaBasilisk_Character_BP,MegaBasilisk_Character_BP,MegaBasilisk_Character_BP_C,N,N,,ECheatActorType:Dino; EPrimalMilestoneType:Kill; EPrimalMilestoneType:Tame,Y,
creature,/Game/Aberration/Dinos/Basilisk/PrimalItemArmor_BasiliskSaddle,PrimalItemArmor_BasiliskSaddle,PrimalItemArmor_BasiliskSaddle_C,Y,N,Equipment,EPrimalItemType:Equipment; EPrimalMilestoneType:Kill; EPrimalMilestoneType:Tame,Y,
creature,/Game/Aberration/Dinos/CaveWolf/CaveWolf_Character_BP,CaveWolf_Character_BP,CaveWolf_Character_BP_C,N,N,,ECheatActorType:Dino; EPrimalMilestoneType:Kill; EPrimalMilestoneType:Tame,Y,
creature,/Game/Aberration/Dinos/CaveWolf/PrimalItemArmor_CavewolfSaddle,PrimalItemArmor_CavewolfSaddle,PrimalItemArmor_CavewolfSaddle_C,Y,N,Equipment,EPrimalItemType:Equipment; EPrimalMilestoneType:Kill; EPrimalMilestoneType:Tame,Y,
creature,/Game/Aberration/Dinos/ChupaCabra/ChupaCabra_Character_BP,ChupaCabra_Character_BP,ChupaCabra_Character_BP_C,N,N,,ECheatActorType:Wild; EPrimalMilestoneType:Kill; EPrimalMilestoneType:Tame,Y,
creature,/Game/Aberration/Dinos/ChupaCabra/ChupaCabra_Character_BP_Surface,ChupaCabra_Character_BP_Surface,ChupaCabra_Character_BP_Surface_C,N,N,,ECheatActorType:Wild; EPrimalMilestoneType:Kill; EPrimalMilestoneType:Tame,Y,
creature,/Game/Aberration/Dinos/Crab/Crab_Character_BP,Crab_Character_BP,Crab_Character_BP_C,Y,N,,ECheatActorType:Dino; EPrimalMilestoneType:Kill; EPrimalMilestoneType:Tame,Y,
creature,/Game/Aberration/Dinos/Crab/MegaCrab_Character_BP,MegaCrab_Character_BP,MegaCrab_Character_BP_C,N,N,,ECheatActorType:Dino; EPrimalMilestoneType:Kill; EPrimalMilestoneType:Tame,Y,
creature,/Game/Aberration/Dinos/Crab/PrimalItemArmor_CrabSaddle,PrimalItemArmor_CrabSaddle,PrimalItemArmor_CrabSaddle_C,Y,N,Equipment,EPrimalItemType:Equipment; EPrimalMilestoneType:Kill; EPrimalMilestoneType:Tame,Y,
creature,/Game/Aberration/Dinos/Lamprey/Lamprey_Character,Lamprey_Character,Lamprey_Character_C,N,N,,EPrimalMilestoneType:Kill; EPrimalMilestoneType:Tame,Y,
creature,/Game/Aberration/Dinos/LanternBird/LanternBird_Character_BP,LanternBird_Character_BP,LanternBird_Character_BP_C,N,N,,ECheatActorType:Dino; EPrimalMilestoneType:Kill; EPrimalMilestoneType:Tame,Y,
creature,/Game/Aberration/Dinos/LanternGoat/LanternGoat_Character_BP,LanternGoat_Character_BP,LanternGoat_Character_BP_C,N,N,,ECheatActorType:Dino; EPrimalMilestoneType:Kill; EPrimalMilestoneType:Tame,Y,
creature,/Game/Aberration/Dinos/LanternLizard/LanternLizard_Character_BP,LanternLizard_Character_BP,LanternLizard_Character_BP_C,N,N,,ECheatActorType:Dino; EPrimalMilestoneType:Kill; EPrimalMilestoneType:Tame,Y,
creature,/Game/Aberration/Dinos/LanternPug/LanternPug_Character_BP,LanternPug_Character_BP,LanternPug_Character_BP_C,N,N,,ECheatActorType:Dino; EPrimalMilestoneType:Kill; EPrimalMilestoneType:Tame,Y,
creature,/Game/Aberration/Dinos/Lightbug/Lightbug_Character_BaseBP,Lightbug_Character_BaseBP,Lightbug_Character_BaseBP_C,N,N,,EPrimalMilestoneType:Kill; EPrimalMilestoneType:Tame,Y,
creature,/Game/Aberration/Dinos/MoleRat/MoleRat_Character_BP,MoleRat_Character_BP,MoleRat_Character_BP_C,N,N,,ECheatActorType:Dino; EPrimalMilestoneType:Kill; EPrimalMilestoneType:Tame,Y,
creature,/Game/Aberration/Dinos/MoleRat/PrimalItemArmor_MoleRatSaddle,PrimalItemArmor_MoleRatSaddle,PrimalItemArmor_MoleRatSaddle_C,Y,N,Equipment,EPrimalItemType:Equipment; EPrimalMilestoneType:Kill; EPrimalMilestoneType:Tame,Y,
creature,/Game/Aberration/Dinos/Nameless/MegaXenomorph_Character_BP_Male_Surface,MegaXenomorph_Character_BP_Male_Surface,MegaXenomorph_Character_BP_Male_Surface_C,N,N,,ECheatActorType:Wild; EPrimalMilestoneType:Kill; EPrimalMilestoneType:Tame,Y,
creature,/Game/Aberration/Dinos/Nameless/Xenomorph_Character_BP_Female,Xenomorph_Character_BP_Female,Xenomorph_Character_BP_Female_C,N,N,,ECheatActorType:Dino; EPrimalMilestoneType:Kill; EPrimalMilestoneType:Tame,Y,
creature,/Game/Aberration/Dinos/Nameless/Xenomorph_Character_BP_Female_CheatImpregnate,Xenomorph_Character_BP_Female_CheatImpregnate,Xenomorph_Character_BP_Female_CheatImpregnate_C,N,N,,ECheatActorType:Dino; EPrimalMilestoneType:Kill; EPrimalMilestoneType:Tame,Y,
creature,/Game/Aberration/Dinos/Nameless/Xenomorph_Character_BP_Male_Chupa,Xenomorph_Character_BP_Male_Chupa,Xenomorph_Character_BP_Male_Chupa_C,N,N,,ECheatActorType:Wild; EPrimalMilestoneType:Kill; EPrimalMilestoneType:Tame,Y,
creature,/Game/Aberration/Dinos/Nameless/Xenomorph_Character_BP_Male_Minion,Xenomorph_Character_BP_Male_Minion,Xenomorph_Character_BP_Male_Minion_C,N,N,,ECheatActorType:Wild; EPrimalMilestoneType:Kill; EPrimalMilestoneType:Tame,Y,
creature,/Game/Aberration/Dinos/Nameless/Xenomorph_Character_BP_Male_Surface,Xenomorph_Character_BP_Male_Surface,Xenomorph_Character_BP_Male_Surface_C,N,N,,ECheatActorType:Wild; EPrimalMilestoneType:Kill; EPrimalMilestoneType:Tame,Y,
creature,/Game/Aberration/Dinos/Nameless/Xenomorph_Character_BP_Male_Tamed,Xenomorph_Character_BP_Male_Tamed,Xenomorph_Character_BP_Male_Tamed_C,Y,N,,ECheatActorType:Tame; EPrimalMilestoneType:Kill; EPrimalMilestoneType:Tame,Y,
creature,/Game/Aberration/Dinos/Pteroteuthis/Pteroteuthis_Char_BP,Pteroteuthis_Char_BP,Pteroteuthis_Char_BP_C,N,N,,ECheatActorType:Dino; EPrimalMilestoneType:Kill; EPrimalMilestoneType:Tame,Y,
creature,/Game/Aberration/Dinos/Pteroteuthis/Pteroteuthis_Char_BP_Surface,Pteroteuthis_Char_BP_Surface,Pteroteuthis_Char_BP_Surface_C,N,N,,ECheatActorType:Wild; EPrimalMilestoneType:Kill; EPrimalMilestoneType:Tame,Y,
creature,/Game/Aberration/Dinos/RockDrake/PrimalItemArmor_RockDrakeSaddle,PrimalItemArmor_RockDrakeSaddle,PrimalItemArmor_RockDrakeSaddle_C,Y,N,Equipment,EPrimalItemType:Equipment; EPrimalMilestoneType:Kill; EPrimalMilestoneType:Tame,Y,
creature,/Game/Aberration/Dinos/RockDrake/RockDrake_Character_BP,RockDrake_Character_BP,RockDrake_Character_BP_C,Y,N,,ECheatActorType:Dino; EPrimalMilestoneType:Kill; EPrimalMilestoneType:Tame,Y,
creature,/Game/ASA/Dinos/Archelon/Dinos/Archelon_Character_BP_ASA,Archelon_Character_BP_ASA,Archelon_Character_BP_ASA_C,Y,N,,ECheatActorType:Dino; EPrimalMilestoneType:Kill; EPrimalMilestoneType:Tame,Y,
creature,/Game/ASA/Dinos/Cat/Cat_Character_BP,Cat_Character_BP,Cat_Character_BP_C,Y,N,,ECheatActorType:Dino; EPrimalMilestoneType:Kill; EPrimalMilestoneType:Tame,Y,
creature,/Game/ASA/Dinos/Ceratosaurus/Dinos/Ceratosaurus_Character_BP_ASA,Ceratosaurus_Character_BP_ASA,Ceratosaurus_Character_BP_ASA_C,N,N,,ECheatActorType:Dino; EPrimalMilestoneType:Kill; EPrimalMilestoneType:Tame,Y,
creature,/Game/ASA/Dinos/Ceratosaurus/Dinos/Saddle/PrimalItemArmor_CeratosaurusSaddle_ASA,PrimalItemArmor_CeratosaurusSaddle_ASA,PrimalItemArmor_CeratosaurusSaddle_ASA_C,Y,N,Equipment,EPrimalItemType:Equipment; EPrimalMilestoneType:Kill; EPrimalMilestoneType:Tame,Y,
creature,/Game/ASA/Dinos/DarkPegasus/DarkPegasus_Character_BP,DarkPegasus_Character_BP,DarkPegasus_Character_BP_C,N,N,,ECheatActorType:Dino; EPrimalMilestoneType:Kill; EPrimalMilestoneType:Tame,Y,
creature,/Game/ASA/Dinos/Deinosuchus/Deinosuchusasa_Character_BP,Deinosuchusasa_Character_BP,Deinosuchusasa_Character_BP_C,N,N,,ECheatActorType:Dino; EPrimalMilestoneType:Kill; EPrimalMilestoneType:Tame,Y,
creature,/Game/ASA/Dinos/Deinosuchus/Saddle/PrimalItemArmor_Deinosuchus_Saddle_ASA,PrimalItemArmor_Deinosuchus_Saddle_ASA,PrimalItemArmor_Deinosuchus_Saddle_ASA_C,Y,N,Equipment,EPrimalItemType:Equipment; EPrimalMilestoneType:Kill; EPrimalMilestoneType:Tame,Y,
creature,/Game/ASA/Dinos/Deinotherium/Dinos/DeinotheriumASA_Character_BP,DeinotheriumASA_Character_BP,DeinotheriumASA_Character_BP_C,N,N,,ECheatActorType:Dino; EPrimalMilestoneType:Kill; EPrimalMilestoneType:Tame,Y,
creature,/Game/ASA/Dinos/Deinotherium/Dinos/Saddle/PrimalItemArmor_DeinotheriumSaddle_ASA,PrimalItemArmor_DeinotheriumSaddle_ASA,PrimalItemArmor_DeinotheriumSaddle_ASA_C,Y,N,Equipment,EPrimalItemType:Equipment; EPrimalMilestoneType:Kill; EPrimalMilestoneType:Tame,Y,
creature,/Game/ASA/Dinos/Dreadnoughtus/Dreadnoughtus_Character_BP,Dreadnoughtus_Character_BP,Dreadnoughtus_Character_BP_C,N,N,,ECheatActorType:Dino; EPrimalMilestoneType:Kill; EPrimalMilestoneType:Tame,Y,
creature,/Game/ASA/Dinos/Fasolasuchus/Fasola_Character_BP,Fasola_Character_BP,Fasola_Character_BP_C,N,N,,ECheatActorType:Dino; EPrimalMilestoneType:Kill; EPrimalMilestoneType:Tame,Y,
creature,/Game/ASA/Dinos/Fasolasuchus/Fasola_Character_BP_Aberrant,Fasola_Character_BP_Aberrant,Fasola_Character_BP_Aberrant_C,N,N,,ECheatActorType:Dino; EPrimalMilestoneType:Kill; EPrimalMilestoneType:Tame,Y,
creature,/Game/ASA/Dinos/Fasolasuchus/PrimalItemArmor_FasolaSaddle,PrimalItemArmor_FasolaSaddle,PrimalItemArmor_FasolaSaddle_C,Y,N,Equipment,EPrimalItemType:Equipment; EPrimalMilestoneType:Kill; EPrimalMilestoneType:Tame,Y,
creature,/Game/ASA/Dinos/FireLion/FireLion_Character_BP,FireLion_Character_BP,FireLion_Character_BP_C,Y,N,,ECheatActorType:Dino; EPrimalMilestoneType:Kill; EPrimalMilestoneType:Tame,Y,
creature,/Game/ASA/Dinos/Gigantoraptor/Gigantoraptor_Character_BP,Gigantoraptor_Character_BP,Gigantoraptor_Character_BP_C,N,N,,ECheatActorType:Dino; EPrimalMilestoneType:Kill; EPrimalMilestoneType:Tame,Y,
creature,/Game/ASA/Dinos/Gigantoraptor/Gigantoraptor_Character_BP_Aberrant,Gigantoraptor_Character_BP_Aberrant,Gigantoraptor_Character_BP_Aberrant_C,N,N,,ECheatActorType:Dino; EPrimalMilestoneType:Kill; EPrimalMilestoneType:Tame,Y,
creature,/Game/ASA/Dinos/Gigantoraptor/PrimalItemArmor_GigantoraptorSaddle,PrimalItemArmor_GigantoraptorSaddle,PrimalItemArmor_GigantoraptorSaddle_C,Y,N,Equipment,EPrimalItemType:Equipment; EPrimalMilestoneType:Kill; EPrimalMilestoneType:Tame,Y,
creature,/Game/ASA/Dinos/Iceworm/Iceworm_Character_Minion_BP_smaller,Iceworm_Character_Minion_BP_smaller,Iceworm_Character_Minion_BP_smaller_C,N,N,,ECheatActorType:Wild; EPrimalMilestoneType:Kill; EPrimalMilestoneType:Tame,Y,
creature,/Game/ASA/Dinos/IceWyvern/Ragnarok_Wyvern_Override_Ice,Ragnarok_Wyvern_Override_Ice,Ragnarok_Wyvern_Override_Ice_C,N,N,,EPrimalMilestoneType:Kill; EPrimalMilestoneType:Tame,Y,
creature,/Game/ASA/Dinos/Maelizard/Maelizard_Character_BP,Maelizard_Character_BP,Maelizard_Character_BP_C,N,N,,ECheatActorType:Dino; EPrimalMilestoneType:Kill; EPrimalMilestoneType:Tame,Y,
creature,/Game/ASA/Dinos/Maelizard/PrimalItemArmor_MaelizardSaddle,PrimalItemArmor_MaelizardSaddle,PrimalItemArmor_MaelizardSaddle_C,Y,N,Equipment,EPrimalItemType:Equipment; EPrimalMilestoneType:Kill; EPrimalMilestoneType:Tame,Y,
creature,/Game/ASA/Dinos/Shastasaurus/PrimalItemArmor_ShastaSaddle_Submarine,PrimalItemArmor_ShastaSaddle_Submarine,PrimalItemArmor_ShastaSaddle_Submarine_C,Y,N,Equipment,EPrimalItemType:Equipment; EPrimalMilestoneType:Kill; EPrimalMilestoneType:Tame,Y,
creature,/Game/ASA/Dinos/Shastasaurus/Shastasaurus_Character_BP,Shastasaurus_Character_BP,Shastasaurus_Character_BP_C,Y,N,,ECheatActorType:Dino; EPrimalMilestoneType:Kill; EPrimalMilestoneType:Tame,Y,
creature,/Game/ASA/Dinos/Xiphactinus/Dinos/Saddle/PrimalItemArmor_XiphSaddle_ASA,PrimalItemArmor_XiphSaddle_ASA,PrimalItemArmor_XiphSaddle_ASA_C,Y,N,Equipment,EPrimalItemType:Equipment; EPrimalMilestoneType:Kill; EPrimalMilestoneType:Tame,Y,
creature,/Game/ASA/Dinos/Xiphactinus/Dinos/Xiphactinus_Character_BP_ASA,Xiphactinus_Character_BP_ASA,Xiphactinus_Character_BP_ASA_C,N,N,,ECheatActorType:Dino; EPrimalMilestoneType:Kill; EPrimalMilestoneType:Tame,Y,
creature,/Game/ASA/Dinos/YiLing/PrimalItemArmor_YiLingSaddle,PrimalItemArmor_YiLingSaddle,PrimalItemArmor_YiLingSaddle_C,Y,N,Equipment,EPrimalItemType:Equipment; EPrimalMilestoneType:Kill; EPrimalMilestoneType:Tame,Y,
creature,/Game/ASA/Dinos/YiLing/YiLing_Character_BP,YiLing_Character_BP,YiLing_Character_BP_C,Y,N,,ECheatActorType:Dino; EPrimalMilestoneType:Kill; EPrimalMilestoneType:Tame,Y,
creature,/Game/Extinction/CoreBlueprints/Items/Saddle/PrimalItemArmor_DreadSaddle_Platform,PrimalItemArmor_DreadSaddle_Platform,PrimalItemArmor_DreadSaddle_Platform_C,Y,N,Equipment,EPrimalItemType:Equipment; EPrimalMilestoneType:Kill; EPrimalMilestoneType:Tame,Y,
creature,/Game/Extinction/CoreBlueprints/Items/Saddle/PrimalItemArmor_GachaSaddle,PrimalItemArmor_GachaSaddle,PrimalItemArmor_GachaSaddle_C,Y,N,Equipment,EPrimalItemType:Equipment; EPrimalMilestoneType:Kill; EPrimalMilestoneType:Tame,Y,
creature,/Game/Extinction/CoreBlueprints/Items/Saddle/PrimalItemArmor_GasBagsSaddle,PrimalItemArmor_GasBagsSaddle,PrimalItemArmor_GasBagsSaddle_C,Y,N,Equipment,EPrimalItemType:Equipment; EPrimalMilestoneType:Kill; EPrimalMilestoneType:Tame,Y,
creature,/Game/Extinction/CoreBlueprints/Items/Saddle/PrimalItemArmor_IceJumperSaddle,PrimalItemArmor_IceJumperSaddle,PrimalItemArmor_IceJumperSaddle_C,Y,N,Equipment,EPrimalItemType:Equipment; EPrimalMilestoneType:Kill; EPrimalMilestoneType:Tame,Y,
creature,/Game/Extinction/CoreBlueprints/Items/Saddle/PrimalItemArmor_OwlSaddle,PrimalItemArmor_OwlSaddle,PrimalItemArmor_OwlSaddle_C,Y,N,Equipment,EPrimalItemType:Equipment; EPrimalMilestoneType:Kill; EPrimalMilestoneType:Tame,Y,
creature,/Game/Extinction/CoreBlueprints/Items/Saddle/PrimalItemArmor_SpindlesSaddle,PrimalItemArmor_SpindlesSaddle,PrimalItemArmor_SpindlesSaddle_C,Y,N,Equipment,EPrimalItemType:Equipment; EPrimalMilestoneType:Kill; EPrimalMilestoneType:Tame,Y,
creature,/Game/Extinction/Dinos/Corrupt/Arthropluera/Arthro_Character_BP_Corrupt,Arthro_Character_BP_Corrupt,Arthro_Character_BP_Corrupt_C,N,N,,ECheatActorType:Dino; EPrimalMilestoneType:Kill; EPrimalMilestoneType:Tame,Y,
creature,/Game/Extinction/Dinos/Corrupt/Carno/Carno_Character_BP_Corrupt,Carno_Character_BP_Corrupt,Carno_Character_BP_Corrupt_C,N,N,,ECheatActorType:Dino; EPrimalMilestoneType:Kill; EPrimalMilestoneType:Tame,Y,
creature,/Game/Extinction/Dinos/Corrupt/Chalicotherium/Chalico_Character_BP_Corrupt,Chalico_Character_BP_Corrupt,Chalico_Character_BP_Corrupt_C,N,N,,ECheatActorType:Dino; EPrimalMilestoneType:Kill; EPrimalMilestoneType:Tame,Y,
creature,/Game/Extinction/Dinos/Corrupt/Dilo/Dilo_Character_BP_Corrupt,Dilo_Character_BP_Corrupt,Dilo_Character_BP_Corrupt_C,N,N,,ECheatActorType:Dino; EPrimalMilestoneType:Kill; EPrimalMilestoneType:Tame,Y,
creature,/Game/Extinction/Dinos/Corrupt/Dimorphodon/Dimorph_Character_BP_Corrupt,Dimorph_Character_BP_Corrupt,Dimorph_Character_BP_Corrupt_C,N,N,,ECheatActorType:Dino; EPrimalMilestoneType:Kill; EPrimalMilestoneType:Tame,Y,
creature,/Game/Extinction/Dinos/Corrupt/Giganotosaurus/Gigant_Character_BP_Corrupt,Gigant_Character_BP_Corrupt,Gigant_Character_BP_Corrupt_C,N,N,,ECheatActorType:Dino; EPrimalMilestoneType:Kill; EPrimalMilestoneType:Tame,Y,
creature,/Game/Extinction/Dinos/Corrupt/Nameless/Xenomorph_Character_BP_Male_Tamed_Corrupt,Xenomorph_Character_BP_Male_Tamed_Corrupt,Xenomorph_Character_BP_Male_Tamed_Corrupt_C,N,N,,ECheatActorType:Tame; EPrimalMilestoneType:Kill; EPrimalMilestoneType:Tame,Y,
creature,/Game/Extinction/Dinos/Corrupt/Paraceratherium/Paracer_Character_BP_Corrupt,Paracer_Character_BP_Corrupt,Paracer_Character_BP_Corrupt_C,N,N,,ECheatActorType:Dino; EPrimalMilestoneType:Kill; EPrimalMilestoneType:Tame,Y,
creature,/Game/Extinction/Dinos/Corrupt/Ptero/Ptero_Character_BP_Corrupt,Ptero_Character_BP_Corrupt,Ptero_Character_BP_Corrupt_C,N,N,,ECheatActorType:Dino; EPrimalMilestoneType:Kill; EPrimalMilestoneType:Tame,Y,
creature,/Game/Extinction/Dinos/Corrupt/Raptor/Raptor_Character_BP_Corrupt,Raptor_Character_BP_Corrupt,Raptor_Character_BP_Corrupt_C,N,N,,ECheatActorType:Dino; EPrimalMilestoneType:Kill; EPrimalMilestoneType:Tame,Y,
creature,/Game/Extinction/Dinos/Corrupt/Rex/MegaRex_Character_BP_Corrupt,MegaRex_Character_BP_Corrupt,MegaRex_Character_BP_Corrupt_C,N,N,,ECheatActorType:Dino; EPrimalMilestoneType:Kill; EPrimalMilestoneType:Tame,Y,
creature,/Game/Extinction/Dinos/Corrupt/Rex/Rex_Character_BP_Corrupt,Rex_Character_BP_Corrupt,Rex_Character_BP_Corrupt_C,N,N,,ECheatActorType:Dino; EPrimalMilestoneType:Kill; EPrimalMilestoneType:Tame,Y,
creature,/Game/Extinction/Dinos/Corrupt/RockDrake/RockDrake_Character_BP_Corrupt,RockDrake_Character_BP_Corrupt,RockDrake_Character_BP_Corrupt_C,N,N,,ECheatActorType:Dino; EPrimalMilestoneType:Kill; EPrimalMilestoneType:Tame,Y,
creature,/Game/Extinction/Dinos/Corrupt/Spino/Spino_Character_BP_Corrupt,Spino_Character_BP_Corrupt,Spino_Character_BP_Corrupt_C,N,N,,ECheatActorType:Dino; EPrimalMilestoneType:Kill; EPrimalMilestoneType:Tame,Y,
creature,/Game/Extinction/Dinos/Corrupt/Stego/Stego_Character_BP_Corrupt,Stego_Character_BP_Corrupt,Stego_Character_BP_Corrupt_C,N,N,,ECheatActorType:Dino; EPrimalMilestoneType:Kill; EPrimalMilestoneType:Tame,Y,
creature,/Game/Extinction/Dinos/Corrupt/Trike/MegaTrike_Character_BP_Corrupt,MegaTrike_Character_BP_Corrupt,MegaTrike_Character_BP_Corrupt_C,N,N,,ECheatActorType:Dino; EPrimalMilestoneType:Kill; EPrimalMilestoneType:Tame,Y,
creature,/Game/Extinction/Dinos/Corrupt/Trike/Trike_Character_BP_Corrupt,Trike_Character_BP_Corrupt,Trike_Character_BP_Corrupt_C,N,N,,ECheatActorType:Dino; EPrimalMilestoneType:Kill; EPrimalMilestoneType:Tame,Y,
creature,/Game/Extinction/Dinos/Corrupt/Wyvern/Wyvern_Character_BP_Fire_Corrupt,Wyvern_Character_BP_Fire_Corrupt,Wyvern_Character_BP_Fire_Corrupt_C,N,N,,ECheatActorType:Dino; EPrimalMilestoneType:Kill; EPrimalMilestoneType:Tame,Y,
creature,/Game/Extinction/Dinos/DesertKaiju/DesertKaiju_Character_BP,DesertKaiju_Character_BP,DesertKaiju_Character_BP_C,N,N,,ECheatActorType:Dino; EPrimalMilestoneType:Kill; EPrimalMilestoneType:Tame,Y,
creature,/Game/Extinction/Dinos/DesertKaiju/DesertKaiju_FirstFlockChar_BP,DesertKaiju_FirstFlockChar_BP,DesertKaiju_FirstFlockChar_BP_C,N,N,,ECheatActorType:Dino; EPrimalMilestoneType:Kill; EPrimalMilestoneType:Tame,Y,
creature,/Game/Extinction/Dinos/Enforcer/Enforcer_Character_BP,Enforcer_Character_BP,Enforcer_Character_BP_C,Y,N,,ECheatActorType:Dino; EPrimalMilestoneType:Kill; EPrimalMilestoneType:Tame,Y,
creature,/Game/Extinction/Dinos/ForestKaiju/ForestKaiju_Character_BP,ForestKaiju_Character_BP,ForestKaiju_Character_BP_C,N,N,,ECheatActorType:Dino; EPrimalMilestoneType:Kill; EPrimalMilestoneType:Tame,Y,
creature,/Game/Extinction/Dinos/ForestKaiju/Minion/Wyvern_Character_BP_Fire_Minion,Wyvern_Character_BP_Fire_Minion,Wyvern_Character_BP_Fire_Minion_C,N,N,,ECheatActorType:Wild; EPrimalMilestoneType:Kill; EPrimalMilestoneType:Tame,Y,
creature,/Game/Extinction/Dinos/Gacha/Gacha_Character_BP,Gacha_Character_BP,Gacha_Character_BP_C,Y,N,,ECheatActorType:Dino; EPrimalMilestoneType:Kill; EPrimalMilestoneType:Tame,Y,
creature,/Game/Extinction/Dinos/GasBag/GasBags_Character_BP,GasBags_Character_BP,GasBags_Character_BP_C,Y,N,,ECheatActorType:Dino; EPrimalMilestoneType:Kill; EPrimalMilestoneType:Tame,Y,
creature,/Game/Extinction/Dinos/IceJumper/IceJumper_Character_BP,IceJumper_Character_BP,IceJumper_Character_BP_C,N,N,,ECheatActorType:Dino; EPrimalMilestoneType:Kill; EPrimalMilestoneType:Tame,Y,
creature,/Game/Extinction/Dinos/IceKaiju/IceKaiju_Character_BP,IceKaiju_Character_BP,IceKaiju_Character_BP_C,N,N,,ECheatActorType:Dino; EPrimalMilestoneType:Kill; EPrimalMilestoneType:Tame,Y,
creature,/Game/Extinction/Dinos/KingKaiju/CorruptTumor_Character_BP,CorruptTumor_Character_BP,CorruptTumor_Character_BP_C,N,N,,ECheatActorType:Dino; EPrimalMilestoneType:Kill; EPrimalMilestoneType:Tame,Y,
creature,/Game/Extinction/Dinos/KingKaiju/KingKaiju_Character_BP,KingKaiju_Character_BP,KingKaiju_Character_BP_C,N,N,,ECheatActorType:Dino; EPrimalMilestoneType:Kill; EPrimalMilestoneType:Tame,Y,
creature,/Game/Extinction/Dinos/KingKaiju/KingKaiju_Character_BP_Alpha,KingKaiju_Character_BP_Alpha,KingKaiju_Character_BP_Alpha_C,N,N,,ECheatActorType:Dino; EPrimalMilestoneType:Kill; EPrimalMilestoneType:Tame,Y,
creature,/Game/Extinction/Dinos/KingKaiju/KingKaiju_Character_BP_Beta,KingKaiju_Character_BP_Beta,KingKaiju_Character_BP_Beta_C,N,N,,ECheatActorType:Dino; EPrimalMilestoneType:Kill; EPrimalMilestoneType:Tame,Y,
creature,/Game/Extinction/Dinos/Mek/MegaMek_Character_BP,MegaMek_Character_BP,MegaMek_Character_BP_C,N,N,,ECheatActorType:Dino; EPrimalMilestoneType:Kill; EPrimalMilestoneType:Tame,Y,
creature,/Game/Extinction/Dinos/Mek/Mek_Character_BP,Mek_Character_BP,Mek_Character_BP_C,Y,N,,ECheatActorType:Dino; EPrimalMilestoneType:Kill; EPrimalMilestoneType:Tame,Y,
creature,/Game/Extinction/Dinos/Owl/Owl_Character_BP,Owl_Character_BP,Owl_Character_BP_C,N,N,,ECheatActorType:Dino; EPrimalMilestoneType:Kill; EPrimalMilestoneType:Tame,Y,
creature,/Game/Extinction/Dinos/Scout/Scout_Character_BP,Scout_Character_BP,Scout_Character_BP_C,N,N,,ECheatActorType:Dino; EPrimalMilestoneType:Kill; EPrimalMilestoneType:Tame,Y,
creature,/Game/Extinction/Dinos/Spindles/Spindles_Character_BP,Spindles_Character_BP,Spindles_Character_BP_C,Y,N,,ECheatActorType:Dino; EPrimalMilestoneType:Kill; EPrimalMilestoneType:Tame,Y,
creature,/Game/Mods/Ragnarok/Custom_Assets/Dinos/Polar_Bear/Polar_Bear,Polar_Bear,Polar_Bear_C,N,N,,EPrimalMilestoneType:Kill; EPrimalMilestoneType:Tame,Y,
creature,/Game/Packs/Frontier/Dinos/Oasisaur/Oasisaur_Character_BP,Oasisaur_Character_BP,Oasisaur_Character_BP_C,N,N,,ECheatActorType:Dino; EPrimalMilestoneType:Kill; EPrimalMilestoneType:Tame,Y,
creature,/Game/Packs/Steampunk/Dinos/JumpingSpider/JumpingSpider_Character_BP,JumpingSpider_Character_BP,JumpingSpider_Character_BP_C,Y,N,,ECheatActorType:Dino; EPrimalMilestoneType:Kill; EPrimalMilestoneType:Tame,Y,
creature,/Game/Packs/Wasteland/Dinos/Doggo/Doggo_Character_BP,Doggo_Character_BP,Doggo_Character_BP_C,Y,N,,ECheatActorType:Dino; EPrimalMilestoneType:Kill; EPrimalMilestoneType:Tame,Y,
creature,/Game/Packs/Wasteland/Dinos/Doggo/PrimalItemArmor_DinoCompanionSaddle_Doggo,PrimalItemArmor_DinoCompanionSaddle_Doggo,PrimalItemArmor_DinoCompanionSaddle_Doggo_C,Y,N,Equipment,EPrimalItemType:Equipment; EPrimalMilestoneType:Kill; EPrimalMilestoneType:Tame,Y,
creature,/Game/PrimalEarth/CoreBlueprints/Items/Armor/Saddles/PrimalItemArmor_AlloSaddle,PrimalItemArmor_AlloSaddle,PrimalItemArmor_AlloSaddle_C,Y,N,Equipment,EPrimalItemType:Equipment; EPrimalMilestoneType:Kill; EPrimalMilestoneType:Tame,Y,
creature,/Game/PrimalEarth/CoreBlueprints/Items/Armor/Saddles/PrimalItemArmor_AnkyloSaddle,PrimalItemArmor_AnkyloSaddle,PrimalItemArmor_AnkyloSaddle_C,Y,N,Equipment,EPrimalItemType:Equipment; EPrimalMilestoneType:Kill; EPrimalMilestoneType:Tame,Y,
creature,/Game/PrimalEarth/CoreBlueprints/Items/Armor/Saddles/PrimalItemArmor_ArgentavisSaddle,PrimalItemArmor_ArgentavisSaddle,PrimalItemArmor_ArgentavisSaddle_C,Y,N,Equipment,EPrimalItemType:Equipment; EPrimalMilestoneType:Kill; EPrimalMilestoneType:Tame,Y,
creature,/Game/PrimalEarth/CoreBlueprints/Items/Armor/Saddles/PrimalItemArmor_ArthroSaddle,PrimalItemArmor_ArthroSaddle,PrimalItemArmor_ArthroSaddle_C,Y,N,Equipment,EPrimalItemType:Equipment; EPrimalMilestoneType:Kill; EPrimalMilestoneType:Tame,Y,
creature,/Game/PrimalEarth/CoreBlueprints/Items/Armor/Saddles/PrimalItemArmor_BaryonyxSaddle,PrimalItemArmor_BaryonyxSaddle,PrimalItemArmor_BaryonyxSaddle_C,Y,N,Equipment,EPrimalItemType:Equipment; EPrimalMilestoneType:Kill; EPrimalMilestoneType:Tame,Y,
creature,/Game/PrimalEarth/CoreBlueprints/Items/Armor/Saddles/PrimalItemArmor_BasiloSaddle,PrimalItemArmor_BasiloSaddle,PrimalItemArmor_BasiloSaddle_C,Y,N,Equipment,EPrimalItemType:Equipment; EPrimalMilestoneType:Kill; EPrimalMilestoneType:Tame,Y,
creature,/Game/PrimalEarth/CoreBlueprints/Items/Armor/Saddles/PrimalItemArmor_BeaverSaddle,PrimalItemArmor_BeaverSaddle,PrimalItemArmor_BeaverSaddle_C,Y,N,Equipment,EPrimalItemType:Equipment; EPrimalMilestoneType:Kill; EPrimalMilestoneType:Tame,Y,
creature,/Game/PrimalEarth/CoreBlueprints/Items/Armor/Saddles/PrimalItemArmor_CarchaSaddle,PrimalItemArmor_CarchaSaddle,PrimalItemArmor_CarchaSaddle_C,Y,N,Equipment,EPrimalItemType:Equipment; EPrimalMilestoneType:Kill; EPrimalMilestoneType:Tame,Y,
creature,/Game/PrimalEarth/CoreBlueprints/Items/Armor/Saddles/PrimalItemArmor_CarnoSaddle,PrimalItemArmor_CarnoSaddle,PrimalItemArmor_CarnoSaddle_C,Y,N,Equipment,EPrimalItemType:Equipment; EPrimalMilestoneType:Kill; EPrimalMilestoneType:Tame,Y,
creature,/Game/PrimalEarth/CoreBlueprints/Items/Armor/Saddles/PrimalItemArmor_ChalicoSaddle,PrimalItemArmor_ChalicoSaddle,PrimalItemArmor_ChalicoSaddle_C,Y,N,Equipment,EPrimalItemType:Equipment; EPrimalMilestoneType:Kill; EPrimalMilestoneType:Tame,Y,
creature,/Game/PrimalEarth/CoreBlueprints/Items/Armor/Saddles/PrimalItemArmor_DaeodonSaddle,PrimalItemArmor_DaeodonSaddle,PrimalItemArmor_DaeodonSaddle_C,Y,N,Equipment,EPrimalItemType:Equipment; EPrimalMilestoneType:Kill; EPrimalMilestoneType:Tame,Y,
creature,/Game/PrimalEarth/CoreBlueprints/Items/Armor/Saddles/PrimalItemArmor_DiplodocusSaddle,PrimalItemArmor_DiplodocusSaddle,PrimalItemArmor_DiplodocusSaddle_C,Y,N,Equipment,EPrimalItemType:Equipment; EPrimalMilestoneType:Kill; EPrimalMilestoneType:Tame,Y,
creature,/Game/PrimalEarth/CoreBlueprints/Items/Armor/Saddles/PrimalItemArmor_DireBearSaddle,PrimalItemArmor_DireBearSaddle,PrimalItemArmor_DireBearSaddle_C,Y,N,Equipment,EPrimalItemType:Equipment; EPrimalMilestoneType:Kill; EPrimalMilestoneType:Tame,Y,
creature,/Game/PrimalEarth/CoreBlueprints/Items/Armor/Saddles/PrimalItemArmor_DoedSaddle,PrimalItemArmor_DoedSaddle,PrimalItemArmor_DoedSaddle_C,Y,N,Equipment,EPrimalItemType:Equipment; EPrimalMilestoneType:Kill; EPrimalMilestoneType:Tame,Y,
creature,/Game/PrimalEarth/CoreBlueprints/Items/Armor/Saddles/PrimalItemArmor_DolphinSaddle,PrimalItemArmor_DolphinSaddle,PrimalItemArmor_DolphinSaddle_C,Y,N,Equipment,EPrimalItemType:Equipment; EPrimalMilestoneType:Kill; EPrimalMilestoneType:Tame,Y,
creature,/Game/PrimalEarth/CoreBlueprints/Items/Armor/Saddles/PrimalItemArmor_DunkleosteusSaddle,PrimalItemArmor_DunkleosteusSaddle,PrimalItemArmor_DunkleosteusSaddle_C,Y,N,Equipment,EPrimalItemType:Equipment; EPrimalMilestoneType:Kill; EPrimalMilestoneType:Tame,Y,
creature,/Game/PrimalEarth/CoreBlueprints/Items/Armor/Saddles/PrimalItemArmor_EquusSaddle,PrimalItemArmor_EquusSaddle,PrimalItemArmor_EquusSaddle_C,Y,N,Equipment,EPrimalItemType:Equipment; EPrimalMilestoneType:Kill; EPrimalMilestoneType:Tame,Y,
creature,/Game/PrimalEarth/CoreBlueprints/Items/Armor/Saddles/PrimalItemArmor_Gallimimus,PrimalItemArmor_Gallimimus,PrimalItemArmor_Gallimimus_C,Y,N,Equipment,EPrimalItemType:Equipment; EPrimalMilestoneType:Kill; EPrimalMilestoneType:Tame,Y,
creature,/Game/PrimalEarth/CoreBlueprints/Items/Armor/Saddles/PrimalItemArmor_GigantSaddle,PrimalItemArmor_GigantSaddle,PrimalItemArmor_GigantSaddle_C,Y,N,Equipment,EPrimalItemType:Equipment; EPrimalMilestoneType:Kill; EPrimalMilestoneType:Tame,Y,
creature,/Game/PrimalEarth/CoreBlueprints/Items/Armor/Saddles/PrimalItemArmor_HyaenodonSaddle,PrimalItemArmor_HyaenodonSaddle,PrimalItemArmor_HyaenodonSaddle_C,Y,N,Equipment,EPrimalItemType:Equipment; EPrimalMilestoneType:Kill; EPrimalMilestoneType:Tame,Y,
creature,/Game/PrimalEarth/CoreBlueprints/Items/Armor/Saddles/PrimalItemArmor_IguanodonSaddle,PrimalItemArmor_IguanodonSaddle,PrimalItemArmor_IguanodonSaddle_C,Y,N,Equipment,EPrimalItemType:Equipment; EPrimalMilestoneType:Kill; EPrimalMilestoneType:Tame,Y,
creature,/Game/PrimalEarth/CoreBlueprints/Items/Armor/Saddles/PrimalItemArmor_KaprosuchusSaddle,PrimalItemArmor_KaprosuchusSaddle,PrimalItemArmor_KaprosuchusSaddle_C,Y,N,Equipment,EPrimalItemType:Equipment; EPrimalMilestoneType:Kill; EPrimalMilestoneType:Tame,Y,
creature,/Game/PrimalEarth/CoreBlueprints/Items/Armor/Saddles/PrimalItemArmor_MammothSaddle,PrimalItemArmor_MammothSaddle,PrimalItemArmor_MammothSaddle_C,Y,N,Equipment,EPrimalItemType:Equipment; EPrimalMilestoneType:Kill; EPrimalMilestoneType:Tame,Y,
creature,/Game/PrimalEarth/CoreBlueprints/Items/Armor/Saddles/PrimalItemArmor_MantaSaddle,PrimalItemArmor_MantaSaddle,PrimalItemArmor_MantaSaddle_C,Y,N,Equipment,EPrimalItemType:Equipment; EPrimalMilestoneType:Kill; EPrimalMilestoneType:Tame,Y,
creature,/Game/PrimalEarth/CoreBlueprints/Items/Armor/Saddles/PrimalItemArmor_MegalaniaSaddle,PrimalItemArmor_MegalaniaSaddle,PrimalItemArmor_MegalaniaSaddle_C,Y,N,Equipment,EPrimalItemType:Equipment; EPrimalMilestoneType:Kill; EPrimalMilestoneType:Tame,Y,
creature,/Game/PrimalEarth/CoreBlueprints/Items/Armor/Saddles/PrimalItemArmor_MegalodonSaddle,PrimalItemArmor_MegalodonSaddle,PrimalItemArmor_MegalodonSaddle_C,Y,N,Equipment,EPrimalItemType:Equipment; EPrimalMilestoneType:Kill; EPrimalMilestoneType:Tame,Y,
creature,/Game/PrimalEarth/CoreBlueprints/Items/Armor/Saddles/PrimalItemArmor_MegalosaurusSaddle,PrimalItemArmor_MegalosaurusSaddle,PrimalItemArmor_MegalosaurusSaddle_C,Y,N,Equipment,EPrimalItemType:Equipment; EPrimalMilestoneType:Kill; EPrimalMilestoneType:Tame,Y,
creature,/Game/PrimalEarth/CoreBlueprints/Items/Armor/Saddles/PrimalItemArmor_MegatheriumSaddle,PrimalItemArmor_MegatheriumSaddle,PrimalItemArmor_MegatheriumSaddle_C,Y,N,Equipment,EPrimalItemType:Equipment; EPrimalMilestoneType:Kill; EPrimalMilestoneType:Tame,Y,
creature,/Game/PrimalEarth/CoreBlueprints/Items/Armor/Saddles/PrimalItemArmor_MosaSaddle,PrimalItemArmor_MosaSaddle,PrimalItemArmor_MosaSaddle_C,Y,N,Equipment,EPrimalItemType:Equipment; EPrimalMilestoneType:Kill; EPrimalMilestoneType:Tame,Y,
creature,/Game/PrimalEarth/CoreBlueprints/Items/Armor/Saddles/PrimalItemArmor_PachyrhinoSaddle,PrimalItemArmor_PachyrhinoSaddle,PrimalItemArmor_PachyrhinoSaddle_C,Y,N,Equipment,EPrimalItemType:Equipment; EPrimalMilestoneType:Kill; EPrimalMilestoneType:Tame,Y,
creature,/Game/PrimalEarth/CoreBlueprints/Items/Armor/Saddles/PrimalItemArmor_PachySaddle,PrimalItemArmor_PachySaddle,PrimalItemArmor_PachySaddle_C,Y,N,Equipment,EPrimalItemType:Equipment; EPrimalMilestoneType:Kill; EPrimalMilestoneType:Tame,Y,
creature,/Game/PrimalEarth/CoreBlueprints/Items/Armor/Saddles/PrimalItemArmor_Paracer_Saddle,PrimalItemArmor_Paracer_Saddle,PrimalItemArmor_Paracer_Saddle_C,Y,N,Equipment,EPrimalItemType:Equipment; EPrimalMilestoneType:Kill; EPrimalMilestoneType:Tame,Y,
creature,/Game/PrimalEarth/CoreBlueprints/Items/Armor/Saddles/PrimalItemArmor_ParaSaddle,PrimalItemArmor_ParaSaddle,PrimalItemArmor_ParaSaddle_C,Y,N,Equipment,EPrimalItemType:Equipment; EPrimalMilestoneType:Kill; EPrimalMilestoneType:Tame,Y,
creature,/Game/PrimalEarth/CoreBlueprints/Items/Armor/Saddles/PrimalItemArmor_PelaSaddle,PrimalItemArmor_PelaSaddle,PrimalItemArmor_PelaSaddle_C,Y,N,Equipment,EPrimalItemType:Equipment; EPrimalMilestoneType:Kill; EPrimalMilestoneType:Tame,Y,
creature,/Game/PrimalEarth/CoreBlueprints/Items/Armor/Saddles/PrimalItemArmor_PhiomiaSaddle,PrimalItemArmor_PhiomiaSaddle,PrimalItemArmor_PhiomiaSaddle_C,Y,N,Equipment,EPrimalItemType:Equipment; EPrimalMilestoneType:Kill; EPrimalMilestoneType:Tame,Y,
creature,/Game/PrimalEarth/CoreBlueprints/Items/Armor/Saddles/PrimalItemArmor_PlesiaSaddle,PrimalItemArmor_PlesiaSaddle,PrimalItemArmor_PlesiaSaddle_C,Y,N,Equipment,EPrimalItemType:Equipment; EPrimalMilestoneType:Kill; EPrimalMilestoneType:Tame,Y,
creature,/Game/PrimalEarth/CoreBlueprints/Items/Armor/Saddles/PrimalItemArmor_ProcoptodonSaddle,PrimalItemArmor_ProcoptodonSaddle,PrimalItemArmor_ProcoptodonSaddle_C,Y,N,Equipment,EPrimalItemType:Equipment; EPrimalMilestoneType:Kill; EPrimalMilestoneType:Tame,Y,
creature,/Game/PrimalEarth/CoreBlueprints/Items/Armor/Saddles/PrimalItemArmor_PteroSaddle,PrimalItemArmor_PteroSaddle,PrimalItemArmor_PteroSaddle_C,Y,N,Equipment,EPrimalItemType:Equipment; EPrimalMilestoneType:Kill; EPrimalMilestoneType:Tame,Y,
creature,/Game/PrimalEarth/CoreBlueprints/Items/Armor/Saddles/PrimalItemArmor_QuetzSaddle,PrimalItemArmor_QuetzSaddle,PrimalItemArmor_QuetzSaddle_C,Y,N,Equipment,EPrimalItemType:Equipment; EPrimalMilestoneType:Kill; EPrimalMilestoneType:Tame,Y,
creature,/Game/PrimalEarth/CoreBlueprints/Items/Armor/Saddles/PrimalItemArmor_RaptorSaddle,PrimalItemArmor_RaptorSaddle,PrimalItemArmor_RaptorSaddle_C,Y,N,Equipment,EPrimalItemType:Equipment; EPrimalMilestoneType:Kill; EPrimalMilestoneType:Tame,Y,
creature,/Game/PrimalEarth/CoreBlueprints/Items/Armor/Saddles/PrimalItemArmor_RexSaddle,PrimalItemArmor_RexSaddle,PrimalItemArmor_RexSaddle_C,Y,N,Equipment,EPrimalItemType:Equipment; EPrimalMilestoneType:Kill; EPrimalMilestoneType:Tame,Y,
creature,/Game/PrimalEarth/CoreBlueprints/Items/Armor/Saddles/PrimalItemArmor_RhinoSaddle,PrimalItemArmor_RhinoSaddle,PrimalItemArmor_RhinoSaddle_C,Y,N,Equipment,EPrimalItemType:Equipment; EPrimalMilestoneType:Kill; EPrimalMilestoneType:Tame,Y,
creature,/Game/PrimalEarth/CoreBlueprints/Items/Armor/Saddles/PrimalItemArmor_SaberSaddle,PrimalItemArmor_SaberSaddle,PrimalItemArmor_SaberSaddle_C,Y,N,Equipment,EPrimalItemType:Equipment; EPrimalMilestoneType:Kill; EPrimalMilestoneType:Tame,Y,
creature,/Game/PrimalEarth/CoreBlueprints/Items/Armor/Saddles/PrimalItemArmor_SarcoSaddle,PrimalItemArmor_SarcoSaddle,PrimalItemArmor_SarcoSaddle_C,Y,N,Equipment,EPrimalItemType:Equipment; EPrimalMilestoneType:Kill; EPrimalMilestoneType:Tame,Y,
creature,/Game/PrimalEarth/CoreBlueprints/Items/Armor/Saddles/PrimalItemArmor_SauroSaddle,PrimalItemArmor_SauroSaddle,PrimalItemArmor_SauroSaddle_C,Y,N,Equipment,EPrimalItemType:Equipment; EPrimalMilestoneType:Kill; EPrimalMilestoneType:Tame,Y,
creature,/Game/PrimalEarth/CoreBlueprints/Items/Armor/Saddles/PrimalItemArmor_ScorpionSaddle,PrimalItemArmor_ScorpionSaddle,PrimalItemArmor_ScorpionSaddle_C,Y,N,Equipment,EPrimalItemType:Equipment; EPrimalMilestoneType:Kill; EPrimalMilestoneType:Tame,Y,
creature,/Game/PrimalEarth/CoreBlueprints/Items/Armor/Saddles/PrimalItemArmor_SpiderSaddle,PrimalItemArmor_SpiderSaddle,PrimalItemArmor_SpiderSaddle_C,Y,N,Equipment,EPrimalItemType:Equipment; EPrimalMilestoneType:Kill; EPrimalMilestoneType:Tame,Y,
creature,/Game/PrimalEarth/CoreBlueprints/Items/Armor/Saddles/PrimalItemArmor_SpinoSaddle,PrimalItemArmor_SpinoSaddle,PrimalItemArmor_SpinoSaddle_C,Y,N,Equipment,EPrimalItemType:Equipment; EPrimalMilestoneType:Kill; EPrimalMilestoneType:Tame,Y,
creature,/Game/PrimalEarth/CoreBlueprints/Items/Armor/Saddles/PrimalItemArmor_StagSaddle,PrimalItemArmor_StagSaddle,PrimalItemArmor_StagSaddle_C,Y,N,Equipment,EPrimalItemType:Equipment; EPrimalMilestoneType:Kill; EPrimalMilestoneType:Tame,Y,
creature,/Game/PrimalEarth/CoreBlueprints/Items/Armor/Saddles/PrimalItemArmor_StegoSaddle,PrimalItemArmor_StegoSaddle,PrimalItemArmor_StegoSaddle_C,Y,N,Equipment,EPrimalItemType:Equipment; EPrimalMilestoneType:Kill; EPrimalMilestoneType:Tame,Y,
creature,/Game/PrimalEarth/CoreBlueprints/Items/Armor/Saddles/PrimalItemArmor_TapejaraSaddle,PrimalItemArmor_TapejaraSaddle,PrimalItemArmor_TapejaraSaddle_C,Y,N,Equipment,EPrimalItemType:Equipment; EPrimalMilestoneType:Kill; EPrimalMilestoneType:Tame,Y,
creature,/Game/PrimalEarth/CoreBlueprints/Items/Armor/Saddles/PrimalItemArmor_TerrorBirdSaddle,PrimalItemArmor_TerrorBirdSaddle,PrimalItemArmor_TerrorBirdSaddle_C,Y,N,Equipment,EPrimalItemType:Equipment; EPrimalMilestoneType:Kill; EPrimalMilestoneType:Tame,Y,
creature,/Game/PrimalEarth/CoreBlueprints/Items/Armor/Saddles/PrimalItemArmor_TherizinosaurusSaddle,PrimalItemArmor_TherizinosaurusSaddle,PrimalItemArmor_TherizinosaurusSaddle_C,Y,N,Equipment,EPrimalItemType:Equipment; EPrimalMilestoneType:Kill; EPrimalMilestoneType:Tame,Y,
creature,/Game/PrimalEarth/CoreBlueprints/Items/Armor/Saddles/PrimalItemArmor_ThylacoSaddle,PrimalItemArmor_ThylacoSaddle,PrimalItemArmor_ThylacoSaddle_C,Y,N,Equipment,EPrimalItemType:Equipment; EPrimalMilestoneType:Kill; EPrimalMilestoneType:Tame,Y,
creature,/Game/PrimalEarth/CoreBlueprints/Items/Armor/Saddles/PrimalItemArmor_TitanSaddle_Platform,PrimalItemArmor_TitanSaddle_Platform,PrimalItemArmor_TitanSaddle_Platform_C,Y,N,Equipment,EPrimalItemType:Equipment; EPrimalMilestoneType:Kill; EPrimalMilestoneType:Tame,Y,
creature,/Game/PrimalEarth/CoreBlueprints/Items/Armor/Saddles/PrimalItemArmor_ToadSaddle,PrimalItemArmor_ToadSaddle,PrimalItemArmor_ToadSaddle_C,Y,N,Equipment,EPrimalItemType:Equipment; EPrimalMilestoneType:Kill; EPrimalMilestoneType:Tame,Y,
creature,/Game/PrimalEarth/CoreBlueprints/Items/Armor/Saddles/PrimalItemArmor_TrikeSaddle,PrimalItemArmor_TrikeSaddle,PrimalItemArmor_TrikeSaddle_C,Y,N,Equipment,EPrimalItemType:Equipment; EPrimalMilestoneType:Kill; EPrimalMilestoneType:Tame,Y,
creature,/Game/PrimalEarth/CoreBlueprints/Items/Armor/Saddles/PrimalItemArmor_TurtleSaddle,PrimalItemArmor_TurtleSaddle,PrimalItemArmor_TurtleSaddle_C,Y,N,Equipment,EPrimalItemType:Equipment; EPrimalMilestoneType:Kill; EPrimalMilestoneType:Tame,Y,
creature,/Game/PrimalEarth/CoreBlueprints/Items/Armor/Saddles/PrimalItemArmor_TusoSaddle,PrimalItemArmor_TusoSaddle,PrimalItemArmor_TusoSaddle_C,Y,N,Equipment,EPrimalItemType:Equipment; EPrimalMilestoneType:Kill; EPrimalMilestoneType:Tame,Y,
creature,/Game/PrimalEarth/CoreBlueprints/Items/Armor/Saddles/PrimalItemArmor_YutySaddle,PrimalItemArmor_YutySaddle,PrimalItemArmor_YutySaddle_C,Y,N,Equipment,EPrimalItemType:Equipment; EPrimalMilestoneType:Kill; EPrimalMilestoneType:Tame,Y,
creature,/Game/PrimalEarth/Dinos/Achatina/Achatina_Character_BP,Achatina_Character_BP,Achatina_Character_BP_C,Y,N,,ECheatActorType:Dino; EPrimalMilestoneType:Kill; EPrimalMilestoneType:Tame,Y,
creature,/Game/PrimalEarth/Dinos/Achatina/Achatina_Character_BP_Aberrant,Achatina_Character_BP_Aberrant,Achatina_Character_BP_Aberrant_C,Y,N,,ECheatActorType:Dino; EPrimalMilestoneType:Kill; EPrimalMilestoneType:Tame,Y,
creature,/Game/PrimalEarth/Dinos/Allosaurus/Allo_Character_BP,Allo_Character_BP,Allo_Character_BP_C,N,N,,ECheatActorType:Dino; EPrimalMilestoneType:Kill; EPrimalMilestoneType:Tame,Y,
creature,/Game/PrimalEarth/Dinos/Ammonite/Ammonite_Character,Ammonite_Character,Ammonite_Character_C,N,N,,EPrimalMilestoneType:Kill; EPrimalMilestoneType:Tame,Y,
creature,/Game/PrimalEarth/Dinos/Anglerfish/Angler_Character_BP,Angler_Character_BP,Angler_Character_BP_C,N,N,,ECheatActorType:Dino; EPrimalMilestoneType:Kill; EPrimalMilestoneType:Tame,Y,
creature,/Game/PrimalEarth/Dinos/Anglerfish/Angler_Character_BP_Aberrant,Angler_Character_BP_Aberrant,Angler_Character_BP_Aberrant_C,N,N,,ECheatActorType:Dino; EPrimalMilestoneType:Kill; EPrimalMilestoneType:Tame,Y,
creature,/Game/PrimalEarth/Dinos/Ankylo/Ankylo_Character_BP,Ankylo_Character_BP,Ankylo_Character_BP_C,Y,N,,ECheatActorType:Dino; EPrimalMilestoneType:Kill; EPrimalMilestoneType:Tame,Y,
creature,/Game/PrimalEarth/Dinos/Ankylo/Ankylo_Character_BP_Aberrant,Ankylo_Character_BP_Aberrant,Ankylo_Character_BP_Aberrant_C,N,N,,ECheatActorType:Dino; EPrimalMilestoneType:Kill; EPrimalMilestoneType:Tame,Y,
creature,/Game/PrimalEarth/Dinos/Ant/Ant_Character_BP,Ant_Character_BP,Ant_Character_BP_C,N,N,,ECheatActorType:Dino; EPrimalMilestoneType:Kill; EPrimalMilestoneType:Tame,Y,
creature,/Game/PrimalEarth/Dinos/Ant/FlyingAnt_Character_BP,FlyingAnt_Character_BP,FlyingAnt_Character_BP_C,N,N,,ECheatActorType:Dino; EPrimalMilestoneType:Kill; EPrimalMilestoneType:Tame,Y,
creature,/Game/PrimalEarth/Dinos/Archaeopteryx/Archa_Character_BP,Archa_Character_BP,Archa_Character_BP_C,N,N,,ECheatActorType:Dino; EPrimalMilestoneType:Kill; EPrimalMilestoneType:Tame,Y,
creature,/Game/PrimalEarth/Dinos/Argentavis/Argent_Character_BP,Argent_Character_BP,Argent_Character_BP_C,Y,N,,ECheatActorType:Dino; EPrimalMilestoneType:Kill; EPrimalMilestoneType:Tame,Y,
creature,/Game/PrimalEarth/Dinos/Arthropluera/Arthro_Character_BP,Arthro_Character_BP,Arthro_Character_BP_C,N,N,,ECheatActorType:Dino; EPrimalMilestoneType:Kill; EPrimalMilestoneType:Tame,Y,
creature,/Game/PrimalEarth/Dinos/Arthropluera/Arthro_Character_BP_Aberrant,Arthro_Character_BP_Aberrant,Arthro_Character_BP_Aberrant_C,N,N,,ECheatActorType:Dino; EPrimalMilestoneType:Kill; EPrimalMilestoneType:Tame,Y,
creature,/Game/PrimalEarth/Dinos/Baryonyx/Baryonyx_Character_BP,Baryonyx_Character_BP,Baryonyx_Character_BP_C,Y,N,,ECheatActorType:Dino; EPrimalMilestoneType:Kill; EPrimalMilestoneType:Tame,Y,
creature,/Game/PrimalEarth/Dinos/Baryonyx/Baryonyx_Character_BP_Aberrant,Baryonyx_Character_BP_Aberrant,Baryonyx_Character_BP_Aberrant_C,N,N,,ECheatActorType:Dino; EPrimalMilestoneType:Kill; EPrimalMilestoneType:Tame,Y,
creature,/Game/PrimalEarth/Dinos/Basilosaurus/Basilosaurus_Character_BP,Basilosaurus_Character_BP,Basilosaurus_Character_BP_C,Y,N,,ECheatActorType:Dino; EPrimalMilestoneType:Kill; EPrimalMilestoneType:Tame,Y,
creature,/Game/PrimalEarth/Dinos/Bat/Bat_Character_BP,Bat_Character_BP,Bat_Character_BP_C,N,N,,ECheatActorType:Dino; EPrimalMilestoneType:Kill; EPrimalMilestoneType:Tame,Y,
creature,/Game/PrimalEarth/Dinos/Beaver/Beaver_Character_BP,Beaver_Character_BP,Beaver_Character_BP_C,Y,N,,ECheatActorType:Dino; EPrimalMilestoneType:Kill; EPrimalMilestoneType:Tame,Y,
creature,/Game/PrimalEarth/Dinos/Bee/Bee_Character_BP,Bee_Character_BP,Bee_Character_BP_C,N,N,,ECheatActorType:Dino; EPrimalMilestoneType:Kill; EPrimalMilestoneType:Tame,Y,
creature,/Game/PrimalEarth/Dinos/Bigfoot/Bigfoot_Character_BP,Bigfoot_Character_BP,Bigfoot_Character_BP_C,Y,N,,ECheatActorType:Dino; EPrimalMilestoneType:Kill; EPrimalMilestoneType:Tame,Y,
creature,/Game/PrimalEarth/Dinos/Bigfoot/Bigfoot_Character_BP_Aberrant,Bigfoot_Character_BP_Aberrant,Bigfoot_Character_BP_Aberrant_C,Y,N,,ECheatActorType:Dino; EPrimalMilestoneType:Kill; EPrimalMilestoneType:Tame,Y,
creature,/Game/PrimalEarth/Dinos/Bigfoot/Yeti_Character_BP,Yeti_Character_BP,Yeti_Character_BP_C,N,N,,ECheatActorType:Dino; EPrimalMilestoneType:Kill; EPrimalMilestoneType:Tame,Y,
creature,/Game/PrimalEarth/Dinos/BoaFrill/BoaFrill_Character_BP,BoaFrill_Character_BP,BoaFrill_Character_BP_C,Y,N,,ECheatActorType:Dino; EPrimalMilestoneType:Kill; EPrimalMilestoneType:Tame,Y,
creature,/Game/PrimalEarth/Dinos/BoaFrill/BoaFrill_Character_BP_Aberrant,BoaFrill_Character_BP_Aberrant,BoaFrill_Character_BP_Aberrant_C,N,N,,ECheatActorType:Dino; EPrimalMilestoneType:Kill; EPrimalMilestoneType:Tame,Y,
creature,/Game/PrimalEarth/Dinos/Carcharodontosaurus/Carcha_Character_BP,Carcha_Character_BP,Carcha_Character_BP_C,Y,N,,ECheatActorType:Dino; EPrimalMilestoneType:Kill; EPrimalMilestoneType:Tame,Y,
creature,/Game/PrimalEarth/Dinos/Carno/Carno_Character_BP,Carno_Character_BP,Carno_Character_BP_C,Y,N,,ECheatActorType:Dino; EPrimalMilestoneType:Kill; EPrimalMilestoneType:Tame,Y,
creature,/Game/PrimalEarth/Dinos/Carno/Carno_Character_BP_Aberrant,Carno_Character_BP_Aberrant,Carno_Character_BP_Aberrant_C,N,N,,ECheatActorType:Dino; EPrimalMilestoneType:Kill; EPrimalMilestoneType:Tame,Y,
creature,/Game/PrimalEarth/Dinos/Carno/MegaCarno_Character_BP,MegaCarno_Character_BP,MegaCarno_Character_BP_C,N,N,,ECheatActorType:Dino; EPrimalMilestoneType:Kill; EPrimalMilestoneType:Tame,Y,
creature,/Game/PrimalEarth/Dinos/Chalicotherium/Chalico_Character_BP,Chalico_Character_BP,Chalico_Character_BP_C,Y,N,,ECheatActorType:Dino; EPrimalMilestoneType:Kill; EPrimalMilestoneType:Tame,Y,
creature,/Game/PrimalEarth/Dinos/Cnidaria/Cnidaria_Character_BP,Cnidaria_Character_BP,Cnidaria_Character_BP_C,N,N,,ECheatActorType:Dino; EPrimalMilestoneType:Kill; EPrimalMilestoneType:Tame,Y,
creature,/Game/PrimalEarth/Dinos/Cnidaria/Cnidaria_Character_BP_Aberrant,Cnidaria_Character_BP_Aberrant,Cnidaria_Character_BP_Aberrant_C,N,N,,ECheatActorType:Dino; EPrimalMilestoneType:Kill; EPrimalMilestoneType:Tame,Y,
creature,/Game/PrimalEarth/Dinos/Coelacanth/Coel_Character_BP,Coel_Character_BP,Coel_Character_BP_C,Y,N,,ECheatActorType:Dino; EPrimalMilestoneType:Kill; EPrimalMilestoneType:Tame,Y,
creature,/Game/PrimalEarth/Dinos/Coelacanth/Coel_Character_BP_Aberrant,Coel_Character_BP_Aberrant,Coel_Character_BP_Aberrant_C,N,N,,ECheatActorType:Dino; EPrimalMilestoneType:Kill; EPrimalMilestoneType:Tame,Y,
creature,/Game/PrimalEarth/Dinos/Compy/Compy_Character_BP,Compy_Character_BP,Compy_Character_BP_C,N,N,,ECheatActorType:Dino; EPrimalMilestoneType:Kill; EPrimalMilestoneType:Tame,Y,
creature,/Game/PrimalEarth/Dinos/Daeodon/Daeodon_Character_BP,Daeodon_Character_BP,Daeodon_Character_BP_C,N,N,,ECheatActorType:Dino; EPrimalMilestoneType:Kill; EPrimalMilestoneType:Tame,Y,
creature,/Game/PrimalEarth/Dinos/Dilo/Dilo_Character_BP,Dilo_Character_BP,Dilo_Character_BP_C,Y,N,,ECheatActorType:Dino; EPrimalMilestoneType:Kill; EPrimalMilestoneType:Tame,Y,
creature,/Game/PrimalEarth/Dinos/Dimetrodon/Dimetro_Character_BP,Dimetro_Character_BP,Dimetro_Character_BP_C,Y,N,,ECheatActorType:Dino; EPrimalMilestoneType:Kill; EPrimalMilestoneType:Tame,Y,
creature,/Game/PrimalEarth/Dinos/Dimetrodon/Dimetro_Character_BP_Aberrant,Dimetro_Character_BP_Aberrant,Dimetro_Character_BP_Aberrant_C,N,N,,ECheatActorType:Dino; EPrimalMilestoneType:Kill; EPrimalMilestoneType:Tame,Y,
creature,/Game/PrimalEarth/Dinos/Dimorphodon/Dimorph_Character_BP,Dimorph_Character_BP,Dimorph_Character_BP_C,Y,N,,ECheatActorType:Dino; EPrimalMilestoneType:Kill; EPrimalMilestoneType:Tame,Y,
creature,/Game/PrimalEarth/Dinos/Dimorphodon/Dimorph_Character_BP_Aberrant,Dimorph_Character_BP_Aberrant,Dimorph_Character_BP_Aberrant_C,N,N,,ECheatActorType:Dino; EPrimalMilestoneType:Kill; EPrimalMilestoneType:Tame,Y,
creature,/Game/PrimalEarth/Dinos/Diplocaulus/Diplocaulus_Character_BP,Diplocaulus_Character_BP,Diplocaulus_Character_BP_C,Y,N,,ECheatActorType:Dino; EPrimalMilestoneType:Kill; EPrimalMilestoneType:Tame,Y,
creature,/Game/PrimalEarth/Dinos/Diplocaulus/Diplocaulus_Character_BP_Aberrant,Diplocaulus_Character_BP_Aberrant,Diplocaulus_Character_BP_Aberrant_C,N,N,,ECheatActorType:Dino; EPrimalMilestoneType:Kill; EPrimalMilestoneType:Tame,Y,
creature,/Game/PrimalEarth/Dinos/Diplodocus/Diplodocus_Character_BP,Diplodocus_Character_BP,Diplodocus_Character_BP_C,N,N,,ECheatActorType:Dino; EPrimalMilestoneType:Kill; EPrimalMilestoneType:Tame,Y,
creature,/Game/PrimalEarth/Dinos/Diplodocus/Diplodocus_Character_BP_Aberrant,Diplodocus_Character_BP_Aberrant,Diplodocus_Character_BP_Aberrant_C,Y,N,,ECheatActorType:Dino; EPrimalMilestoneType:Kill; EPrimalMilestoneType:Tame,Y,
creature,/Game/PrimalEarth/Dinos/Direbear/Direbear_Character_BP,Direbear_Character_BP,Direbear_Character_BP_C,Y,N,,ECheatActorType:Dino; EPrimalMilestoneType:Kill; EPrimalMilestoneType:Tame,Y,
creature,/Game/PrimalEarth/Dinos/Direbear/Direbear_Character_BP_Aberrant,Direbear_Character_BP_Aberrant,Direbear_Character_BP_Aberrant_C,N,N,,ECheatActorType:Dino; EPrimalMilestoneType:Kill; EPrimalMilestoneType:Tame,Y,
creature,/Game/PrimalEarth/Dinos/Direwolf/Direwolf_Character_BP,Direwolf_Character_BP,Direwolf_Character_BP_C,Y,N,,ECheatActorType:Dino; EPrimalMilestoneType:Kill; EPrimalMilestoneType:Tame,Y,
creature,/Game/PrimalEarth/Dinos/Dodo/Dodo_Character_BP,Dodo_Character_BP,Dodo_Character_BP_C,N,N,,ECheatActorType:Dino; EPrimalMilestoneType:Kill; EPrimalMilestoneType:Tame,Y,
creature,/Game/PrimalEarth/Dinos/Dodo/Dodo_Character_BP_Aberrant,Dodo_Character_BP_Aberrant,Dodo_Character_BP_Aberrant_C,Y,N,,ECheatActorType:Dino; EPrimalMilestoneType:Kill; EPrimalMilestoneType:Tame,Y,
creature,/Game/PrimalEarth/Dinos/Dodo/Dodo_Character_BP_Bunny,Dodo_Character_BP_Bunny,Dodo_Character_BP_Bunny_C,N,N,,ECheatActorType:Dino; EPrimalMilestoneType:Kill; EPrimalMilestoneType:Tame,Y,
creature,/Game/PrimalEarth/Dinos/DodoRex/DodoRex_Character_BP,DodoRex_Character_BP,DodoRex_Character_BP_C,N,N,,ECheatActorType:Dino; EPrimalMilestoneType:Kill; EPrimalMilestoneType:Tame,Y,
creature,/Game/PrimalEarth/Dinos/Doedicurus/Doed_Character_BP,Doed_Character_BP,Doed_Character_BP_C,Y,N,,ECheatActorType:Dino; EPrimalMilestoneType:Kill; EPrimalMilestoneType:Tame,Y,
creature,/Game/PrimalEarth/Dinos/Dolphin/Dolphin_Character_BP,Dolphin_Character_BP,Dolphin_Character_BP_C,Y,N,,ECheatActorType:Dino; EPrimalMilestoneType:Kill; EPrimalMilestoneType:Tame,Y,
creature,/Game/PrimalEarth/Dinos/Dragonfly/Dragonfly_Character_BP,Dragonfly_Character_BP,Dragonfly_Character_BP_C,Y,N,,ECheatActorType:Dino; EPrimalMilestoneType:Kill; EPrimalMilestoneType:Tame,Y,
creature,/Game/PrimalEarth/Dinos/Dragonfly/Dragonfly_Character_BP_Aberrant,Dragonfly_Character_BP_Aberrant,Dragonfly_Character_BP_Aberrant_C,N,N,,ECheatActorType:Dino; EPrimalMilestoneType:Kill; EPrimalMilestoneType:Tame,Y,
creature,/Game/PrimalEarth/Dinos/DungBeetle/DungBeetle_Character_BP,DungBeetle_Character_BP,DungBeetle_Character_BP_C,Y,N,,ECheatActorType:Dino; EPrimalMilestoneType:Kill; EPrimalMilestoneType:Tame,Y,
creature,/Game/PrimalEarth/Dinos/DungBeetle/DungBeetle_Character_BP_Aberrant,DungBeetle_Character_BP_Aberrant,DungBeetle_Character_BP_Aberrant_C,N,N,,ECheatActorType:Dino; EPrimalMilestoneType:Kill; EPrimalMilestoneType:Tame,Y,
creature,/Game/PrimalEarth/Dinos/Dunkleosteus/Dunkle_Character_BP,Dunkle_Character_BP,Dunkle_Character_BP_C,Y,N,,ECheatActorType:Dino; EPrimalMilestoneType:Kill; EPrimalMilestoneType:Tame,Y,
creature,/Game/PrimalEarth/Dinos/Eel/Eel_Character_BP,Eel_Character_BP,Eel_Character_BP_C,N,N,,ECheatActorType:Dino; EPrimalMilestoneType:Kill; EPrimalMilestoneType:Tame,Y,
creature,/Game/PrimalEarth/Dinos/Eel/Eel_Character_BP_Aberrant,Eel_Character_BP_Aberrant,Eel_Character_BP_Aberrant_C,N,N,,ECheatActorType:Dino; EPrimalMilestoneType:Kill; EPrimalMilestoneType:Tame,Y,
creature,/Game/PrimalEarth/Dinos/Equus/Equus_Character_BP,Equus_Character_BP,Equus_Character_BP_C,Y,N,,ECheatActorType:Dino; EPrimalMilestoneType:Kill; EPrimalMilestoneType:Tame,Y,
creature,/Game/PrimalEarth/Dinos/Equus/Equus_Character_BP_Aberrant,Equus_Character_BP_Aberrant,Equus_Character_BP_Aberrant_C,Y,N,,ECheatActorType:Dino; EPrimalMilestoneType:Kill; EPrimalMilestoneType:Tame,Y,
creature,/Game/PrimalEarth/Dinos/Equus/Equus_Character_BP_Unicorn,Equus_Character_BP_Unicorn,Equus_Character_BP_Unicorn_C,Y,N,,ECheatActorType:Dino; EPrimalMilestoneType:Kill; EPrimalMilestoneType:Tame,Y,
creature,/Game/PrimalEarth/Dinos/Eurypterid/Euryp_Character,Euryp_Character,Euryp_Character_C,N,N,,EPrimalMilestoneType:Kill; EPrimalMilestoneType:Tame,Y,
creature,/Game/PrimalEarth/Dinos/Gallimimus/Galli_Character_BP,Galli_Character_BP,Galli_Character_BP_C,N,N,,ECheatActorType:Dino; EPrimalMilestoneType:Kill; EPrimalMilestoneType:Tame,Y,
creature,/Game/PrimalEarth/Dinos/Giganotosaurus/Gigant_Character_BP,Gigant_Character_BP,Gigant_Character_BP_C,N,N,,ECheatActorType:Dino; EPrimalMilestoneType:Kill; EPrimalMilestoneType:Tame,Y,
creature,/Game/PrimalEarth/Dinos/Griffin/Griffin_Character_BP,Griffin_Character_BP,Griffin_Character_BP_C,N,N,,ECheatActorType:Dino; EPrimalMilestoneType:Kill; EPrimalMilestoneType:Tame,Y,
creature,/Game/PrimalEarth/Dinos/Hesperornis/Hesperornis_Character_BP,Hesperornis_Character_BP,Hesperornis_Character_BP_C,N,N,,ECheatActorType:Dino; EPrimalMilestoneType:Kill; EPrimalMilestoneType:Tame,Y,
creature,/Game/PrimalEarth/Dinos/Hyaenodon/Hyaenodon_Character_BP,Hyaenodon_Character_BP,Hyaenodon_Character_BP_C,N,N,,ECheatActorType:Dino; EPrimalMilestoneType:Kill; EPrimalMilestoneType:Tame,Y,
creature,/Game/PrimalEarth/Dinos/Ichthyornis/Ichthyornis_Character_BP,Ichthyornis_Character_BP,Ichthyornis_Character_BP_C,N,N,,ECheatActorType:Dino; EPrimalMilestoneType:Kill; EPrimalMilestoneType:Tame,Y,
creature,/Game/PrimalEarth/Dinos/Iguanodon/Iguanodon_Character_BP,Iguanodon_Character_BP,Iguanodon_Character_BP_C,Y,N,,ECheatActorType:Dino; EPrimalMilestoneType:Kill; EPrimalMilestoneType:Tame,Y,
creature,/Game/PrimalEarth/Dinos/Iguanodon/Iguanodon_Character_BP_Aberrant,Iguanodon_Character_BP_Aberrant,Iguanodon_Character_BP_Aberrant_C,N,N,,ECheatActorType:Dino; EPrimalMilestoneType:Kill; EPrimalMilestoneType:Tame,Y,
creature,/Game/PrimalEarth/Dinos/Kairuku/Kairuku_Character_BP,Kairuku_Character_BP,Kairuku_Character_BP_C,Y,N,,ECheatActorType:Dino; EPrimalMilestoneType:Kill; EPrimalMilestoneType:Tame,Y,
creature,/Game/PrimalEarth/Dinos/Kaprosuchus/Kaprosuchus_Character_BP,Kaprosuchus_Character_BP,Kaprosuchus_Character_BP_C,Y,N,,ECheatActorType:Dino; EPrimalMilestoneType:Kill; EPrimalMilestoneType:Tame,Y,
creature,/Game/PrimalEarth/Dinos/Kentrosaurus/Kentro_Character_BP,Kentro_Character_BP,Kentro_Character_BP_C,N,N,,ECheatActorType:Dino; EPrimalMilestoneType:Kill; EPrimalMilestoneType:Tame,Y,
creature,/Game/PrimalEarth/Dinos/Leech/Leech_Character,Leech_Character,Leech_Character_C,Y,N,,EPrimalMilestoneType:Kill; EPrimalMilestoneType:Tame,Y,
creature,/Game/PrimalEarth/Dinos/Leech/Leech_Character_Diseased,Leech_Character_Diseased,Leech_Character_Diseased_C,N,N,,EPrimalMilestoneType:Kill; EPrimalMilestoneType:Tame,Y,
creature,/Game/PrimalEarth/Dinos/Leedsichthys/Leedsichthys_Character_BP,Leedsichthys_Character_BP,Leedsichthys_Character_BP_C,N,N,,ECheatActorType:Dino; EPrimalMilestoneType:Kill; EPrimalMilestoneType:Tame,Y,
creature,/Game/PrimalEarth/Dinos/Liopleurodon/Liopleurodon_Character_BP,Liopleurodon_Character_BP,Liopleurodon_Character_BP_C,N,N,,ECheatActorType:Dino; EPrimalMilestoneType:Kill; EPrimalMilestoneType:Tame,Y,
creature,/Game/PrimalEarth/Dinos/Lystrosaurus/Lystro_Character_BP,Lystro_Character_BP,Lystro_Character_BP_C,N,N,,ECheatActorType:Dino; EPrimalMilestoneType:Kill; EPrimalMilestoneType:Tame,Y,
creature,/Game/PrimalEarth/Dinos/Lystrosaurus/Lystro_Character_BP_Aberrant,Lystro_Character_BP_Aberrant,Lystro_Character_BP_Aberrant_C,Y,N,,ECheatActorType:Dino; EPrimalMilestoneType:Kill; EPrimalMilestoneType:Tame,Y,
creature,/Game/PrimalEarth/Dinos/Mammoth/Mammoth_Character_BP,Mammoth_Character_BP,Mammoth_Character_BP_C,Y,N,,ECheatActorType:Dino; EPrimalMilestoneType:Kill; EPrimalMilestoneType:Tame,Y,
creature,/Game/PrimalEarth/Dinos/Manta/Manta_Character_BP,Manta_Character_BP,Manta_Character_BP_C,N,N,,ECheatActorType:Dino; EPrimalMilestoneType:Kill; EPrimalMilestoneType:Tame,Y,
creature,/Game/PrimalEarth/Dinos/Manta/Manta_Character_BP_Aberrant,Manta_Character_BP_Aberrant,Manta_Character_BP_Aberrant_C,N,N,,ECheatActorType:Dino; EPrimalMilestoneType:Kill; EPrimalMilestoneType:Tame,Y,
creature,/Game/PrimalEarth/Dinos/Megalania/Megalania_Character_BP,Megalania_Character_BP,Megalania_Character_BP_C,Y,N,,ECheatActorType:Dino; EPrimalMilestoneType:Kill; EPrimalMilestoneType:Tame,Y,
creature,/Game/PrimalEarth/Dinos/Megalodon/Megalodon_Character_BP,Megalodon_Character_BP,Megalodon_Character_BP_C,Y,N,,ECheatActorType:Dino; EPrimalMilestoneType:Kill; EPrimalMilestoneType:Tame,Y,
creature,/Game/PrimalEarth/Dinos/Megalosaurus/Megalosaurus_Character_BP,Megalosaurus_Character_BP,Megalosaurus_Character_BP_C,N,N,,ECheatActorType:Dino; EPrimalMilestoneType:Kill; EPrimalMilestoneType:Tame,Y,
creature,/Game/PrimalEarth/Dinos/Megalosaurus/Megalosaurus_Character_BP_Aberrant,Megalosaurus_Character_BP_Aberrant,Megalosaurus_Character_BP_Aberrant_C,Y,N,,ECheatActorType:Dino; EPrimalMilestoneType:Kill; EPrimalMilestoneType:Tame,Y,
creature,/Game/PrimalEarth/Dinos/Megatherium/Megatherium_Character_BP,Megatherium_Character_BP,Megatherium_Character_BP_C,N,N,,ECheatActorType:Dino; EPrimalMilestoneType:Kill; EPrimalMilestoneType:Tame,Y,
creature,/Game/PrimalEarth/Dinos/Microraptor/Microraptor_Character_BP,Microraptor_Character_BP,Microraptor_Character_BP_C,N,N,,ECheatActorType:Dino; EPrimalMilestoneType:Kill; EPrimalMilestoneType:Tame,Y,
creature,/Game/PrimalEarth/Dinos/Monkey/Monkey_Character_BP,Monkey_Character_BP,Monkey_Character_BP_C,Y,N,,ECheatActorType:Dino; EPrimalMilestoneType:Kill; EPrimalMilestoneType:Tame,Y,
creature,/Game/PrimalEarth/Dinos/Mosasaurus/Mosa_Character_BP,Mosa_Character_BP,Mosa_Character_BP_C,Y,N,,ECheatActorType:Dino; EPrimalMilestoneType:Kill; EPrimalMilestoneType:Tame,Y,
creature,/Game/PrimalEarth/Dinos/Moschops/Moschops_Character_BP,Moschops_Character_BP,Moschops_Character_BP_C,Y,N,,ECheatActorType:Dino; EPrimalMilestoneType:Kill; EPrimalMilestoneType:Tame,Y,
creature,/Game/PrimalEarth/Dinos/Moschops/Moschops_Character_BP_Aberrant,Moschops_Character_BP_Aberrant,Moschops_Character_BP_Aberrant_C,N,N,,ECheatActorType:Dino; EPrimalMilestoneType:Kill; EPrimalMilestoneType:Tame,Y,
creature,/Game/PrimalEarth/Dinos/Otter/Otter_Character_BP,Otter_Character_BP,Otter_Character_BP_C,Y,N,,ECheatActorType:Dino; EPrimalMilestoneType:Kill; EPrimalMilestoneType:Tame,Y,
creature,/Game/PrimalEarth/Dinos/Otter/Otter_Character_BP_Aberrant,Otter_Character_BP_Aberrant,Otter_Character_BP_Aberrant_C,Y,N,,ECheatActorType:Dino; EPrimalMilestoneType:Kill; EPrimalMilestoneType:Tame,Y,
creature,/Game/PrimalEarth/Dinos/Oviraptor/BunnyOviraptor_Character_BP,BunnyOviraptor_Character_BP,BunnyOviraptor_Character_BP_C,N,N,,ECheatActorType:Dino; EPrimalMilestoneType:Kill; EPrimalMilestoneType:Tame,Y,
creature,/Game/PrimalEarth/Dinos/Oviraptor/Oviraptor_Character_BP,Oviraptor_Character_BP,Oviraptor_Character_BP_C,Y,N,,ECheatActorType:Dino; EPrimalMilestoneType:Kill; EPrimalMilestoneType:Tame,Y,
creature,/Game/PrimalEarth/Dinos/Pachy/Pachy_Character_BP,Pachy_Character_BP,Pachy_Character_BP_C,Y,N,,ECheatActorType:Dino; EPrimalMilestoneType:Kill; EPrimalMilestoneType:Tame,Y,
creature,/Game/PrimalEarth/Dinos/Pachyrhinosaurus/Pachyrhino_Character_BP,Pachyrhino_Character_BP,Pachyrhino_Character_BP_C,N,N,,ECheatActorType:Dino; EPrimalMilestoneType:Kill; EPrimalMilestoneType:Tame,Y,
creature,/Game/PrimalEarth/Dinos/Para/BionicPara_Character_BP,BionicPara_Character_BP,BionicPara_Character_BP_C,N,N,,ECheatActorType:Dino; EPrimalMilestoneType:Kill; EPrimalMilestoneType:Tame,Y,
creature,/Game/PrimalEarth/Dinos/Para/Para_Character_BP,Para_Character_BP,Para_Character_BP_C,N,N,,ECheatActorType:Dino; EPrimalMilestoneType:Kill; EPrimalMilestoneType:Tame,Y,
creature,/Game/PrimalEarth/Dinos/Para/Para_Character_BP_Aberrant,Para_Character_BP_Aberrant,Para_Character_BP_Aberrant_C,N,N,,ECheatActorType:Dino; EPrimalMilestoneType:Kill; EPrimalMilestoneType:Tame,Y,
creature,/Game/PrimalEarth/Dinos/Paraceratherium/Paracer_Character_BP,Paracer_Character_BP,Paracer_Character_BP_C,Y,N,,ECheatActorType:Dino; EPrimalMilestoneType:Kill; EPrimalMilestoneType:Tame,Y,
creature,/Game/PrimalEarth/Dinos/Paraceratherium/Paracer_Character_BP_Aberrant,Paracer_Character_BP_Aberrant,Paracer_Character_BP_Aberrant_C,Y,N,,ECheatActorType:Dino; EPrimalMilestoneType:Kill; EPrimalMilestoneType:Tame,Y,
creature,/Game/PrimalEarth/Dinos/Pegomastax/Pegomastax_Character_BP,Pegomastax_Character_BP,Pegomastax_Character_BP_C,Y,N,,ECheatActorType:Dino; EPrimalMilestoneType:Kill; EPrimalMilestoneType:Tame,Y,
creature,/Game/PrimalEarth/Dinos/Pelagornis/Pela_Character_BP,Pela_Character_BP,Pela_Character_BP_C,Y,N,,ECheatActorType:Dino; EPrimalMilestoneType:Kill; EPrimalMilestoneType:Tame,Y,
creature,/Game/PrimalEarth/Dinos/Phiomia/Phiomia_Character_BP,Phiomia_Character_BP,Phiomia_Character_BP_C,Y,N,,ECheatActorType:Dino; EPrimalMilestoneType:Kill; EPrimalMilestoneType:Tame,Y,
creature,/Game/PrimalEarth/Dinos/Piranha/Piranha_Character_BP,Piranha_Character_BP,Piranha_Character_BP_C,Y,N,,ECheatActorType:Dino; EPrimalMilestoneType:Kill; EPrimalMilestoneType:Tame,Y,
creature,/Game/PrimalEarth/Dinos/Piranha/Piranha_Character_BP_Aberrant,Piranha_Character_BP_Aberrant,Piranha_Character_BP_Aberrant_C,N,N,,ECheatActorType:Dino; EPrimalMilestoneType:Kill; EPrimalMilestoneType:Tame,Y,
creature,/Game/PrimalEarth/Dinos/Plesiosaur/Plesiosaur_Character_BP,Plesiosaur_Character_BP,Plesiosaur_Character_BP_C,Y,N,,ECheatActorType:Dino; EPrimalMilestoneType:Kill; EPrimalMilestoneType:Tame,Y,
creature,/Game/PrimalEarth/Dinos/Procoptodon/Procoptodon_Character_BP,Procoptodon_Character_BP,Procoptodon_Character_BP_C,Y,N,,ECheatActorType:Dino; EPrimalMilestoneType:Kill; EPrimalMilestoneType:Tame,Y,
creature,/Game/PrimalEarth/Dinos/Ptero/Ptero_Character_BP,Ptero_Character_BP,Ptero_Character_BP_C,N,N,,ECheatActorType:Dino; EPrimalMilestoneType:Kill; EPrimalMilestoneType:Tame,Y,
creature,/Game/PrimalEarth/Dinos/Purlovia/Purlovia_Character_BP,Purlovia_Character_BP,Purlovia_Character_BP_C,Y,N,,ECheatActorType:Dino; EPrimalMilestoneType:Kill; EPrimalMilestoneType:Tame,Y,
creature,/Game/PrimalEarth/Dinos/Purlovia/Purlovia_Character_BP_Aberrant,Purlovia_Character_BP_Aberrant,Purlovia_Character_BP_Aberrant_C,N,N,,ECheatActorType:Dino; EPrimalMilestoneType:Kill; EPrimalMilestoneType:Tame,Y,
creature,/Game/PrimalEarth/Dinos/Quetzalcoatlus/BionicQuetz_Character_BP,BionicQuetz_Character_BP,BionicQuetz_Character_BP_C,N,N,,ECheatActorType:Dino; EPrimalMilestoneType:Kill; EPrimalMilestoneType:Tame,Y,
creature,/Game/PrimalEarth/Dinos/Quetzalcoatlus/Quetz_Character_BP,Quetz_Character_BP,Quetz_Character_BP_C,Y,N,,ECheatActorType:Dino; EPrimalMilestoneType:Kill; EPrimalMilestoneType:Tame,Y,
creature,/Game/PrimalEarth/Dinos/Raptor/BionicRaptor_Character_BP,BionicRaptor_Character_BP,BionicRaptor_Character_BP_C,Y,N,,ECheatActorType:Dino; EPrimalMilestoneType:Kill; EPrimalMilestoneType:Tame,Y,
creature,/Game/PrimalEarth/Dinos/Raptor/MegaRaptor_Character_BP,MegaRaptor_Character_BP,MegaRaptor_Character_BP_C,N,N,,ECheatActorType:Dino; EPrimalMilestoneType:Kill; EPrimalMilestoneType:Tame,Y,
creature,/Game/PrimalEarth/Dinos/Raptor/Raptor_Character_BP,Raptor_Character_BP,Raptor_Character_BP_C,Y,N,,ECheatActorType:Dino; EPrimalMilestoneType:Kill; EPrimalMilestoneType:Tame,Y,
creature,/Game/PrimalEarth/Dinos/Raptor/Raptor_Character_BP_Aberrant,Raptor_Character_BP_Aberrant,Raptor_Character_BP_Aberrant_C,N,N,,ECheatActorType:Dino; EPrimalMilestoneType:Kill; EPrimalMilestoneType:Tame,Y,
creature,/Game/PrimalEarth/Dinos/Rex/BionicRex_Character_BP,BionicRex_Character_BP,BionicRex_Character_BP_C,Y,N,,ECheatActorType:Dino; EPrimalMilestoneType:Kill; EPrimalMilestoneType:Tame,Y,
creature,/Game/PrimalEarth/Dinos/Rex/MegaRex_Character_BP,MegaRex_Character_BP,MegaRex_Character_BP_C,Y,N,,ECheatActorType:Dino; EPrimalMilestoneType:Kill; EPrimalMilestoneType:Tame,Y,
creature,/Game/PrimalEarth/Dinos/Rex/Rex_Character_BP,Rex_Character_BP,Rex_Character_BP_C,Y,N,,ECheatActorType:Dino; EPrimalMilestoneType:Kill; EPrimalMilestoneType:Tame,Y,
creature,/Game/PrimalEarth/Dinos/Saber/Saber_Character_BP,Saber_Character_BP,Saber_Character_BP_C,Y,N,,ECheatActorType:Dino; EPrimalMilestoneType:Kill; EPrimalMilestoneType:Tame,Y,
creature,/Game/PrimalEarth/Dinos/Salmon/Salmon_Character_Aberrant,Salmon_Character_Aberrant,Salmon_Character_Aberrant_C,N,N,,EPrimalMilestoneType:Kill; EPrimalMilestoneType:Tame,Y,
creature,/Game/PrimalEarth/Dinos/Salmon/Salmon_Character_BP,Salmon_Character_BP,Salmon_Character_BP_C,N,N,,ECheatActorType:Dino; EPrimalMilestoneType:Kill; EPrimalMilestoneType:Tame,Y,
creature,/Game/PrimalEarth/Dinos/Sarco/Sarco_Character_BP,Sarco_Character_BP,Sarco_Character_BP_C,Y,N,,ECheatActorType:Dino; EPrimalMilestoneType:Kill; EPrimalMilestoneType:Tame,Y,
creature,/Game/PrimalEarth/Dinos/Sarco/Sarco_Character_BP_Aberrant,Sarco_Character_BP_Aberrant,Sarco_Character_BP_Aberrant_C,N,N,,ECheatActorType:Dino; EPrimalMilestoneType:Kill; EPrimalMilestoneType:Tame,Y,
creature,/Game/PrimalEarth/Dinos/Sauropod/Sauropod_Character_BP,Sauropod_Character_BP,Sauropod_Character_BP_C,Y,N,,ECheatActorType:Dino; EPrimalMilestoneType:Kill; EPrimalMilestoneType:Tame,Y,
creature,/Game/PrimalEarth/Dinos/Scorpion/Scorpion_Character_BP,Scorpion_Character_BP,Scorpion_Character_BP_C,N,N,,ECheatActorType:Dino; EPrimalMilestoneType:Kill; EPrimalMilestoneType:Tame,Y,
creature,/Game/PrimalEarth/Dinos/Scorpion/Scorpion_Character_BP_Aberrant,Scorpion_Character_BP_Aberrant,Scorpion_Character_BP_Aberrant_C,N,N,,ECheatActorType:Dino; EPrimalMilestoneType:Kill; EPrimalMilestoneType:Tame,Y,
creature,/Game/PrimalEarth/Dinos/Sheep/Sheep_Character_BP,Sheep_Character_BP,Sheep_Character_BP_C,Y,N,,ECheatActorType:Dino; EPrimalMilestoneType:Kill; EPrimalMilestoneType:Tame,Y,
creature,/Game/PrimalEarth/Dinos/Sheep/Sheep_Character_BP_Aberrant,Sheep_Character_BP_Aberrant,Sheep_Character_BP_Aberrant_C,Y,N,,ECheatActorType:Dino; EPrimalMilestoneType:Kill; EPrimalMilestoneType:Tame,Y,
creature,/Game/PrimalEarth/Dinos/Spider,Spider,Spider_C,N,N,,EPrimalMilestoneType:Kill; EPrimalMilestoneType:Tame,Y,
creature,/Game/PrimalEarth/Dinos/Spino/Spino_Character_BP,Spino_Character_BP,Spino_Character_BP_C,N,N,,ECheatActorType:Dino; EPrimalMilestoneType:Kill; EPrimalMilestoneType:Tame,Y,
creature,/Game/PrimalEarth/Dinos/Spino/Spino_Character_BP_Aberrant,Spino_Character_BP_Aberrant,Spino_Character_BP_Aberrant_C,Y,N,,ECheatActorType:Dino; EPrimalMilestoneType:Kill; EPrimalMilestoneType:Tame,Y,
creature,/Game/PrimalEarth/Dinos/Stag/Stag_Character_BP,Stag_Character_BP,Stag_Character_BP_C,Y,N,,ECheatActorType:Dino; EPrimalMilestoneType:Kill; EPrimalMilestoneType:Tame,Y,
creature,/Game/PrimalEarth/Dinos/Stego/BionicStego_Character_BP,BionicStego_Character_BP,BionicStego_Character_BP_C,Y,N,,ECheatActorType:Dino; EPrimalMilestoneType:Kill; EPrimalMilestoneType:Tame,Y,
creature,/Game/PrimalEarth/Dinos/Stego/Stego_Character_BP,Stego_Character_BP,Stego_Character_BP_C,Y,N,,ECheatActorType:Dino; EPrimalMilestoneType:Kill; EPrimalMilestoneType:Tame,Y,
creature,/Game/PrimalEarth/Dinos/Stego/Stego_Character_BP_Aberrant,Stego_Character_BP_Aberrant,Stego_Character_BP_Aberrant_C,N,N,,ECheatActorType:Dino; EPrimalMilestoneType:Kill; EPrimalMilestoneType:Tame,Y,
creature,/Game/PrimalEarth/Dinos/Tapejara/Tapejara_Character_BP,Tapejara_Character_BP,Tapejara_Character_BP_C,Y,N,,ECheatActorType:Dino; EPrimalMilestoneType:Kill; EPrimalMilestoneType:Tame,Y,
creature,/Game/PrimalEarth/Dinos/TerrorBird/TerrorBird_Character_BP,TerrorBird_Character_BP,TerrorBird_Character_BP_C,N,N,,ECheatActorType:Dino; EPrimalMilestoneType:Kill; EPrimalMilestoneType:Tame,Y,
creature,/Game/PrimalEarth/Dinos/Therizinosaurus/Therizino_Character_BP,Therizino_Character_BP,Therizino_Character_BP_C,N,N,,ECheatActorType:Dino; EPrimalMilestoneType:Kill; EPrimalMilestoneType:Tame,Y,
creature,/Game/PrimalEarth/Dinos/Thylacoleo/Thylacoleo_Character_BP,Thylacoleo_Character_BP,Thylacoleo_Character_BP_C,N,N,,ECheatActorType:Dino; EPrimalMilestoneType:Kill; EPrimalMilestoneType:Tame,Y,
creature,/Game/PrimalEarth/Dinos/Titanosaur/Titanosaur_Character_BP,Titanosaur_Character_BP,Titanosaur_Character_BP_C,N,N,,ECheatActorType:Dino; EPrimalMilestoneType:Kill; EPrimalMilestoneType:Tame,Y,
creature,/Game/PrimalEarth/Dinos/Toad/Toad_Character_BP,Toad_Character_BP,Toad_Character_BP_C,Y,N,,ECheatActorType:Dino; EPrimalMilestoneType:Kill; EPrimalMilestoneType:Tame,Y,
creature,/Game/PrimalEarth/Dinos/Toad/Toad_Character_BP_Aberrant,Toad_Character_BP_Aberrant,Toad_Character_BP_Aberrant_C,N,N,,ECheatActorType:Dino; EPrimalMilestoneType:Kill; EPrimalMilestoneType:Tame,Y,
creature,/Game/PrimalEarth/Dinos/Trike/Trike_Character_BP,Trike_Character_BP,Trike_Character_BP_C,Y,N,,ECheatActorType:Dino; EPrimalMilestoneType:Kill; EPrimalMilestoneType:Tame,Y,
creature,/Game/PrimalEarth/Dinos/Trike/Trike_Character_BP_Aberrant,Trike_Character_BP_Aberrant,Trike_Character_BP_Aberrant_C,N,N,,ECheatActorType:Dino; EPrimalMilestoneType:Kill; EPrimalMilestoneType:Tame,Y,
creature,/Game/PrimalEarth/Dinos/Trilobite/Trilobite_Character,Trilobite_Character,Trilobite_Character_C,N,N,,EPrimalMilestoneType:Kill; EPrimalMilestoneType:Tame,Y,
creature,/Game/PrimalEarth/Dinos/Trilobite/Trilobite_Character_Aberrant,Trilobite_Character_Aberrant,Trilobite_Character_Aberrant_C,N,N,,EPrimalMilestoneType:Kill; EPrimalMilestoneType:Tame,Y,
creature,/Game/PrimalEarth/Dinos/Troodon/Troodon_Character_BP,Troodon_Character_BP,Troodon_Character_BP_C,Y,N,,ECheatActorType:Dino; EPrimalMilestoneType:Kill; EPrimalMilestoneType:Tame,Y,
creature,/Game/PrimalEarth/Dinos/Turtle/Turtle_Character_BP,Turtle_Character_BP,Turtle_Character_BP_C,Y,N,,ECheatActorType:Dino; EPrimalMilestoneType:Kill; EPrimalMilestoneType:Tame,Y,
creature,/Game/PrimalEarth/Dinos/Turtle/Turtle_Character_BP_Aberrant,Turtle_Character_BP_Aberrant,Turtle_Character_BP_Aberrant_C,Y,N,,ECheatActorType:Dino; EPrimalMilestoneType:Kill; EPrimalMilestoneType:Tame,Y,
creature,/Game/PrimalEarth/Dinos/Tusoteuthis/Tusoteuthis_Character_BP,Tusoteuthis_Character_BP,Tusoteuthis_Character_BP_C,Y,N,,ECheatActorType:Dino; EPrimalMilestoneType:Kill; EPrimalMilestoneType:Tame,Y,
creature,/Game/PrimalEarth/Dinos/WoollyRhino/Rhino_Character_BP,Rhino_Character_BP,Rhino_Character_BP_C,Y,N,,ECheatActorType:Dino; EPrimalMilestoneType:Kill; EPrimalMilestoneType:Tame,Y,
creature,/Game/PrimalEarth/Dinos/Yutyrannus/Yutyrannus_Character_BP,Yutyrannus_Character_BP,Yutyrannus_Character_BP_C,Y,N,,ECheatActorType:Dino; EPrimalMilestoneType:Kill; EPrimalMilestoneType:Tame,Y,
creature,/Game/ScorchedEarth/Dinos/Camelsaurus/camelsaurus_Character_BP,camelsaurus_Character_BP,camelsaurus_Character_BP_C,N,N,,ECheatActorType:Dino; EPrimalMilestoneType:Kill; EPrimalMilestoneType:Tame,Y,
creature,/Game/ScorchedEarth/Dinos/Camelsaurus/PrimalItemArmor_CamelsaurusSaddle,PrimalItemArmor_CamelsaurusSaddle,PrimalItemArmor_CamelsaurusSaddle_C,Y,N,Equipment,EPrimalItemType:Equipment; EPrimalMilestoneType:Kill; EPrimalMilestoneType:Tame,Y,
creature,/Game/ScorchedEarth/Dinos/Deathworm/Deathworm_Character_BP,Deathworm_Character_BP,Deathworm_Character_BP_C,N,N,,ECheatActorType:Dino; EPrimalMilestoneType:Kill; EPrimalMilestoneType:Tame,Y,
creature,/Game/ScorchedEarth/Dinos/Deathworm/MegaDeathworm_Character_BP,MegaDeathworm_Character_BP,MegaDeathworm_Character_BP_C,N,N,,ECheatActorType:Dino; EPrimalMilestoneType:Kill; EPrimalMilestoneType:Tame,Y,
creature,/Game/ScorchedEarth/Dinos/DodoWyvern/DodoWyvern_Character_BP,DodoWyvern_Character_BP,DodoWyvern_Character_BP_C,N,N,,ECheatActorType:Dino; EPrimalMilestoneType:Kill; EPrimalMilestoneType:Tame,Y,
creature,/Game/ScorchedEarth/Dinos/Jerboa/Jerboa_Character_BP,Jerboa_Character_BP,Jerboa_Character_BP_C,N,N,,ECheatActorType:Dino; EPrimalMilestoneType:Kill; EPrimalMilestoneType:Tame,Y,
creature,/Game/ScorchedEarth/Dinos/JugBug/Jugbug_Oil_Character_BP,Jugbug_Oil_Character_BP,Jugbug_Oil_Character_BP_C,N,N,,ECheatActorType:Dino; EPrimalMilestoneType:Kill; EPrimalMilestoneType:Tame,Y,
creature,/Game/ScorchedEarth/Dinos/JugBug/Jugbug_Water_Character_BP,Jugbug_Water_Character_BP,Jugbug_Water_Character_BP_C,N,N,,ECheatActorType:Dino; EPrimalMilestoneType:Kill; EPrimalMilestoneType:Tame,Y,
creature,/Game/ScorchedEarth/Dinos/Manticore/Manticore_Character_BP,Manticore_Character_BP,Manticore_Character_BP_C,N,N,,ECheatActorType:Dino; EPrimalMilestoneType:Kill; EPrimalMilestoneType:Tame,Y,
creature,/Game/ScorchedEarth/Dinos/Manticore/Minions/Deathworm_Character_Minion_BP,Deathworm_Character_Minion_BP,Deathworm_Character_Minion_BP_C,N,N,,ECheatActorType:Wild; EPrimalMilestoneType:Kill; EPrimalMilestoneType:Tame,Y,
creature,/Game/ScorchedEarth/Dinos/Manticore/RockGolem_Character_Minion_BP,RockGolem_Character_Minion_BP,RockGolem_Character_Minion_BP_C,N,N,,ECheatActorType:Wild; EPrimalMilestoneType:Kill; EPrimalMilestoneType:Tame,Y,
creature,/Game/ScorchedEarth/Dinos/Mantis/Mantis_Character_BP,Mantis_Character_BP,Mantis_Character_BP_C,Y,N,,ECheatActorType:Dino; EPrimalMilestoneType:Kill; EPrimalMilestoneType:Tame,Y,
creature,/Game/ScorchedEarth/Dinos/Mantis/PrimalItemArmor_MantisSaddle,PrimalItemArmor_MantisSaddle,PrimalItemArmor_MantisSaddle_C,Y,N,Equipment,EPrimalItemType:Equipment; EPrimalMilestoneType:Kill; EPrimalMilestoneType:Tame,Y,
creature,/Game/ScorchedEarth/Dinos/Moth/Moth_Character_BP,Moth_Character_BP,Moth_Character_BP_C,N,N,,ECheatActorType:Dino; EPrimalMilestoneType:Kill; EPrimalMilestoneType:Tame,Y,
creature,/Game/ScorchedEarth/Dinos/Moth/PrimalItemArmor_MothSaddle,PrimalItemArmor_MothSaddle,PrimalItemArmor_MothSaddle_C,Y,N,Equipment,EPrimalItemType:Equipment; EPrimalMilestoneType:Kill; EPrimalMilestoneType:Tame,Y,
creature,/Game/ScorchedEarth/Dinos/Phoenix/Phoenix_Character_BP,Phoenix_Character_BP,Phoenix_Character_BP_C,N,N,,ECheatActorType:Dino; EPrimalMilestoneType:Kill; EPrimalMilestoneType:Tame,Y,
creature,/Game/ScorchedEarth/Dinos/RockGolem/PrimalItemArmor_RockGolemSaddle,PrimalItemArmor_RockGolemSaddle,PrimalItemArmor_RockGolemSaddle_C,Y,N,Equipment,EPrimalItemType:Equipment; EPrimalMilestoneType:Kill; EPrimalMilestoneType:Tame,Y,
creature,/Game/ScorchedEarth/Dinos/RockGolem/RockGolem_Character_BP,RockGolem_Character_BP,RockGolem_Character_BP_C,N,N,,ECheatActorType:Dino; EPrimalMilestoneType:Kill; EPrimalMilestoneType:Tame,Y,
creature,/Game/ScorchedEarth/Dinos/RockGolem/RubbleGolem_Character_BP,RubbleGolem_Character_BP,RubbleGolem_Character_BP_C,N,N,,ECheatActorType:Dino; EPrimalMilestoneType:Kill; EPrimalMilestoneType:Tame,Y,
creature,/Game/ScorchedEarth/Dinos/SpineyLizard/PrimalItemArmor_SpineyLizardSaddle,PrimalItemArmor_SpineyLizardSaddle,PrimalItemArmor_SpineyLizardSaddle_C,Y,N,Equipment,EPrimalItemType:Equipment; EPrimalMilestoneType:Kill; EPrimalMilestoneType:Tame,Y,
creature,/Game/ScorchedEarth/Dinos/SpineyLizard/SpineyLizard_Character_BP,SpineyLizard_Character_BP,SpineyLizard_Character_BP_C,N,N,,ECheatActorType:Dino; EPrimalMilestoneType:Kill; EPrimalMilestoneType:Tame,Y,
creature,/Game/ScorchedEarth/Dinos/Vulture/Vulture_Character_BP,Vulture_Character_BP,Vulture_Character_BP_C,Y,N,,ECheatActorType:Dino; EPrimalMilestoneType:Kill; EPrimalMilestoneType:Tame,Y,
creature,/Game/ScorchedEarth/Dinos/Wyvern/MegaWyvern_Character_BP_Fire,MegaWyvern_Character_BP_Fire,MegaWyvern_Character_BP_Fire_C,N,N,,ECheatActorType:Dino; EPrimalMilestoneType:Kill; EPrimalMilestoneType:Tame,Y,
creature,/Game/ScorchedEarth/Dinos/Wyvern/Wyvern_Character_BP_Fire,Wyvern_Character_BP_Fire,Wyvern_Character_BP_Fire_C,Y,N,,ECheatActorType:Dino; EPrimalMilestoneType:Kill; EPrimalMilestoneType:Tame,Y,
creature,/Game/ScorchedEarth/Dinos/Wyvern/Wyvern_Character_BP_Lightning,Wyvern_Character_BP_Lightning,Wyvern_Character_BP_Lightning_C,N,N,,ECheatActorType:Dino; EPrimalMilestoneType:Kill; EPrimalMilestoneType:Tame,Y,
